Name,CBO,NOC,WMC,RFC,DIT,LCOM,SLOC,change
org.apache.click.ActionEventDispatcher,9,0,15,28,0,82,151,yes
org.apache.click.ClickRequestWrapper,16,0,9,22,1,58,135,yes
org.apache.click.ClickServlet,48,1,40,53,1,90,883,yes
org.apache.click.ClickServletTest,5,0,2,15,1,0,18,yes
org.apache.click.Context,22,1,47,60,0,90,310,yes
org.apache.click.ContextTest,4,0,1,14,1,0,17,no
org.apache.click.control.AbstractContainer,11,12,21,79,1,95,141,no
org.apache.click.control.AbstractContainerTest,11,0,2,15,1,0,104,yes
org.apache.click.control.AbstractControl,26,11,45,58,0,96,344,yes
org.apache.click.control.AbstractLink,12,3,28,86,1,93,238,yes
org.apache.click.control.AbstractLinkTest,5,0,2,15,1,0,17,yes
org.apache.click.control.ActionButton,12,0,25,150,3,91,219,yes
org.apache.click.control.ActionLink,10,1,19,105,2,89,171,yes
org.apache.click.control.AttributeTest,7,0,5,18,1,0,200,yes
org.apache.click.control.Button,4,4,10,125,2,100,54,yes
org.apache.click.control.Checkbox,5,0,16,131,2,85,107,yes
org.apache.click.control.CheckboxTest,4,0,1,14,1,0,11,yes
org.apache.click.control.Column,21,2,56,69,0,96,522,yes
org.apache.click.control.ColumnCompareTest,10,0,8,21,1,0,103,yes
org.apache.click.control.ColumnTest,6,0,4,17,1,0,87,no
org.apache.click.control.ColumnTest.Child,1,0,5,18,0,60,17,yes
org.apache.click.control.ColumnTest.TestObject,2,0,6,19,0,66,24,yes
org.apache.click.control.ContextAccessTest,3,0,4,17,1,66,41,yes
org.apache.click.control.ControlTest,10,0,3,16,1,0,33,yes
org.apache.click.control.Field,13,17,57,115,1,96,334,yes
org.apache.click.control.FieldSet,22,1,47,162,2,96,585,yes
org.apache.click.control.FieldSetTest,19,0,15,28,1,33,189,yes
org.apache.click.control.FileField,4,0,16,131,2,92,104,yes
org.apache.click.control.FileFieldTest,5,0,1,14,1,0,11,yes
org.apache.click.control.Form,35,6,92,171,2,97,1108,yes
org.apache.click.control.Form.ImmutableHiddenField,2,0,4,134,3,100,26,yes
org.apache.click.control.FormTest,25,0,25,38,1,62,369,yes
org.apache.click.control.HiddenField,19,2,15,130,2,84,151,yes
org.apache.click.control.HiddenFieldTest,10,0,2,15,1,0,30,no
org.apache.click.control.ImageSubmit,6,0,11,147,4,86,76,yes
org.apache.click.control.Label,2,0,6,121,2,100,21,yes
org.apache.click.control.Option,5,0,7,20,0,85,54,no
org.apache.click.control.OptionGroup,8,0,7,20,0,85,46,no
org.apache.click.control.PageLink,7,1,11,97,2,77,61,yes
org.apache.click.control.Panel,16,5,27,106,2,94,220,yes
org.apache.click.control.PanelTest,5,0,2,15,1,0,32,no
org.apache.click.control.PasswordField,1,0,8,142,3,100,27,yes
org.apache.click.control.Radio,9,0,16,131,2,93,154,yes
org.apache.click.control.RadioGroup,20,1,23,138,2,94,239,yes
org.apache.click.control.RadioTest,6,0,1,14,1,0,25,yes
org.apache.click.control.Reset,1,0,4,129,3,100,14,yes
org.apache.click.control.Select,28,5,35,150,2,94,410,yes
org.apache.click.control.SelectTest,4,0,1,14,1,0,11,yes
org.apache.click.control.Submit,4,2,11,136,3,90,76,yes
org.apache.click.control.Table,30,4,75,133,1,98,754,yes
org.apache.click.control.TablePaginator,10,1,5,18,0,80,118,yes
org.apache.click.control.TableTest,8,0,4,17,1,0,75,yes
org.apache.click.control.TableTest.Foo,1,0,2,15,0,0,9,yes
org.apache.click.control.TextArea,3,1,21,136,2,92,147,yes
org.apache.click.control.TextAreaTest,7,0,2,15,1,0,53,yes
org.apache.click.control.TextField,3,10,19,134,2,92,136,yes
org.apache.click.control.TextFieldTest,10,0,7,20,1,0,133,yes
org.apache.click.element.CssImport,6,0,11,48,2,100,80,yes
org.apache.click.element.CssStyle,6,0,18,55,2,90,110,yes
org.apache.click.element.Element,8,1,15,28,0,90,88,no
org.apache.click.element.JsImport,5,0,11,48,2,100,77,yes
org.apache.click.element.JsScript,6,0,22,59,2,91,134,yes
org.apache.click.element.ResourceElement,3,4,9,37,1,93,74,yes
org.apache.click.examples.control.cayenne.CayenneIntegerField,1,0,2,171,5,100,12,no
org.apache.click.examples.control.cayenne.NestedCayenneForm,3,0,5,194,4,90,30,no
org.apache.click.examples.control.ClientPanel,7,0,4,110,3,75,27,yes
org.apache.click.examples.control.exporter.AbstractTableExporter,12,1,17,30,0,83,87,no
org.apache.click.examples.control.exporter.ExcelTableExporter,23,0,18,48,1,87,232,no
org.apache.click.examples.control.exporter.ExportTable,10,0,27,160,2,94,195,no
org.apache.click.examples.control.exporter.TableExportContainer,12,0,15,28,0,85,96,no
org.apache.click.examples.control.FilterPanel,4,0,4,110,3,56,24,yes
org.apache.click.examples.control.html.cssform.CssForm,4,0,2,183,4,100,14,no
org.apache.click.examples.control.html.cssform.VerticalFieldSet,7,0,5,178,4,70,36,no
org.apache.click.examples.control.html.FeedbackBorder,6,0,2,81,2,100,32,no
org.apache.click.examples.control.html.FieldLabel,4,0,5,63,1,73,29,no
org.apache.click.examples.control.html.Html,3,0,6,64,1,75,27,no
org.apache.click.examples.control.html.list.HtmlList,5,0,10,89,2,85,47,no
org.apache.click.examples.control.html.list.ListItem,1,0,4,83,2,100,17,no
org.apache.click.examples.control.html.Text,3,0,6,64,1,75,27,no
org.apache.click.examples.control.InvestmentSelect,5,0,3,153,3,75,28,no
org.apache.click.examples.control.PackagingRadioGroup,3,0,1,139,3,50,13,no
org.apache.click.examples.control.RichTextArea,8,0,7,143,3,85,56,no
org.apache.click.examples.control.SimplePanel,9,1,5,111,3,100,56,no
org.apache.click.examples.control.SpacerButton,3,0,2,127,3,100,9,no
org.apache.click.examples.control.TitleSelect,3,0,1,151,3,50,16,no
org.apache.click.examples.domain.Address,0,0,0,28,3,0,3,no
org.apache.click.examples.domain.auto._Address,3,1,13,28,2,100,49,no
org.apache.click.examples.domain.auto._Client,4,1,14,29,2,100,53,no
org.apache.click.examples.domain.auto._Course,3,1,5,20,2,100,20,no
org.apache.click.examples.domain.auto._CourseBooking,3,1,10,25,2,100,39,no
org.apache.click.examples.domain.auto._Customer,5,1,14,29,2,100,53,no
org.apache.click.examples.domain.auto._PostCode,1,1,6,21,2,100,25,no
org.apache.click.examples.domain.auto._Student,4,1,7,22,2,100,27,no
org.apache.click.examples.domain.auto._StudentHouse,3,1,5,20,2,100,20,no
org.apache.click.examples.domain.auto._SystemCode,2,1,8,23,2,100,32,no
org.apache.click.examples.domain.auto._User,1,1,8,23,2,100,32,no
org.apache.click.examples.domain.BaseEntity,1,10,2,15,1,100,10,no
org.apache.click.examples.domain.Client,1,0,1,30,3,100,6,no
org.apache.click.examples.domain.Course,0,0,0,20,3,0,3,no
org.apache.click.examples.domain.CourseBooking,0,0,0,25,3,0,3,no
org.apache.click.examples.domain.Customer,0,0,0,29,3,0,3,no
org.apache.click.examples.domain.PostCode,0,0,0,21,3,0,3,no
org.apache.click.examples.domain.Student,0,0,0,22,3,0,3,no
org.apache.click.examples.domain.StudentHouse,0,0,0,20,3,0,3,no
org.apache.click.examples.domain.SystemCode,0,0,0,23,3,0,3,no
org.apache.click.examples.domain.User,0,0,0,23,3,0,3,no
org.apache.click.examples.interceptor.ProfilingInterceptor,7,0,5,18,0,54,41,no
org.apache.click.examples.page.ajax.AutoCompletePage,8,0,1,62,2,66,19,yes
org.apache.click.examples.page.BorderPage,6,90,4,61,1,75,29,no
org.apache.click.examples.page.cayenne.AccommodationDemo,13,0,4,81,3,75,40,no
org.apache.click.examples.page.cayenne.CayenneFormPage,15,0,4,81,3,75,49,no
org.apache.click.examples.page.cayenne.EnrollmentDemo,18,0,8,85,3,66,63,yes
org.apache.click.examples.page.cayenne.FormTablePage,17,4,16,77,2,81,103,yes
org.apache.click.examples.page.cayenne.TabbedCayenneFormPage,16,0,5,82,3,80,56,no
org.apache.click.examples.page.control.ActionDemo,8,0,2,63,2,62,20,yes
org.apache.click.examples.page.control.CheckListDemo,13,0,2,63,2,42,44,yes
org.apache.click.examples.page.control.DisabledDemo,19,0,3,64,2,70,50,yes
org.apache.click.examples.page.control.EmailForm,11,0,1,62,2,50,23,yes
org.apache.click.examples.page.control.FieldSetDemo,22,0,3,64,2,38,65,yes
org.apache.click.examples.page.control.FileUpload,10,0,2,63,2,16,38,yes
org.apache.click.examples.page.control.ImageDemo,6,0,4,65,2,75,50,yes
org.apache.click.examples.page.control.LinkDemo,11,0,2,63,2,68,31,yes
org.apache.click.examples.page.control.MenuDemo,0,0,0,61,2,0,3,no
org.apache.click.examples.page.control.PickListDemo,6,0,3,64,2,58,28,yes
org.apache.click.examples.page.control.RegexDemo,8,0,1,62,2,50,18,yes
org.apache.click.examples.page.control.SelectDemo,15,0,2,63,2,16,62,yes
org.apache.click.examples.page.control.SubmitLinkDemo,9,0,5,66,2,100,77,yes
org.apache.click.examples.page.EditCustomer,22,0,4,65,2,53,76,no
org.apache.click.examples.page.form.ContactDetailsPage,19,0,1,62,2,50,36,no
org.apache.click.examples.page.form.dynamic.DynamicFieldSet,10,0,2,63,2,50,43,yes
org.apache.click.examples.page.form.dynamic.DynamicForm,8,0,2,63,2,50,36,yes
org.apache.click.examples.page.form.dynamic.DynamicSelect,11,0,2,63,2,50,44,yes
org.apache.click.examples.page.form.dynamic.PopulateOnSelect,17,0,6,67,2,75,124,yes
org.apache.click.examples.page.form.ExtraControlsForm,30,0,4,65,2,57,66,no
org.apache.click.examples.page.form.ExtraControlsForm.Options,0,0,0,13,0,0,5,yes
org.apache.click.examples.page.form.FormLayout,14,0,1,62,2,33,28,yes
org.apache.click.examples.page.form.FormProperties,23,0,6,67,2,54,220,no
org.apache.click.examples.page.form.FormProperties.Options,2,0,0,13,0,0,18,no
org.apache.click.examples.page.form.FormProperties.Values,1,0,0,13,0,0,6,yes
org.apache.click.examples.page.form.MultipleFormsDemo,7,0,5,66,2,60,43,yes
org.apache.click.examples.page.form.SearchForm,13,0,2,63,2,40,49,yes
org.apache.click.examples.page.form.StandardControlsForm,34,0,5,66,2,68,86,no
org.apache.click.examples.page.form.StandardControlsForm.Options,0,0,0,13,0,0,5,yes
org.apache.click.examples.page.form.TabbedFormDemo,25,0,4,65,2,53,75,yes
org.apache.click.examples.page.general.ControlHeadDemo,3,0,1,62,2,100,45,yes
org.apache.click.examples.page.general.ControlHeadDemo.StarRating,7,0,3,118,2,66,35,yes
org.apache.click.examples.page.general.DirectPage,11,0,1,58,1,100,29,no
org.apache.click.examples.page.general.ExcelExportPage,18,0,3,64,2,83,103,yes
org.apache.click.examples.page.general.ExcelTableExportPage,18,0,4,65,2,60,71,yes
org.apache.click.examples.page.general.ExceptionPage,6,0,6,67,2,95,45,yes
org.apache.click.examples.page.general.ExceptionPage.BrokenRenderer,2,0,1,14,0,0,7,yes
org.apache.click.examples.page.general.FlashPage,8,0,3,64,2,33,26,yes
org.apache.click.examples.page.general.NavigationA,6,1,6,67,2,86,46,yes
org.apache.click.examples.page.general.NavigationB,2,0,1,68,3,100,7,no
org.apache.click.examples.page.general.PageHeadDemo,15,0,2,63,2,33,28,yes
org.apache.click.examples.page.general.PageImportsExample,5,0,2,63,2,100,16,yes
org.apache.click.examples.page.HomePage,1,0,1,62,2,100,6,no
org.apache.click.examples.page.introduction.AdvancedForm,18,0,4,65,2,70,46,yes
org.apache.click.examples.page.introduction.AdvancedTable,12,0,4,65,2,70,50,yes
org.apache.click.examples.page.introduction.ControlListenerType1Page,3,0,1,62,2,66,10,yes
org.apache.click.examples.page.introduction.ControlListenerType2Page,4,0,1,62,2,66,15,yes
org.apache.click.examples.page.introduction.HelloWorld,1,0,1,62,2,50,7,no
org.apache.click.examples.page.introduction.SimpleForm,5,0,2,63,2,50,16,yes
org.apache.click.examples.page.introduction.SimpleTablePage,6,0,2,63,2,50,20,no
org.apache.click.examples.page.jsp.CustomerTable,6,0,2,63,2,66,14,yes
org.apache.click.examples.page.jsp.EditCustomerPage,11,0,5,66,2,60,32,yes
org.apache.click.examples.page.jsp.HelloWorld,2,0,0,57,1,0,4,yes
org.apache.click.examples.page.jsp.MultiPathDemo,6,0,2,63,2,100,13,yes
org.apache.click.examples.page.jsp.NavigationA,6,1,7,68,2,88,50,yes
org.apache.click.examples.page.jsp.NavigationB,2,0,2,70,3,100,11,no
org.apache.click.examples.page.pageflow.LastPage,10,0,1,62,2,33,23,no
org.apache.click.examples.page.pageflow.NextPage,16,0,5,66,2,66,47,yes
org.apache.click.examples.page.pageflow.StartPage,25,0,7,68,2,67,90,yes
org.apache.click.examples.page.panel.FilterPanelDemo,6,0,1,62,2,75,32,yes
org.apache.click.examples.page.panel.ListPanelDemo,8,0,2,63,2,62,16,yes
org.apache.click.examples.page.panel.PanelColumn,5,0,2,71,1,50,14,yes
org.apache.click.examples.page.panel.PanelColumnDemo,14,0,4,65,2,64,38,yes
org.apache.click.examples.page.panel.ReusablePanelDemo,2,0,1,62,2,50,9,no
org.apache.click.examples.page.panel.SimplePanelDemo,2,0,0,61,2,0,4,yes
org.apache.click.examples.page.panel.TabbedPanelDemo,10,0,3,64,2,75,27,yes
org.apache.click.examples.page.quartz.QuartzJobAndTriggerPage,20,0,5,66,2,54,133,no
org.apache.click.examples.page.quartz.QuartzJobSchedulerPage,17,0,5,66,2,80,200,yes
org.apache.click.examples.page.security.Login,19,0,3,64,2,50,58,yes
org.apache.click.examples.page.security.Logout,4,0,1,62,2,50,12,yes
org.apache.click.examples.page.security.Secure,5,0,1,62,2,100,14,yes
org.apache.click.examples.page.SourceViewer,10,0,18,79,2,92,311,no
org.apache.click.examples.page.springsecurity.CreateAccountPage,17,0,3,64,2,43,70,no
org.apache.click.examples.page.springsecurity.LoginPage,0,0,0,61,2,0,3,no
org.apache.click.examples.page.springsecurity.LogoutPage,4,0,1,62,2,100,9,no
org.apache.click.examples.page.springsecurity.NotAuthorizedPage,0,0,0,61,2,0,3,no
org.apache.click.examples.page.springsecurity.secure.SecurePage,0,0,0,61,2,0,3,no
org.apache.click.examples.page.table.EditFormTablePage,28,0,9,70,2,74,129,yes
org.apache.click.examples.page.table.EditTable,23,0,7,68,2,64,89,yes
org.apache.click.examples.page.table.FormTablePage,18,0,5,66,2,80,64,yes
org.apache.click.examples.page.table.LargeDatasetDemo,5,0,1,62,2,66,40,yes
org.apache.click.examples.page.table.SearchTablePage,22,0,6,67,2,79,82,yes
org.apache.click.examples.page.table.TableDecorator,13,0,3,64,2,57,66,yes
org.apache.click.examples.page.table.TableFooter,12,0,2,63,2,66,51,yes
org.apache.click.examples.page.table.TablePaginatorPage,9,0,3,64,2,53,46,yes
org.apache.click.examples.page.table.TablePaging,5,0,1,62,2,66,33,yes
org.apache.click.examples.page.table.TableSorting,4,0,1,62,2,100,38,no
org.apache.click.examples.page.table.TableStyles,12,0,4,65,2,62,62,yes
org.apache.click.examples.page.tree.AdvancedTreePage,15,0,16,77,2,83,133,yes
org.apache.click.examples.page.tree.AdvancedTreePage.TreeOptions,0,0,0,13,0,0,4,no
org.apache.click.examples.page.tree.CheckboxTreePage,17,0,16,77,2,86,148,yes
org.apache.click.examples.page.tree.CheckboxTreePage.CheckboxTreeOptions,0,0,0,13,0,0,5,no
org.apache.click.examples.page.tree.PageLinkTreePage,11,0,3,72,3,83,41,yes
org.apache.click.examples.page.tree.TreePage,5,1,8,69,2,79,76,yes
org.apache.click.examples.page.velocity.ActionTable,15,0,4,65,2,71,31,yes
org.apache.click.examples.page.velocity.SimpleTable,4,0,1,62,2,100,8,no
org.apache.click.examples.page.velocity.VelocityMacro,14,0,1,62,2,50,25,yes
org.apache.click.examples.page.wizard.SelectPostCode,10,0,2,63,2,50,32,yes
org.apache.click.examples.page.wizard.Step,13,3,18,129,4,89,114,yes
org.apache.click.examples.page.wizard.Step1,9,0,2,131,5,100,22,yes
org.apache.click.examples.page.wizard.Step2,14,0,4,133,5,66,56,yes
org.apache.click.examples.page.wizard.Step2.Div,2,0,1,80,2,100,6,no
org.apache.click.examples.page.wizard.Step3,10,0,4,133,5,100,30,yes
org.apache.click.examples.page.wizard.WizardPage,13,0,10,71,2,70,78,yes
org.apache.click.examples.quartz.ExampleJob,5,0,1,14,0,0,14,no
org.apache.click.examples.quartz.JobAndSimpleTrigger,4,0,8,21,0,62,75,no
org.apache.click.examples.quartz.SchedulerService,8,0,16,29,0,66,168,no
org.apache.click.examples.service.BookingService,6,0,2,35,1,0,11,no
org.apache.click.examples.service.ClientService,4,0,4,37,1,0,22,yes
org.apache.click.examples.service.CustomerService,11,0,19,52,1,0,178,no
org.apache.click.examples.service.CustomerService.CountQuery,3,0,2,15,1,50,20,no
org.apache.click.examples.service.PostCodeService,6,0,2,35,1,0,22,no
org.apache.click.examples.service.StudentService,10,0,11,44,1,0,89,no
org.apache.click.examples.service.UserService,4,0,3,36,1,0,19,no
org.apache.click.examples.springsecurity.UserDetailsAdaptor,3,0,8,21,0,81,28,no
org.apache.click.examples.springsecurity.UserDetailsService,5,0,1,14,0,0,12,no
org.apache.click.examples.util.DatabaseInitListener,20,0,14,27,0,90,216,no
org.apache.click.examples.util.DatabaseInitListener.ReloadTask,7,0,2,19,0,0,26,no
org.apache.click.examples.util.ExampleUtils,11,0,5,18,0,80,58,no
org.apache.click.extras.cayenne.CayenneForm,20,2,18,189,3,81,243,yes
org.apache.click.extras.cayenne.CayenneTemplate,11,6,20,33,0,0,117,yes
org.apache.click.extras.cayenne.CayenneUtils,6,0,4,17,0,0,95,yes
org.apache.click.extras.cayenne.DataContextFilter,11,0,7,20,0,66,139,yes
org.apache.click.extras.cayenne.PropertySelect,21,0,29,179,3,93,237,no
org.apache.click.extras.cayenne.QuerySelect,14,0,25,175,3,91,164,no
org.apache.click.extras.cayenne.TabbedCayenneForm,14,0,19,208,4,91,103,yes
org.apache.click.extras.control.AbstractContainerField,12,2,25,140,2,96,172,yes
org.apache.click.extras.control.AbstractContainerFieldText,12,0,3,16,1,0,53,yes
org.apache.click.extras.control.AbstractContainerFieldText.FeedbackBorder,2,0,1,141,3,0,9,yes
org.apache.click.extras.control.AutoCompleteTextField,18,1,15,149,3,93,159,yes
org.apache.click.extras.control.CheckList,31,0,39,154,2,94,455,yes
org.apache.click.extras.control.CheckListTest,10,0,6,19,1,0,66,yes
org.apache.click.extras.control.ColorPicker,14,0,17,132,2,90,150,no
org.apache.click.extras.control.ColorPickerTest,7,0,2,15,1,0,42,yes
org.apache.click.extras.control.CountryFieldTest,8,0,1,14,1,0,15,yes
org.apache.click.extras.control.CountrySelect,10,0,11,161,3,86,79,yes
org.apache.click.extras.control.CreditCardField,13,0,15,149,3,89,164,no
org.apache.click.extras.control.DateField,23,1,37,171,3,94,405,yes
org.apache.click.extras.control.DateFieldTest,9,0,4,17,1,0,74,yes
org.apache.click.extras.control.DateFieldTest.MyDateField,1,0,1,172,4,0,4,yes
org.apache.click.extras.control.DoubleField,6,0,12,168,4,100,80,no
org.apache.click.extras.control.DoubleFieldTest,11,0,4,17,1,50,100,yes
org.apache.click.extras.control.EmailField,8,0,10,144,3,95,94,no
org.apache.click.extras.control.EmailFieldTest,7,0,1,14,1,0,53,no
org.apache.click.extras.control.ExternalLink,5,0,9,95,2,83,41,no
org.apache.click.extras.control.FieldColumn,15,0,9,78,1,81,99,yes
org.apache.click.extras.control.FormTable,18,0,20,153,2,88,236,yes
org.apache.click.extras.control.FormTableTest,7,0,1,14,1,0,25,yes
org.apache.click.extras.control.HiddenList,7,0,9,124,2,88,57,yes
org.apache.click.extras.control.HiddenListTest,4,0,4,17,1,0,43,yes
org.apache.click.extras.control.HtmlFieldSet,7,1,11,173,3,100,84,no
org.apache.click.extras.control.HtmlFieldSetTest,5,0,1,14,1,0,10,no
org.apache.click.extras.control.HtmlForm,11,1,10,181,3,100,105,yes
org.apache.click.extras.control.IntegerField,4,1,13,169,4,100,92,yes
org.apache.click.extras.control.IntegerFieldTest,9,0,1,14,1,0,77,yes
org.apache.click.extras.control.LinkDecorator,17,1,16,29,0,71,301,yes
org.apache.click.extras.control.LinkDecorator.PageNumberControl,9,0,3,61,1,66,63,yes
org.apache.click.extras.control.LongField,4,0,12,168,4,100,83,yes
org.apache.click.extras.control.LongFieldTest,9,0,1,14,1,0,63,yes
org.apache.click.extras.control.Menu,27,1,50,108,1,96,526,yes
org.apache.click.extras.control.MenuFactory,24,0,12,25,0,83,233,yes
org.apache.click.extras.control.MenuFactoryTest,5,0,4,17,1,0,31,no
org.apache.click.extras.control.MenuTest,5,0,2,15,1,0,28,yes
org.apache.click.extras.control.MenuTest.MyMenu,1,0,1,109,2,0,4,yes
org.apache.click.extras.control.NumberField,14,3,22,156,3,90,177,no
org.apache.click.extras.control.NumberFieldTest,13,0,5,18,1,60,128,yes
org.apache.click.extras.control.PageButton,3,0,9,106,3,100,49,no
org.apache.click.extras.control.PageSubmit,6,0,8,144,4,81,46,yes
org.apache.click.extras.control.PickList,29,0,31,146,2,93,325,yes
org.apache.click.extras.control.RegexField,8,0,13,147,3,92,88,no
org.apache.click.extras.control.SubmitLink,14,0,19,124,3,89,199,yes
org.apache.click.extras.control.TabbedForm,13,0,19,190,3,91,101,yes
org.apache.click.extras.control.TabbedFormTest,4,0,1,14,1,0,14,no
org.apache.click.extras.control.TableInlinePaginator,9,0,2,20,1,75,111,yes
org.apache.click.extras.control.TelephoneField,2,0,8,142,3,100,57,no
org.apache.click.extras.control.TelephoneFieldTest,7,0,1,14,1,0,53,no
org.apache.click.extras.control.VirtualKeyboard,10,0,4,138,3,100,41,yes
org.apache.click.extras.filter.CompressionFilter,9,0,8,21,0,72,97,yes
org.apache.click.extras.filter.CompressionResponseStream,5,0,12,25,1,75,125,no
org.apache.click.extras.filter.CompressionServletResponseWrapper,8,0,11,24,1,79,91,no
org.apache.click.extras.filter.PerformanceFilter,14,0,15,28,0,87,269,yes
org.apache.click.extras.gae.GoogleAppEngineListener,0,0,3,16,0,0,9,no
org.apache.click.extras.gae.MemoryFileItem,10,0,19,32,0,87,82,yes
org.apache.click.extras.gae.MemoryFileItemFactory,2,0,1,14,0,0,8,no
org.apache.click.extras.gae.MemoryFileItemTest,9,0,1,14,1,0,26,no
org.apache.click.extras.gae.MemoryFileUploadService,3,0,2,23,1,0,9,no
org.apache.click.extras.hibernate.HibernateForm,12,0,12,183,3,86,133,yes
org.apache.click.extras.hibernate.SessionContext,7,0,7,20,0,64,45,yes
org.apache.click.extras.hibernate.SessionFilter,4,0,3,16,0,0,20,no
org.apache.click.extras.pages.MemoryFileItemUploadPage,3,0,2,59,1,0,15,yes
org.apache.click.extras.panel.ListPanel,0,0,0,106,3,0,3,yes
org.apache.click.extras.panel.TabbedPanel,10,0,20,126,3,88,172,yes
org.apache.click.extras.panel.TabbedPanelTest,11,0,5,18,1,0,80,yes
org.apache.click.extras.security.RoleAccessController,1,0,1,14,0,0,5,yes
org.apache.click.extras.service.FreemarkerTemplateService,11,0,6,19,0,69,84,yes
org.apache.click.extras.service.JdkLogService,5,0,17,30,0,52,54,no
org.apache.click.extras.service.Log4JLogService,3,0,17,30,0,52,54,no
org.apache.click.extras.service.Slf4jLogService,3,0,17,30,0,52,54,no
org.apache.click.extras.spring.PageScopeResolver,6,0,1,14,0,0,17,yes
org.apache.click.extras.spring.SpringClickServlet,17,0,5,58,2,76,124,yes
org.apache.click.extras.tree.CheckboxTree,20,0,14,159,2,92,259,yes
org.apache.click.extras.tree.CheckboxTree.BaseCheckboxJavascriptRenderer,6,0,4,22,1,50,37,no
org.apache.click.extras.tree.CheckboxTree.CheckboxCookieHandler,4,0,2,27,1,0,11,yes
org.apache.click.extras.tree.CheckboxTree.CheckboxCookieJavascriptRenderer,5,0,5,25,2,19,20,no
org.apache.click.extras.tree.CheckboxTree.CheckboxSessionHandler,4,0,2,24,1,0,11,yes
org.apache.click.extras.tree.CheckboxTree.CheckboxSessionJavascriptRenderer,4,0,4,23,2,0,17,no
org.apache.click.extras.tree.Tree,32,2,87,145,1,97,1026,yes
org.apache.click.extras.tree.Tree.AbstractJavascriptRenderer,6,3,5,18,0,66,23,yes
org.apache.click.extras.tree.Tree.CookieHandler,15,1,12,25,0,83,101,yes
org.apache.click.extras.tree.Tree.CookieRenderer,4,1,2,20,1,0,18,yes
org.apache.click.extras.tree.Tree.Entry,3,0,1,14,0,33,11,no
org.apache.click.extras.tree.Tree.SessionHandler,12,1,9,22,0,77,107,yes
org.apache.click.extras.tree.Tree.SessionRenderer,3,1,1,19,1,0,7,no
org.apache.click.extras.tree.TreeNode,14,0,39,52,0,95,206,yes
org.apache.click.extras.tree.TreeTest,10,0,11,24,1,70,113,yes
org.apache.click.MockContainer,24,0,36,49,0,91,313,yes
org.apache.click.MockContainerTest,18,0,5,18,1,0,124,yes
org.apache.click.MockContext,16,0,13,73,1,0,100,yes
org.apache.click.MockContextTest,6,0,1,14,1,0,7,yes
org.apache.click.MockPrincipalTest,4,0,2,15,1,0,20,no
org.apache.click.MockRequestTest,7,0,1,14,1,0,25,yes
org.apache.click.Page,21,25,44,57,0,96,281,yes
org.apache.click.pages.BinaryPage,3,0,1,58,1,0,10,yes
org.apache.click.pages.BorderPage,1,1,1,58,1,0,5,yes
org.apache.click.pages.BorderTestPage,1,0,1,59,2,0,6,yes
org.apache.click.pages.FormPage,2,0,2,59,1,0,10,yes
org.apache.click.pages.ForwardPage,3,0,2,59,1,0,9,yes
org.apache.click.pages.JspPage,0,0,0,57,1,0,2,yes
org.apache.click.pages.JspRedirectPage,0,0,1,59,2,0,5,yes
org.apache.click.pages.ListenerPage,4,0,1,58,1,50,16,yes
org.apache.click.pages.RedirectPage,3,0,2,59,1,0,9,yes
org.apache.click.pages.RedirectToHtm,0,0,1,58,1,0,5,yes
org.apache.click.pages.RedirectToJsp,2,1,1,58,1,0,5,yes
org.apache.click.pages.RedirectToSelfPage,1,0,1,58,1,0,5,yes
org.apache.click.pages.SetPathToJspPage,1,0,1,58,1,0,6,yes
org.apache.click.pages.TestPage,1,0,1,58,1,0,6,yes
org.apache.click.PageTest,15,0,8,21,1,0,96,yes
org.apache.click.service.ClickResourceService,15,0,10,23,0,70,109,no
org.apache.click.service.CommonsFileUploadService,10,1,8,21,0,62,76,yes
org.apache.click.service.ConsoleLogService,6,0,17,30,0,85,74,no
org.apache.click.service.DeployUtils,27,0,14,27,0,78,247,yes
org.apache.click.service.TemplateException,6,0,10,54,0,85,74,no
org.apache.click.service.VelocityTemplateService,26,0,7,20,0,74,330,yes
org.apache.click.service.VelocityTemplateService.LogChuteAdapter,10,0,4,17,0,43,67,yes
org.apache.click.service.XmlConfigService,57,0,58,71,0,95,1137,yes
org.apache.click.service.XmlConfigService.ExcludePage,2,0,1,58,1,0,8,yes
org.apache.click.servlet.MockPrincipal,3,1,9,22,0,77,37,no
org.apache.click.servlet.MockRequest,37,1,97,110,0,96,598,yes
org.apache.click.servlet.MockRequest.UploadedFile,2,0,7,20,0,57,28,yes
org.apache.click.servlet.MockRequestDispatcher,4,0,3,16,0,0,14,no
org.apache.click.servlet.MockResponse,20,0,48,61,0,92,266,yes
org.apache.click.servlet.MockServletConfig,5,0,13,26,0,76,49,yes
org.apache.click.servlet.MockServletContext,28,0,43,56,0,93,358,yes
org.apache.click.servlet.MockSession,10,0,24,37,0,86,94,yes
org.apache.click.servlet.MockTests,18,0,5,18,1,0,103,yes
org.apache.click.util.ActionListenerAdaptor,3,0,2,15,0,33,12,no
org.apache.click.util.Address,4,0,14,27,0,85,51,no
org.apache.click.util.ChildObject,1,0,5,18,0,50,18,no
org.apache.click.util.ClickUtils,72,0,76,89,0,97,1421,yes
org.apache.click.util.ClickUtilsTest,27,0,13,26,1,87,286,yes
org.apache.click.util.ContainerMessageMapTest,8,0,1,14,1,0,26,yes
org.apache.click.util.ContainerMessageMapTest.MyForm,2,0,2,173,3,0,9,yes
org.apache.click.util.ContainerUtils,31,0,34,47,0,0,649,yes
org.apache.click.util.ContainerUtilsTest,16,0,2,15,1,0,53,yes
org.apache.click.util.ContainerUtilsTest.Car,1,0,3,16,0,0,12,no
org.apache.click.util.ContainerUtilsTest.Part,0,0,2,15,0,0,9,no
org.apache.click.util.ErrorPage,5,1,7,64,1,75,37,yes
org.apache.click.util.ErrorReport,28,0,17,30,0,86,427,yes
org.apache.click.util.FlashAttribute,2,0,3,16,0,50,17,no
org.apache.click.util.Format,15,0,25,38,0,96,215,yes
org.apache.click.util.FormatTest,4,0,1,14,1,0,15,no
org.apache.click.util.HtmlStringBuffer,6,0,24,37,0,80,207,yes
org.apache.click.util.HtmlStringBufferTest,2,0,1,14,1,0,42,yes
org.apache.click.util.MessagesMap,19,1,16,29,0,80,171,yes
org.apache.click.util.MessagesMap.CacheKey,3,0,3,16,0,0,42,yes
org.apache.click.util.MessagesMapTest,10,0,8,21,1,0,133,no
org.apache.click.util.MessagesMapTest.ReloadableMessagesMap,8,0,3,32,1,0,22,yes
org.apache.click.util.PageImports,25,0,17,30,0,82,281,yes
org.apache.click.util.PageImports.CssElements,5,0,1,14,0,0,10,no
org.apache.click.util.PageImports.HeadElements,5,0,1,14,0,0,12,no
org.apache.click.util.PageImports.Imports,5,0,1,14,0,0,13,no
org.apache.click.util.PageImports.JsElements,5,0,1,14,0,0,10,no
org.apache.click.util.ParentObject,4,0,8,21,0,72,34,no
org.apache.click.util.PropertyUtils,10,0,5,18,0,70,128,yes
org.apache.click.util.PropertyUtils.CacheKey,3,0,3,16,0,0,30,yes
org.apache.click.util.PropertyUtilsTest,8,0,2,15,1,0,50,yes
org.apache.click.util.RequestTypeConverter,23,0,5,18,0,0,134,yes
org.apache.click.util.RequestTypeConverterTest,8,0,1,14,1,0,49,yes
org.apache.click.util.SampleObject,3,0,16,29,0,87,58,no
org.apache.click.util.SessionMap,10,0,13,26,0,23,111,yes
org.apache.click.util.State,2,0,4,17,0,50,16,no
org.apache.click.util.Test1TextField,0,1,0,134,3,0,3,no
org.apache.click.util.Test2TextField,0,0,0,134,4,0,3,no
org.apache.click.util.TestPage,0,0,0,57,1,0,2,yes
org.apache.click.util.User,4,0,10,23,0,80,37,no
org.apache.click.utilinvokelistener.ClickUtilsInvokeListenerTest,4,0,1,14,1,0,90,yes
org.apache.click.utilinvokelistener.ClickUtilsInvokeListenerTest.ListenerMock,0,0,6,19,0,66,22,yes
org.apache.click.utilinvokelistener.ClickUtilsInvokeListenerTest.PrivListenerMock,0,0,1,14,0,0,5,yes
template.page.admin.Admin1Page,1,0,0,60,3,0,3,no
template.page.admin.Admin2Page,1,0,0,60,3,0,3,no
template.page.BasePage,0,1,1,58,1,50,10,no
template.page.BorderPage,3,8,2,60,2,75,12,yes
template.page.click.ErrorPage,6,0,2,66,2,75,15,no
template.page.LoginPage,1,0,0,60,3,0,3,no
template.page.LogoutPage,3,0,1,61,3,50,10,no
template.page.NotAuthorizedPage,1,0,0,60,3,0,3,no
template.page.user.HomePage,1,0,0,60,3,0,3,no
template.page.user.User1Page,1,0,0,60,3,0,3,no
template.page.user.User2Page,1,0,0,60,3,0,3,no
org.apache.click.extras.spring.SpringClickServlet.BeanNameAndMethod,2,0,1,14,0,0,8,yes
org.apache.click.extras.control.CountrySelect.OptionLabelComparator,3,0,2,15,0,0,10,yes
org.apache.click.extras.tree.Tree.BreadthTreeIterator,7,0,6,19,0,41,40,yes
org.apache.click.Context.ContextStack,3,0,4,100,0,100,22,no
org.apache.click.ActionEventDispatcher.DispatcherStack,3,0,4,100,0,100,22,no
org.apache.click.control.Column.ColumnComparator,6,0,5,18,0,80,71,no
org.apache.click.service.DeployUtils.IsDeployable,1,0,2,15,0,0,7,no
org.apache.click.service.XmlConfigService.ExcludesElm,9,0,4,17,0,25,45,yes
org.apache.click.service.XmlConfigService.PageElm,13,0,8,21,0,50,79,yes
org.apache.click.service.XmlConfigService.PageInterceptorConfig,9,0,2,15,0,12,36,yes
org.apache.click.service.XmlConfigService.Property,1,0,3,16,0,33,14,no
org.apache.click.control.FieldSetTest.Div,2,0,2,81,2,0,8,yes
org.apache.click.control.FormTest.Div,2,0,2,81,2,0,8,yes
