Name,CBO,NOC,LCOM,DIT,SLOC,RFC,WMC,CHANGE
org.hsqldb.auth.AuthBeanMultiplexer,21,0,76,0,118,23,10,no
org.hsqldb.auth.AuthUtils,10,0,33,0,61,16,3,no
org.hsqldb.auth.DenyException,0,0,0,0,2,44,0,no
org.hsqldb.auth.HsqldbSlaveAuthBean,10,0,69,0,89,20,7,no
org.hsqldb.auth.JaasAuthBean,16,0,65,0,129,20,7,no
org.hsqldb.auth.LdapAuthBean,26,0,86,0,244,31,18,yes
org.hsqldb.auth.LdapAuthBeanTester,15,0,0,0,92,14,1,no
org.hsqldb.ClientConnection,40,1,95,0,386,62,49,yes
org.hsqldb.ClientConnectionHTTP,16,0,83,1,70,70,8,yes
org.hsqldb.cmdline.SqlFile,93,0,96,0,4577,100,87,no
org.hsqldb.cmdline.SqlFile.BadSpecial,1,0,100,1,12,52,2,no
org.hsqldb.cmdline.SqlFile.BadSubst,1,0,100,0,5,45,1,no
org.hsqldb.cmdline.SqlFile.BreakException,1,0,100,2,8,56,2,no
org.hsqldb.cmdline.SqlFile.ContinueException,1,0,100,2,8,56,2,no
org.hsqldb.cmdline.SqlFile.QuitNow,1,0,100,2,8,56,2,no
org.hsqldb.cmdline.SqlFile.RowError,1,0,100,1,8,52,2,no
org.hsqldb.cmdline.SqlFile.SharedFields,6,0,83,0,11,14,1,no
org.hsqldb.cmdline.SqlTool,29,0,78,0,530,17,4,no
org.hsqldb.cmdline.SqlTool.BadCmdline,0,0,100,0,5,45,1,no
org.hsqldb.cmdline.sqltool.Calculator,16,0,78,0,285,20,7,no
org.hsqldb.cmdline.sqltool.Calculator.Atom,7,0,25,0,24,17,4,no
org.hsqldb.cmdline.sqltool.FileRecordReader,16,0,76,0,77,22,9,no
org.hsqldb.cmdline.SqlTool.PrivateException,1,0,100,0,6,45,1,no
org.hsqldb.cmdline.sqltool.SqlFileScanner,13,0,95,0,783,55,42,no
org.hsqldb.cmdline.sqltool.Token,7,0,83,0,91,23,10,no
org.hsqldb.cmdline.sqltool.TokenList,1,0,100,0,16,100,4,no
org.hsqldb.cmdline.SqlToolError,1,3,100,1,14,54,4,no
org.hsqldb.cmdline.SqlToolSprayer,11,0,50,0,96,14,1,no
org.hsqldb.ColumnBase,5,1,84,0,90,35,22,yes
org.hsqldb.ColumnSchema,23,0,89,1,239,75,40,yes
org.hsqldb.Constraint,41,0,85,0,635,74,61,yes
org.hsqldb.ConstraintCore,3,0,25,0,34,14,1,no
org.hsqldb.Database,38,0,96,0,539,73,60,yes
org.hsqldb.Database.CheckpointRunner,10,0,16,0,35,16,3,no
org.hsqldb.Database.TimeoutRunner,8,0,12,0,47,17,4,no
org.hsqldb.DatabaseManager,22,0,79,0,266,32,19,yes
org.hsqldb.DatabaseURL,8,0,61,0,219,16,3,no
org.hsqldb.dbinfo.DatabaseInformation,10,1,99,0,246,20,7,yes
org.hsqldb.dbinfo.DatabaseInformationFull,81,0,98,2,4945,132,78,yes
org.hsqldb.dbinfo.DatabaseInformationMain,52,1,73,1,1871,54,34,yes
org.hsqldb.dbinfo.DITableInfo,12,0,86,0,93,25,12,no
org.hsqldb.error.Error,14,0,91,0,144,31,18,yes
org.hsqldb.Expression,59,13,95,0,1452,107,94,yes
org.hsqldb.ExpressionAccessor,12,0,0,1,107,115,8,no
org.hsqldb.ExpressionAggregate,18,0,75,1,198,119,12,yes
org.hsqldb.ExpressionArithmetic,17,0,0,1,483,117,10,yes
org.hsqldb.ExpressionArrayAggregate,21,0,74,1,269,120,13,yes
org.hsqldb.ExpressionColumn,35,0,89,1,884,154,47,yes
org.hsqldb.ExpressionColumnAccessor,13,0,60,1,86,130,23,yes
org.hsqldb.ExpressionLike,17,0,31,2,238,162,8,yes
org.hsqldb.ExpressionLogical,37,1,97,1,1721,154,47,yes
org.hsqldb.ExpressionOp,25,0,100,1,666,118,11,yes
org.hsqldb.ExpressionOrderBy,11,0,66,1,65,116,9,no
org.hsqldb.ExpressionTable,21,0,68,1,158,118,11,yes
org.hsqldb.ExpressionValue,10,0,0,1,48,113,6,no
org.hsqldb.FunctionCustom,61,0,75,2,3015,135,14,yes
org.hsqldb.FunctionSQL,33,1,80,1,1582,121,14,yes
org.hsqldb.FunctionSQLInvoked,22,0,66,1,208,125,18,yes
org.hsqldb.HsqlDateTime,20,0,95,0,584,43,30,yes
org.hsqldb.HsqlDateTime.Tokenizer,2,0,81,0,83,25,12,yes
org.hsqldb.HsqlException,4,0,82,0,77,63,14,no
org.hsqldb.HsqlNameManager,8,0,90,0,343,37,24,yes
org.hsqldb.index.Index.IndexUse,1,0,0,0,8,14,1,no
org.hsqldb.index.IndexAVL,27,1,93,0,1274,80,67,yes
org.hsqldb.index.IndexAVLMemory,16,0,0,1,317,88,8,yes
org.hsqldb.index.NodeAVL,8,2,91,0,146,57,44,yes
org.hsqldb.index.NodeAVLDisk,9,0,78,1,263,99,42,yes
org.hsqldb.index.NodeAVLDiskLarge,9,0,77,1,283,98,41,yes
org.hsqldb.jdbc.JDBCArray,16,0,75,0,137,31,18,no
org.hsqldb.jdbc.JDBCArrayBasic,13,0,72,0,104,29,16,no
org.hsqldb.jdbc.JDBCBlob,9,0,77,0,193,30,17,no
org.hsqldb.jdbc.JDBCBlobClient,14,0,75,0,151,32,19,no
org.hsqldb.jdbc.JDBCBlobFile,22,0,83,0,355,35,22,yes
org.hsqldb.jdbc.JDBCBlobFile.InputStreamAdapter,8,2,0,0,41,30,7,yes
org.hsqldb.jdbc.JDBCBlobFile.OutputStreamAdapter,6,2,0,0,26,25,6,yes
org.hsqldb.jdbc.JDBCCallableStatement,52,0,97,2,749,268,123,yes
org.hsqldb.jdbc.JDBCClob,14,1,76,0,211,32,19,yes
org.hsqldb.jdbc.JDBCClobClient,19,0,75,0,399,36,23,yes
org.hsqldb.jdbc.JDBCClobFile,33,0,88,0,549,41,28,yes
org.hsqldb.jdbc.JDBCClobFile.ReaderAdapter,14,1,50,0,89,29,4,no
org.hsqldb.jdbc.JDBCClobFile.WriterAdapter,13,1,0,0,42,32,4,no
org.hsqldb.jdbc.JDBCColumnMetaData,5,0,100,0,49,15,2,no
org.hsqldb.jdbc.JDBCCommonDataSource,9,4,87,0,88,33,20,yes
org.hsqldb.jdbc.JDBCConnection,57,1,93,0,805,80,67,yes
org.hsqldb.jdbc.JDBCDatabaseMetaData,23,0,98,0,1050,203,190,yes
org.hsqldb.jdbc.JDBCDataSource,12,0,0,1,64,40,7,no
org.hsqldb.jdbc.JDBCDataSourceFactory,14,0,63,0,101,16,3,no
org.hsqldb.jdbc.JDBCDriver,21,1,94,0,154,22,9,yes
org.hsqldb.jdbc.JDBCNClob,2,0,0,1,8,34,2,no
org.hsqldb.jdbc.JDBCParameterMetaData,18,0,79,0,147,29,16,yes
org.hsqldb.jdbc.JDBCPool,25,0,73,1,175,62,29,yes
org.hsqldb.jdbc.JDBCPreparedStatement,80,1,94,1,1488,145,121,yes
org.hsqldb.jdbc.JDBCResultSet,70,1,97,0,1567,225,212,yes
org.hsqldb.jdbc.JDBCResultSet.JDBCResultSetBasic,18,0,0,1,73,236,11,no
org.hsqldb.jdbc.JDBCResultSetMetaData,18,0,75,0,217,42,29,yes
org.hsqldb.jdbc.JDBCRowId,7,0,50,0,43,21,8,no
org.hsqldb.jdbc.JDBCSavepoint,4,0,33,0,39,18,5,no
org.hsqldb.jdbc.JDBCSQLXML,69,0,97,0,996,75,62,no
org.hsqldb.jdbc.JDBCSQLXML.Exceptions,6,0,0,0,58,24,11,no
org.hsqldb.jdbc.JDBCSQLXML.SAX2DOMBuilder,14,0,86,0,132,35,22,no
org.hsqldb.jdbc.JDBCSQLXML.SAX2XMLStreamWriter.QualifiedName,1,0,0,0,9,14,1,yes
org.hsqldb.jdbc.JDBCStatement,20,0,95,1,316,68,44,yes
org.hsqldb.jdbc.JDBCStatementBase,10,2,90,0,141,24,11,yes
org.hsqldb.jdbc.JDBCUtil,16,0,0,0,109,36,23,yes
org.hsqldb.jdbc.pool.JDBCPooledConnection,9,1,64,0,82,25,12,yes
org.hsqldb.jdbc.pool.JDBCPooledDataSource,12,0,0,1,29,36,3,no
org.hsqldb.jdbc.pool.JDBCXAConnection,7,0,25,1,23,29,4,no
org.hsqldb.jdbc.pool.JDBCXAConnectionWrapper,5,0,77,1,45,89,9,no
org.hsqldb.jdbc.pool.JDBCXADataSource,24,0,50,1,79,41,8,no
org.hsqldb.jdbc.pool.JDBCXAResource,8,0,77,0,173,33,20,no
org.hsqldb.jdbc.pool.JDBCXID,9,0,76,0,102,23,10,no
org.hsqldb.jdbcDriver,0,0,0,1,1,22,0,no
org.hsqldb.lib.AppendableException,5,3,83,0,39,50,6,no
org.hsqldb.lib.ArrayCounter,0,0,0,0,57,16,3,yes
org.hsqldb.lib.ArrayListIdentity,0,0,0,2,10,47,1,no
org.hsqldb.lib.ArraySort,2,0,0,0,113,21,8,yes
org.hsqldb.lib.ArrayUtil,5,0,98,0,982,94,81,yes
org.hsqldb.lib.BaseList,5,2,83,0,109,25,12,no
org.hsqldb.lib.BaseList.BaseListIterator,2,0,58,0,36,19,6,no
org.hsqldb.lib.BasicTextJdkLogFormatter,10,0,55,0,24,21,3,no
org.hsqldb.lib.CharArrayWriter,5,0,17,0,94,27,14,yes
org.hsqldb.lib.ClosableByteArrayOutputStream,11,0,64,0,130,41,22,yes
org.hsqldb.lib.ClosableCharArrayWriter,10,0,64,0,142,50,22,yes
org.hsqldb.lib.CountdownInputStream,4,0,22,0,68,32,9,no
org.hsqldb.lib.CountUpDownLatch,6,0,11,0,56,22,9,no
org.hsqldb.lib.CountUpDownLatch.Sync,1,0,100,0,22,78,4,no
org.hsqldb.lib.DataOutputStream,10,0,68,0,110,47,16,no
org.hsqldb.lib.DoubleIntIndex,6,0,72,0,581,67,54,yes
org.hsqldb.lib.FileArchiver,16,0,25,0,130,16,3,no
org.hsqldb.lib.FileUtil,19,0,97,0,306,40,27,yes
org.hsqldb.lib.FileUtil.DatabaseFilenameFilter,5,0,66,0,81,19,6,yes
org.hsqldb.lib.FrameworkLogger,32,0,87,0,349,39,26,yes
org.hsqldb.lib.HashMap,6,1,91,1,128,59,12,no
org.hsqldb.lib.HashMap.KeySet,5,0,0,0,35,22,9,no
org.hsqldb.lib.HashMap.Values,5,0,0,0,25,21,8,no
org.hsqldb.lib.HashMappedList,3,0,0,2,129,76,17,no
org.hsqldb.lib.HashSet,6,1,0,1,108,64,17,yes
org.hsqldb.lib.HsqlArrayHeap,9,1,40,0,126,23,10,no
org.hsqldb.lib.HsqlArrayList,8,1,73,1,206,46,21,no
org.hsqldb.lib.HsqlByteArrayInputStream,10,1,70,0,157,48,25,no
org.hsqldb.lib.HsqlByteArrayOutputStream,14,1,28,0,238,58,39,yes
org.hsqldb.lib.HsqlDeque,3,0,50,1,202,44,19,no
org.hsqldb.lib.HsqlTaskQueue,6,0,60,0,86,22,9,no
org.hsqldb.lib.HsqlTaskQueue.TaskRunner,2,0,0,0,26,14,1,no
org.hsqldb.lib.HsqlThreadFactory,2,0,40,0,23,18,5,no
org.hsqldb.lib.HsqlTimer,12,0,88,0,330,38,25,yes
org.hsqldb.lib.HsqlTimer.Task,3,0,69,0,54,20,7,yes
org.hsqldb.lib.HsqlTimer.TaskQueue,3,0,0,1,43,31,8,no
org.hsqldb.lib.HsqlTimer.TaskRunner,2,0,0,0,14,14,1,no
org.hsqldb.lib.InOutUtil,13,0,70,0,101,23,10,no
org.hsqldb.lib.InputStreamWrapper,2,0,55,0,61,22,9,yes
org.hsqldb.lib.IntIndex,4,0,78,0,396,53,40,yes
org.hsqldb.lib.IntKeyHashMap,6,0,90,1,112,58,11,no
org.hsqldb.lib.IntKeyHashMap.KeySet,5,0,0,0,28,22,9,no
org.hsqldb.lib.IntKeyHashMap.Values,5,0,0,0,25,21,8,no
org.hsqldb.lib.IntKeyHashMapConcurrent,9,0,83,1,143,58,11,no
org.hsqldb.lib.IntKeyHashMapConcurrent.KeySet,5,0,0,0,28,22,9,no
org.hsqldb.lib.IntKeyHashMapConcurrent.Values,5,0,0,0,25,21,8,no
org.hsqldb.lib.IntKeyIntValueHashMap,6,0,88,1,111,56,9,no
org.hsqldb.lib.IntKeyIntValueHashMap.KeySet,5,0,0,0,28,22,9,no
org.hsqldb.lib.IntKeyIntValueHashMap.Values,5,0,0,0,25,21,8,no
org.hsqldb.lib.IntKeyLongValueHashMap,2,0,0,1,42,54,7,yes
org.hsqldb.lib.IntValueHashMap,9,0,92,1,156,60,13,no
org.hsqldb.lib.IntValueHashMap.KeySet,5,0,0,0,35,22,9,no
org.hsqldb.lib.IntValueHashMap.Values,5,0,0,0,25,21,8,no
org.hsqldb.lib.java.JavaSystem,8,0,80,0,43,18,5,no
org.hsqldb.lib.KMPSearchAlgorithm,5,0,0,0,274,21,8,yes
org.hsqldb.lib.LineGroupReader,10,0,77,0,117,22,9,no
org.hsqldb.lib.LineReader,5,0,57,0,56,16,3,no
org.hsqldb.lib.LongDeque,3,0,50,0,197,34,21,yes
org.hsqldb.lib.LongKeyHashMap,11,0,84,1,178,62,15,no
org.hsqldb.lib.LongKeyHashMap.KeySet,5,0,0,0,28,22,9,no
org.hsqldb.lib.LongKeyHashMap.Values,5,0,0,0,25,21,8,no
org.hsqldb.lib.LongKeyIntValueHashMap,6,0,90,1,118,58,11,no
org.hsqldb.lib.LongKeyIntValueHashMap.KeySet,5,0,0,0,28,22,9,no
org.hsqldb.lib.LongKeyIntValueHashMap.Values,5,0,0,0,25,21,8,no
org.hsqldb.lib.LongKeyLongValueHashMap,6,0,90,1,115,57,10,no
org.hsqldb.lib.LongKeyLongValueHashMap.KeySet,5,0,0,0,28,22,9,no
org.hsqldb.lib.LongKeyLongValueHashMap.Values,5,0,0,0,25,21,8,no
org.hsqldb.lib.LongValueHashMap,6,0,90,1,120,58,11,no
org.hsqldb.lib.LongValueHashMap.KeySet,5,0,0,0,35,22,9,no
org.hsqldb.lib.MultiValueHashMap,7,0,94,1,113,59,12,no
org.hsqldb.lib.MultiValueHashMap.KeySet,5,0,0,0,30,22,9,no
org.hsqldb.lib.MultiValueHashMap.Values,5,0,0,0,25,21,8,no
org.hsqldb.lib.OrderedHashSet,2,0,0,2,114,80,16,no
org.hsqldb.lib.OrderedIntHashSet,4,0,0,1,80,59,12,no
org.hsqldb.lib.OrderedIntKeyHashMap,7,0,92,1,135,61,14,no
org.hsqldb.lib.OrderedIntKeyHashMap.KeySet,5,0,0,0,28,22,9,no
org.hsqldb.lib.OrderedIntKeyHashMap.Values,5,0,0,0,25,21,8,no
org.hsqldb.lib.OrderedLongHashSet,4,0,0,1,80,59,12,no
org.hsqldb.lib.OrderedLongKeyHashMap,5,0,94,1,143,65,18,no
org.hsqldb.lib.OrderedLongKeyHashMap.KeySet,5,0,0,0,28,22,9,no
org.hsqldb.lib.OrderedLongKeyHashMap.Values,5,0,0,0,25,21,8,no
org.hsqldb.lib.RCData,19,0,77,0,281,24,11,no
org.hsqldb.lib.ReaderInputStream,2,0,16,0,23,25,2,no
org.hsqldb.lib.ReadWriteLockDummy,2,0,0,0,23,15,2,no
org.hsqldb.lib.RefCapablePropertyResourceBundle,21,0,85,0,243,27,14,yes
org.hsqldb.lib.SimpleLog,11,0,78,0,140,24,11,yes
org.hsqldb.lib.StopWatch,2,0,68,0,56,24,11,no
org.hsqldb.lib.StringComparator,1,0,0,0,14,14,1,yes
org.hsqldb.lib.StringConverter,10,0,76,0,430,34,21,yes
org.hsqldb.lib.StringInputStream,2,0,41,0,28,26,3,no
org.hsqldb.lib.StringUtil,6,0,0,0,195,26,13,no
org.hsqldb.lib.tar.DbBackup,19,0,68,0,227,27,14,no
org.hsqldb.lib.tar.DbBackupMain,13,0,0,0,70,14,1,no
org.hsqldb.lib.tar.PIFData,11,0,50,0,49,84,2,no
org.hsqldb.lib.tar.PIFGenerator,16,0,66,0,75,42,8,yes
org.hsqldb.lib.tar.TarFileInputStream,12,0,66,0,101,22,9,no
org.hsqldb.lib.tar.TarFileOutputStream,12,0,81,0,157,28,15,no
org.hsqldb.lib.tar.TarGenerator,18,0,45,0,372,21,8,no
org.hsqldb.lib.tar.TarGenerator.TarEntrySupplicant,28,0,87,0,267,32,19,no
org.hsqldb.lib.tar.TarGeneratorMain,10,0,0,0,19,14,1,no
org.hsqldb.lib.tar.TarMalformatException,1,0,0,0,5,45,1,no
org.hsqldb.lib.tar.TarReader,23,0,54,0,423,18,5,no
org.hsqldb.lib.tar.TarReader.TarEntryHeader,17,0,80,0,172,28,15,no
org.hsqldb.lib.tar.TarReader.TarEntryHeader.MissingField,4,0,0,0,9,46,2,no
org.hsqldb.lib.tar.TarReaderMain,11,0,0,0,37,14,1,no
org.hsqldb.lib.ValidatingResourceBundle,12,0,81,0,185,35,22,no
org.hsqldb.lib.WrapperIterator,1,0,74,0,93,24,11,no
org.hsqldb.Like,16,0,80,0,268,30,17,yes
org.hsqldb.map.BaseHashMap,10,18,84,0,1178,47,34,yes
org.hsqldb.map.BaseHashMap.BaseHashIterator,3,0,41,0,115,25,12,yes
org.hsqldb.map.BaseHashMap.MultiValueKeyIterator,2,0,87,0,38,21,8,no
org.hsqldb.map.BaseHashMap.ValuesIterator,3,0,64,0,37,20,7,no
org.hsqldb.map.BitMap,6,0,79,0,488,55,42,no
org.hsqldb.map.HashIndex,2,0,58,0,116,23,10,yes
org.hsqldb.map.ReusableObjectCache,4,0,0,0,18,19,6,no
org.hsqldb.map.ValuePool,9,0,91,0,122,25,12,yes
org.hsqldb.map.ValuePoolHashMap,7,0,88,1,247,56,9,no
org.hsqldb.navigator.RowSetNavigator,7,2,90,0,169,56,43,yes
org.hsqldb.navigator.RowSetNavigatorClient,9,0,67,1,149,76,20,yes
org.hsqldb.navigator.RowSetNavigatorData,18,1,92,1,442,102,46,yes
org.hsqldb.navigator.RowSetNavigatorData.DataIterator,3,0,62,0,26,21,8,yes
org.hsqldb.navigator.RowSetNavigatorDataChangeMemory,15,0,81,0,184,43,30,yes
org.hsqldb.navigator.RowSetNavigatorDataTable,16,0,85,2,391,137,35,yes
org.hsqldb.NumberSequence,20,0,85,0,493,64,51,yes
org.hsqldb.ParserBase,25,1,86,0,554,65,52,yes
org.hsqldb.ParserCommand,48,0,0,6,1671,382,32,yes
org.hsqldb.ParserDDL,60,1,99,5,2350,350,53,yes
org.hsqldb.ParserDML,49,1,0,2,981,230,15,yes
org.hsqldb.ParserDQL,76,1,83,1,4668,215,150,yes
org.hsqldb.ParserRoutine,64,1,97,4,1791,297,49,yes
org.hsqldb.ParserTable,52,1,0,3,1356,248,18,yes
org.hsqldb.persist.BitMapCachedObject,5,0,57,1,38,40,7,no
org.hsqldb.persist.BlockObjectStore,12,0,72,1,68,72,9,no
org.hsqldb.persist.Cache,16,0,81,1,297,65,18,yes
org.hsqldb.persist.Cache.CachedObjectComparator,1,0,80,0,33,18,5,no
org.hsqldb.persist.CachedObjectBase,2,3,88,0,78,33,20,no
org.hsqldb.persist.Crypto,11,0,51,0,128,20,7,no
org.hsqldb.persist.DataFileCache,45,2,92,0,1114,85,72,yes
org.hsqldb.persist.DataFileCacheSession,16,0,0,1,78,92,7,yes
org.hsqldb.persist.DataFileDefrag,22,0,53,0,122,17,4,yes
org.hsqldb.persist.DataSpaceManagerBlocks,22,0,84,0,642,45,32,yes
org.hsqldb.persist.DataSpaceManagerBlocks.BlockAccessor,8,0,58,0,117,25,12,yes
org.hsqldb.persist.DataSpaceManagerSimple,11,0,75,0,108,28,15,yes
org.hsqldb.persist.DirectoryBlockCachedObject,4,0,64,1,69,43,10,no
org.hsqldb.persist.HsqlDatabaseProperties,25,0,97,1,738,79,27,yes
org.hsqldb.persist.HsqlProperties,22,2,89,0,357,52,39,yes
org.hsqldb.persist.IntArrayCachedObject,4,0,57,1,36,40,7,no
org.hsqldb.persist.LobManager,65,0,94,0,1602,76,63,yes
org.hsqldb.persist.LobStoreInJar,13,0,76,0,87,24,11,no
org.hsqldb.persist.LobStoreMem,2,0,47,0,87,22,9,no
org.hsqldb.persist.LobStoreRAFile,10,0,53,0,116,23,10,yes
org.hsqldb.persist.LockFile,37,0,94,0,620,43,30,yes
org.hsqldb.persist.LockFile.HeartbeatRunner,3,0,0,0,8,14,1,no
org.hsqldb.persist.Log,34,0,79,0,523,58,45,yes
org.hsqldb.persist.Logger,85,0,95,0,1698,92,79,yes
org.hsqldb.persist.PersistentStoreCollectionDatabase,11,0,55,0,62,19,6,no
org.hsqldb.persist.PersistentStoreCollectionSession,21,0,76,0,259,31,18,no
org.hsqldb.persist.RAFile,32,0,85,0,318,35,22,yes
org.hsqldb.persist.RAFileHybrid,8,0,77,0,107,31,18,no
org.hsqldb.persist.RAFileInJar,12,0,80,0,151,34,21,no
org.hsqldb.persist.RAFileNIO,25,0,75,0,346,36,23,yes
org.hsqldb.persist.RAFileSimple,10,0,58,0,82,30,17,no
org.hsqldb.persist.RAShadowFile,13,0,76,0,219,23,10,no
org.hsqldb.persist.RAShadowFile.InputStreamShadow,6,0,58,0,73,22,9,yes
org.hsqldb.persist.RAStorageWrapper,3,0,18,0,51,29,16,yes
org.hsqldb.persist.RowStoreAVL,28,4,95,0,428,71,58,yes
org.hsqldb.persist.RowStoreAVLDisk,35,0,87,1,300,104,33,yes
org.hsqldb.persist.RowStoreAVLDiskData,28,0,72,1,167,93,22,yes
org.hsqldb.persist.RowStoreAVLHybrid,27,2,76,1,246,96,25,yes
org.hsqldb.persist.RowStoreAVLHybridExtended,11,0,75,2,78,104,8,yes
org.hsqldb.persist.RowStoreAVLMemory,22,0,91,1,121,95,24,yes
org.hsqldb.persist.RowStoreDataChange,9,0,33,2,25,99,3,yes
org.hsqldb.persist.ScriptRunner,37,0,0,0,163,15,2,yes
org.hsqldb.persist.SimpleStore,12,1,92,0,116,63,50,yes
org.hsqldb.persist.TableSpaceManagerBlocks,6,0,74,0,174,27,14,no
org.hsqldb.persist.TableSpaceManagerSimple,6,0,80,0,43,23,10,no
org.hsqldb.persist.TextCache,31,0,84,1,280,110,25,yes
org.hsqldb.persist.TextFileReader,10,0,47,0,190,19,6,
org.hsqldb.persist.TextFileSettings,9,0,82,0,169,19,6,yes
org.hsqldb.persist.TextTableStorageManager,8,0,19,0,40,18,5,yes
org.hsqldb.QueryExpression,47,1,94,0,760,76,63,yes
org.hsqldb.QuerySpecification,61,0,91,1,1836,156,80,yes
org.hsqldb.RangeGroup.RangeGroupEmpty,1,0,0,0,11,17,4,no
org.hsqldb.RangeGroup.RangeGroupSimple,2,0,58,0,31,19,6,no
org.hsqldb.RangeVariable,35,1,93,0,1440,65,52,yes
org.hsqldb.RangeVariableJoined,21,0,83,1,230,101,36,yes
org.hsqldb.RangeVariableResolver,32,0,83,0,1096,37,24,yes
org.hsqldb.resources.ResourceBundleHandler,13,0,71,0,93,20,7,yes
org.hsqldb.result.Result,37,1,94,0,1052,118,105,yes
org.hsqldb.result.ResultLob,14,0,61,1,483,154,36,yes
org.hsqldb.result.ResultMetaData,12,0,83,0,344,41,28,no
org.hsqldb.result.ResultProperties,1,0,85,0,86,28,15,no
org.hsqldb.rights.Grantee,24,1,90,0,716,76,63,yes
org.hsqldb.rights.GranteeManager,33,0,93,0,494,54,41,yes
org.hsqldb.rights.Right,18,0,73,0,700,47,34,yes
org.hsqldb.rights.User,11,0,84,1,109,89,13,no
org.hsqldb.rights.UserManager,25,0,69,0,227,30,17,yes
org.hsqldb.Routine,53,0,94,0,1001,93,80,yes
org.hsqldb.RoutineSchema,16,0,75,0,224,32,19,no
org.hsqldb.Row,8,1,89,0,99,45,32,no
org.hsqldb.RowAction,15,0,92,1,634,49,33,yes
org.hsqldb.RowActionBase,1,1,76,0,36,16,3,no
org.hsqldb.RowAVL,4,2,40,1,68,55,10,no
org.hsqldb.RowAVLDisk,10,2,89,2,142,82,27,yes
org.hsqldb.RowAVLDiskData,6,0,84,2,106,77,22,yes
org.hsqldb.RowAVLDiskLarge,6,0,0,3,27,85,3,no
org.hsqldb.RowDiskDataChange,16,0,80,3,83,91,9,no
org.hsqldb.rowio.RowInputBase,17,3,91,1,171,80,32,yes
org.hsqldb.rowio.RowInputBinary,28,2,94,2,213,116,36,yes
org.hsqldb.rowio.RowInputBinary180,7,0,25,3,35,120,4,no
org.hsqldb.rowio.RowInputBinaryDecode,2,0,0,3,16,118,2,no
org.hsqldb.rowio.RowInputText,26,1,92,2,335,114,34,yes
org.hsqldb.rowio.RowInputTextLog,37,0,80,2,330,115,35,yes
org.hsqldb.rowio.RowInputTextQuoted,5,0,58,3,73,117,3,yes
org.hsqldb.rowio.RowOutputBase,21,3,100,1,157,92,34,yes
org.hsqldb.rowio.RowOutputBinary,21,2,89,2,297,134,42,yes
org.hsqldb.rowio.RowOutputBinary180,7,0,25,3,36,138,4,no
org.hsqldb.rowio.RowOutputBinaryEncode,3,0,0,3,34,138,4,no
org.hsqldb.rowio.RowOutputText,26,1,90,2,219,130,38,yes
org.hsqldb.rowio.RowOutputTextLog,23,0,94,2,175,126,34,no
org.hsqldb.rowio.RowOutputTextQuoted,3,0,0,3,23,133,3,yes
org.hsqldb.sample.ConnectionTypesSample,0,0,0,0,11,109,1,no
org.hsqldb.sample.DatabaseManagerSample,3,0,0,1,8,564,0,no
org.hsqldb.sample.FindFile,13,0,0,0,72,17,4,no
org.hsqldb.sample.SqlFileEmbedder,14,0,25,0,50,17,4,no
org.hsqldb.sample.Testdb,12,0,33,0,73,19,6,no
org.hsqldb.sample.TriggerSample,18,0,92,0,271,29,16,no
org.hsqldb.Scanner,40,0,89,0,1776,72,59,yes
org.hsqldb.Schema,25,0,76,0,326,35,22,yes
org.hsqldb.SchemaManager,60,0,87,0,1938,106,93,yes
org.hsqldb.SchemaObjectSet,24,0,44,0,391,30,17,yes
org.hsqldb.scriptio.ScriptReaderBase,7,1,96,0,60,28,15,yes
org.hsqldb.scriptio.ScriptReaderDecode,22,0,33,2,84,39,3,yes
org.hsqldb.scriptio.ScriptReaderText,33,1,70,1,211,36,8,yes
org.hsqldb.scriptio.ScriptWriterBase,29,1,92,0,236,44,31,yes
org.hsqldb.scriptio.ScriptWriterEncode,15,0,66,2,79,67,6,yes
org.hsqldb.scriptio.ScriptWriterText,20,1,89,1,197,61,17,yes
org.hsqldb.Server,0,0,0,1,3,94,0,no
org.hsqldb.server.HsqlServerFactory,13,0,0,0,29,15,2,no
org.hsqldb.server.HsqlSocketFactory,10,1,90,0,67,24,11,no
org.hsqldb.server.HsqlSocketFactorySecure,20,0,91,1,153,36,12,no
org.hsqldb.server.OdbcPacketInputStream,11,0,95,0,126,62,10,yes
org.hsqldb.server.OdbcPacketOutputStream,5,0,75,0,64,53,10,no
org.hsqldb.server.OdbcPreparedStatement,11,0,54,0,45,17,4,no
org.hsqldb.server.OdbcUtil,17,0,99,0,198,23,10,no
org.hsqldb.server.PgType,11,0,96,0,320,25,12,yes
org.hsqldb.server.RecoverableOdbcFailure,2,0,61,0,31,51,7,no
org.hsqldb.server.Server,53,2,94,0,1079,94,81,no
org.hsqldb.server.Server.ServerThread,3,0,0,0,10,88,2,yes
org.hsqldb.server.ServerAcl,26,0,85,0,306,24,11,no
org.hsqldb.server.ServerAcl.AclEntry,7,0,25,0,64,17,4,no
org.hsqldb.server.ServerAcl.InternalException,0,0,0,0,1,44,0,no
org.hsqldb.server.ServerConfiguration,8,0,0,0,133,21,8,no
org.hsqldb.server.ServerConnection,59,0,78,0,1164,26,13,yes
org.hsqldb.server.ServerConnection.CleanExit,0,0,0,0,1,44,0,no
org.hsqldb.server.ServerConnection.ClientFailure,1,0,0,0,9,46,2,yes
org.hsqldb.server.ServerProperties,16,0,93,1,186,59,7,yes
org.hsqldb.server.Servlet,18,0,50,1,146,17,4,yes
org.hsqldb.server.StatementPortal,11,0,57,0,65,16,3,yes
org.hsqldb.server.WebServer,10,0,100,1,70,101,7,no
org.hsqldb.server.WebServerConnection,41,0,83,0,315,22,9,yes
org.hsqldb.Session,87,0,97,0,1432,133,120,yes
org.hsqldb.Session.TimeoutManager,4,0,11,0,39,16,3,yes
org.hsqldb.SessionContext,32,0,88,0,225,39,26,yes
org.hsqldb.SessionData,43,0,84,0,440,41,28,no
org.hsqldb.SessionManager,15,0,68,0,127,31,18,yes
org.hsqldb.SetFunction,27,0,74,0,451,22,9,yes
org.hsqldb.SortAndSlice,24,0,85,0,342,33,20,yes
org.hsqldb.SqlInvariants,6,0,92,0,86,17,4,yes
org.hsqldb.Statement,11,8,96,0,152,53,40,no
org.hsqldb.StatementCommand,53,0,62,1,1085,61,8,yes
org.hsqldb.StatementCompound,40,0,91,1,591,83,30,no
org.hsqldb.StatementCursor,9,0,100,3,38,93,3,no
org.hsqldb.StatementDML,54,2,91,2,1224,112,28,yes
org.hsqldb.StatementDMQL,36,5,94,1,492,84,31,yes
org.hsqldb.StatementExpression,20,0,60,2,99,94,10,yes
org.hsqldb.StatementHandler,12,0,86,1,130,68,15,no
org.hsqldb.StatementInsert,27,0,66,3,203,117,5,yes
org.hsqldb.StatementManager,17,0,50,0,163,23,10,yes
org.hsqldb.StatementProcedure,28,0,58,2,235,96,12,yes
org.hsqldb.StatementQuery,13,1,100,2,50,90,6,yes
org.hsqldb.StatementResultUpdate,23,0,71,3,137,119,7,yes
org.hsqldb.StatementSchema,56,1,89,1,1194,72,19,yes
org.hsqldb.StatementSchemaDefinition,23,0,60,2,137,77,5,yes
org.hsqldb.StatementSession,36,0,92,1,538,62,9,yes
org.hsqldb.StatementSet,34,0,71,2,262,100,16,yes
org.hsqldb.StatementSignal,12,0,75,1,87,63,10,yes
org.hsqldb.StatementSimple,14,0,55,1,91,62,9,yes
org.hsqldb.Table,68,2,96,1,1954,222,166,yes
org.hsqldb.TableBase,19,1,97,0,340,56,43,no
org.hsqldb.TableDerived,31,1,87,2,281,253,31,yes
org.hsqldb.TableUtil,8,0,0,0,34,16,3,no
org.hsqldb.TableWorks,43,0,33,0,903,44,31,yes
org.hsqldb.test.AllTests,26,0,0,1,38,16,3,yes
org.hsqldb.test.BlaineTrig,3,0,0,0,9,15,2,no
org.hsqldb.test.BlankParsedSection,2,0,0,1,8,25,2,no
org.hsqldb.test.ClearTests,2,0,0,0,15,14,1,no
org.hsqldb.test.CountParsedSection,8,0,50,1,45,27,4,no
org.hsqldb.test.DisplaySection,4,0,0,1,20,25,2,no
org.hsqldb.test.ExceptionParsedSection,6,0,33,1,33,26,3,no
org.hsqldb.test.IgnoreParsedSection,2,0,0,1,8,25,2,no
org.hsqldb.test.JDBCBench,23,0,82,0,796,25,12,no
org.hsqldb.test.JDBCBench.ClientThread,11,0,4,0,168,89,3,no
org.hsqldb.test.JDBCBench.MemoryWatcherThread,3,0,41,0,33,90,4,no
org.hsqldb.test.ParsedSection,7,11,85,0,102,23,10,no
org.hsqldb.test.ProceedSection,8,0,44,1,45,26,3,no
org.hsqldb.test.ResultSetOutputParsedSection,10,0,87,1,44,27,4,no
org.hsqldb.test.ResultSetParsedSection,12,0,72,1,152,29,6,no
org.hsqldb.test.SilentParsedSection,4,0,0,1,14,26,3,no
org.hsqldb.test.TestAcl,13,0,78,1,267,30,17,no
org.hsqldb.test.TestAllTypes,18,0,78,0,293,21,8,no
org.hsqldb.test.TestBase,14,21,76,1,91,20,7,yes
org.hsqldb.test.TestBench,23,0,86,0,750,25,12,no
org.hsqldb.test.TestBench.ClientThread,11,0,25,0,121,90,4,no
org.hsqldb.test.TestBench.ClientThreadProcedure,12,0,25,0,81,90,4,no
org.hsqldb.test.TestBench.MemoryWatcherThread,3,0,41,0,33,90,4,no
org.hsqldb.test.TestCacheSize,22,0,85,0,663,37,24,no
org.hsqldb.test.TestCascade,12,0,57,1,90,20,7,no
org.hsqldb.test.TestCollation,15,0,65,2,132,28,8,no
org.hsqldb.test.TestDatabaseMetaData,16,0,0,2,179,25,5,no
org.hsqldb.test.TestDataStructures,16,0,86,1,326,24,11,no
org.hsqldb.test.TestDateTime,12,0,0,2,166,25,5,no
org.hsqldb.test.TestDatetimeSimple,18,0,66,1,193,19,6,yes
org.hsqldb.test.TestDbBackup,23,0,79,1,442,32,19,no
org.hsqldb.test.TestGroupByHaving,11,0,86,1,175,25,12,no
org.hsqldb.test.TestHarness,21,0,66,0,160,733,9,no
org.hsqldb.test.TestHashStructures,19,0,58,1,389,37,24,no
org.hsqldb.test.TestHTTPKeepAlive,12,0,75,2,96,25,5,no
org.hsqldb.test.TestHTTPKeepAlive.KeepAliveThread,7,0,0,0,22,87,1,no
org.hsqldb.test.TestHTTPKeepAlive.TimeoutThread,3,0,0,0,16,87,1,no
org.hsqldb.test.TestINPredicateParameterizationAndCorrelation,9,0,0,2,109,23,3,no
org.hsqldb.test.TestInstantiation,10,0,0,0,25,15,2,no
org.hsqldb.test.TestJavaFunctions,23,0,0,2,113,30,10,no
org.hsqldb.test.TestJDBCGeneratedColumns,9,0,0,2,152,23,3,no
org.hsqldb.test.TestJDBCSavepoints,14,0,66,1,271,19,6,no
org.hsqldb.test.TestKarl,21,0,94,0,165,19,6,no
org.hsqldb.test.TestLibSpeed,11,0,61,0,159,15,2,no
org.hsqldb.test.TestLikePredicateOptimizations,9,0,0,2,177,23,3,no
org.hsqldb.test.TestLobs,26,0,13,2,653,35,15,no
org.hsqldb.test.TestMerge,12,0,86,2,269,37,17,no
org.hsqldb.test.TestMultiInsert,12,0,61,2,81,26,6,no
org.hsqldb.test.TestNullInUnion,6,0,0,1,38,14,1,no
org.hsqldb.test.TestPreparedStatements,12,0,50,1,144,16,3,yes
org.hsqldb.test.TestPreparedStatements.sqlStmt,1,0,19,0,25,16,3,no
org.hsqldb.test.TestPreparedSubQueries,14,0,60,1,190,18,5,no
org.hsqldb.test.TestPreparedSubQueries.sqlStmt,1,0,0,0,11,14,1,no
org.hsqldb.test.TestQuotes,10,0,66,1,83,16,3,no
org.hsqldb.test.TestSchemaParse,9,0,91,1,768,41,28,no
org.hsqldb.test.TestScript,4,0,66,2,16,23,3,no
org.hsqldb.test.TestScriptRunner,29,0,76,0,260,20,7,no
org.hsqldb.test.TestScriptRunner.ScriptRun,13,0,50,0,51,90,4,no
org.hsqldb.test.TestScripts,13,0,66,1,116,30,3,no
org.hsqldb.test.TestSql,24,0,76,2,636,33,13,no
org.hsqldb.test.TestSqlPersistent,27,0,67,1,351,21,8,no
org.hsqldb.test.TestStoredProcedure,14,0,94,2,355,37,17,no
org.hsqldb.test.TestSubQueriesInPreparedStatements,11,0,0,0,77,15,2,no
org.hsqldb.test.TestSubselect,9,0,79,1,255,34,21,no
org.hsqldb.test.TestTextTable,13,0,66,2,355,35,15,no
org.hsqldb.test.TestTextTable.TextTableDescriptor,11,0,64,0,80,23,10,no
org.hsqldb.test.TestTextTables,7,0,91,2,156,32,12,yes
org.hsqldb.test.TestTriggers,11,0,72,2,105,31,11,no
org.hsqldb.test.TestTypeConversion,11,0,19,2,116,25,5,no
org.hsqldb.test.TestUpdatableResults,9,0,0,2,76,22,2,no
org.hsqldb.test.TestUpdatableResultSets,11,0,33,2,186,26,6,no
org.hsqldb.test.TestUtil,41,1,90,0,227,27,14,no
org.hsqldb.test.TestUtil.TestRuntimeException,1,0,0,0,10,52,3,no
org.hsqldb.test.TestViewAsterisks,13,0,83,2,343,41,21,no
org.hsqldb.test.TriggerClass,5,0,66,0,16,16,3,no
org.hsqldb.test.UpdateParsedSection,7,0,50,1,35,27,4,no
org.hsqldb.test.Waiter,5,0,53,0,53,19,6,no
org.hsqldb.test.WaitSection,12,0,41,1,59,26,3,no
org.hsqldb.TextTable,23,0,72,2,200,239,17,yes
org.hsqldb.Token,13,0,68,0,207,21,8,no
org.hsqldb.Tokens,4,0,99,0,2492,20,7,yes
org.hsqldb.TransactionManager2PL,23,0,0,1,200,61,26,yes
org.hsqldb.TransactionManagerCommon,39,3,90,0,534,35,22,yes
org.hsqldb.TransactionManagerMV2PL,27,0,92,1,351,63,28,yes
org.hsqldb.TransactionManagerMVCC,34,0,94,1,612,68,33,yes
org.hsqldb.TriggerDef,25,1,93,0,414,56,43,no
org.hsqldb.TriggerDef.DefaultTrigger,1,0,0,0,4,14,1,no
org.hsqldb.TriggerDef.TriggerData,2,0,0,0,10,14,1,no
org.hsqldb.TriggerDefSQL,12,0,88,1,56,65,9,no
org.hsqldb.TypeInvariants,9,0,0,0,36,13,0,no
org.hsqldb.types.ArrayType,19,0,72,1,336,145,33,yes
org.hsqldb.types.BinaryData,13,0,89,0,180,45,32,yes
org.hsqldb.types.BinaryType,19,2,94,1,524,146,34,yes
org.hsqldb.types.BitType,21,0,93,2,385,175,29,yes
org.hsqldb.types.BlobDataID,10,0,70,0,154,40,27,no
org.hsqldb.types.BlobInputStream,9,0,64,0,77,31,8,no
org.hsqldb.types.BlobType,20,0,98,2,190,168,22,no
org.hsqldb.types.BooleanType,15,0,95,1,185,133,21,no
org.hsqldb.types.CharacterType,30,1,94,1,786,158,46,yes
org.hsqldb.types.Charset,11,0,96,0,159,27,14,yes
org.hsqldb.types.ClobDataID,9,0,58,0,151,36,23,no
org.hsqldb.types.ClobInputStream,9,0,66,0,88,34,9,yes
org.hsqldb.types.ClobType,18,0,98,2,132,175,17,no
org.hsqldb.types.Collation,23,0,90,0,386,48,35,yes
org.hsqldb.types.DateTimeType,31,0,94,2,1406,181,55,yes
org.hsqldb.types.DTIType,12,2,89,1,330,126,14,yes
org.hsqldb.types.IntervalMonthData,8,0,40,0,52,23,10,yes
org.hsqldb.types.IntervalSecondData,7,0,66,0,103,27,14,no
org.hsqldb.types.IntervalType,25,0,95,2,1223,183,57,yes
org.hsqldb.types.JavaObjectData,7,0,44,0,36,22,9,yes
org.hsqldb.types.NullType,9,0,94,1,55,129,17,no
org.hsqldb.types.NumberType,29,0,97,1,1458,172,60,yes
org.hsqldb.types.OtherType,12,0,95,1,103,133,21,no
org.hsqldb.types.RowType,13,0,69,1,327,140,28,yes
org.hsqldb.types.TimeData,0,0,45,0,50,21,8,no
org.hsqldb.types.TimestampData,0,0,33,0,54,23,10,no
org.hsqldb.types.Type,34,9,98,0,824,112,99,yes
org.hsqldb.types.Types,14,0,93,0,342,20,7,yes
org.hsqldb.types.UserTypeModifier,15,0,77,0,133,32,19,no
org.hsqldb.util.CodeSwitcher,14,0,80,0,287,25,12,no
org.hsqldb.util.CommonSwing,15,0,86,0,97,19,6,no
org.hsqldb.util.ConnectionDialog,26,0,75,0,201,713,8,no
org.hsqldb.util.ConnectionDialogCommon,21,0,66,0,179,19,6,no
org.hsqldb.util.ConnectionDialogSwing,33,0,79,0,228,759,9,no
org.hsqldb.util.ConnectionSetting,1,0,77,0,45,22,9,no
org.hsqldb.util.CSVWriter,8,0,75,0,50,19,6,no
org.hsqldb.util.DataAccessPoint,10,2,84,0,68,32,19,no
org.hsqldb.util.DataAccessPointException,1,0,0,0,8,46,2,no
org.hsqldb.util.DatabaseManager,53,1,91,0,923,564,31,no
org.hsqldb.util.DatabaseManagerCommon,15,0,99,0,238,21,8,no
org.hsqldb.util.DatabaseManagerSwing,107,0,96,0,2041,615,58,no
org.hsqldb.util.DatabaseManagerSwing.DBMPrefs,13,0,29,0,123,16,3,no
org.hsqldb.util.DatabaseManagerSwing.PopupListener,8,0,69,0,127,17,4,no
org.hsqldb.util.DatabaseManagerSwing.StatementExecRunnable,6,0,0,0,20,14,1,no
org.hsqldb.util.FontDialogSwing,19,0,68,0,177,755,5,no
org.hsqldb.util.Grid,13,0,86,0,265,529,23,no
org.hsqldb.util.GridSwing,15,0,66,0,102,44,14,no
org.hsqldb.util.HelperFactory,10,0,0,0,24,15,2,no
org.hsqldb.util.HsqldbTransferHelper,8,0,0,1,47,38,8,no
org.hsqldb.util.InformixTransferHelper,4,0,0,1,32,35,5,no
org.hsqldb.util.JDBCTypes,5,0,66,0,90,17,4,no
org.hsqldb.util.MainInvoker,12,0,55,0,65,16,3,no
org.hsqldb.util.McKoiTransferHelper,8,0,0,1,29,35,5,no
org.hsqldb.util.OracleTransferHelper,12,0,75,1,101,38,8,no
org.hsqldb.util.PostgresTransferHelper,10,0,71,1,90,37,7,no
org.hsqldb.util.preprocessor.AntResolver,2,0,0,0,12,16,3,no
org.hsqldb.util.preprocessor.BasicResolver,4,0,33,0,30,16,3,no
org.hsqldb.util.preprocessor.Defines,7,0,40,0,123,23,10,no
org.hsqldb.util.preprocessor.Document,16,0,25,0,185,29,16,no
org.hsqldb.util.preprocessor.Line,5,0,81,0,97,24,11,no
org.hsqldb.util.preprocessor.LineType,9,0,89,0,62,16,3,no
org.hsqldb.util.preprocessor.Option,0,0,84,0,45,26,13,no
org.hsqldb.util.preprocessor.Parser,7,0,28,0,173,20,7,no
org.hsqldb.util.preprocessor.Preprocessor,21,0,80,0,413,38,25,no
org.hsqldb.util.preprocessor.PreprocessorAntTask,8,0,83,1,82,30,17,no
org.hsqldb.util.preprocessor.PreprocessorException,1,0,0,0,5,45,1,no
org.hsqldb.util.preprocessor.Token,0,0,80,0,61,17,4,no
org.hsqldb.util.preprocessor.Tokenizer,6,0,50,0,156,24,11,no
org.hsqldb.util.SqlServerTransferHelper,7,0,66,1,64,36,6,no
org.hsqldb.util.SQLStatements,1,0,0,0,17,13,0,no
org.hsqldb.util.TableSorter,21,0,90,0,349,57,27,no
org.hsqldb.util.TableSorter.Arrow,4,0,33,0,41,17,4,no
org.hsqldb.util.TableSorter.Directive,0,0,0,0,8,14,1,no
org.hsqldb.util.TableSorter.MouseHandler,7,0,0,0,17,23,1,no
org.hsqldb.util.TableSorter.Row,6,0,0,0,30,15,2,no
org.hsqldb.util.TableSorter.SortableHeaderRenderer,6,0,0,0,20,15,2,no
org.hsqldb.util.TableSorter.TableModelHandler,3,0,0,0,27,14,1,no
org.hsqldb.util.Transfer,44,0,85,0,797,563,30,no
org.hsqldb.util.TransferCommon,15,0,0,0,60,16,3,no
org.hsqldb.util.TransferDb,21,0,57,1,660,50,18,no
org.hsqldb.util.TransferHelper,15,6,81,0,120,30,17,no
org.hsqldb.util.TransferResultSet,6,0,39,0,95,21,8,no
org.hsqldb.util.TransferSQLText,25,0,67,1,624,45,13,no
org.hsqldb.util.TransferSQLText.ColumnDef,1,0,0,0,14,14,1,no
org.hsqldb.util.TransferTable,10,0,54,0,292,20,7,no
org.hsqldb.util.Tree,13,0,84,0,240,523,17,no
org.hsqldb.View,19,0,84,3,155,272,19,yes
org.hsqldb.persist.LockFile.BaseException,3,8,25,0,23,48,4,no
org.hsqldb.RangeVariable.RangeVariableConditions,12,0,64,0,304,24,11,yes
org.hsqldb.RangeVariable.RangeIteratorBase,8,2,86,0,83,30,17,yes
org.hsqldb.RangeVariable.RangeIteratorMain,12,1,79,1,221,41,11,yes
org.hsqldb.RangeVariable.RangeIteratorRight,6,0,60,2,68,46,5,no
org.hsqldb.RangeVariable.RangeIteratorJoined,3,0,64,1,53,37,7,no
org.hsqldb.auth.JaasAuthBean.UPCallbackHandler,7,0,0,0,30,15,2,no
org.hsqldb.cmdline.SqlTool.SqlToolException,1,0,66,0,14,47,3,no
org.hsqldb.ParserDQL.CompileContext,28,0,86,0,271,44,31,no
org.hsqldb.HsqlNameManager.HsqlName,13,0,90,1,151,36,17,yes
org.hsqldb.HsqlNameManager.SimpleName,2,1,33,0,27,19,6,yes
org.hsqldb.HsqlException.HsqlRuntimeMemoryError,0,0,0,0,2,51,1,no
org.hsqldb.index.IndexAVL.IndexRowIterator,6,0,68,0,80,21,8,yes
org.hsqldb.persist.LockFile.LockHeldExternallyException,3,0,25,1,24,52,4,no
org.hsqldb.persist.LockFile.UnexpectedEndOfFileException,3,0,0,1,15,51,3,no
org.hsqldb.persist.LockFile.UnexpectedFileIOException,3,0,0,1,14,51,3,no
org.hsqldb.persist.LockFile.UnexpectedFileNotFoundException,3,0,0,1,15,51,3,no
org.hsqldb.persist.LockFile.WrongLengthException,2,0,0,1,13,51,3,no
org.hsqldb.persist.LockFile.WrongMagicException,3,0,0,1,19,51,3,no
org.hsqldb.lib.FileUtil.FileAccessRes,11,0,0,0,47,20,7,yes
org.hsqldb.lib.FileUtil.FileSync,3,0,0,0,8,15,2,no
org.hsqldb.persist.LockFile.FileCanonicalizationException,3,0,0,1,15,51,3,no
org.hsqldb.persist.LockFile.FileSecurityException,3,0,0,1,14,51,3,no
org.hsqldb.jdbc.JDBCSQLXML.SAX2XMLStreamWriter,11,0,73,0,153,32,19,no
org.hsqldb.lib.ReadWriteLockDummy.LockDummy,3,0,0,0,14,19,6,no
org.hsqldb.types.Type.TypedComparator,3,0,53,0,20,18,5,yes
org.hsqldb.server.ServerAcl.AclFormatException,1,0,0,0,5,45,1,no
