classname,CBO,NOC,WMC,RFC,SLOC,DIT,LCOM,change
jEdit-de-masters_of_disaster-ant-tasks-ar-Ar-Ar.java,14,0,7,20,255,1,65,no
jEdit-de-masters_of_disaster-ant-tasks-ar-Ar-ArFileSet.java,2,0,11,24,44,1,83,no
jEdit-de-masters_of_disaster-ant-tasks-ar-Ar-ArLongFileMode.java,1,0,8,21,34,1,85,no
jEdit-de-masters_of_disaster-ant-tasks-ar-ArEntry-ArEntry.java,7,0,24,37,120,0,81,no
jEdit-de-masters_of_disaster-ant-tasks-ar-ArOutputStream-ArOutputStream.java,8,0,7,32,94,0,74,no
jEdit-de-masters_of_disaster-ant-tasks-ar-ArUtils-ArUtils.java,4,0,6,19,75,0,0,no
jEdit-de-masters_of_disaster-ant-tasks-calculatesize-CalculateSize-CalculateSize.java,5,0,5,18,47,1,60,no
jEdit-de-masters_of_disaster-ant-tasks-deb-Deb-Deb.java,8,0,10,23,241,1,79,no
jEdit-doclet-GenerateTocXML-GenerateTocXML.java,8,0,6,19,84,0,83,no
jEdit-installer-CBZip2InputStream-CBZip2InputStream.java,4,0,30,53,780,0,89,no
jEdit-installer-CBZip2OutputStream-CBZip2OutputStream.java,6,0,34,53,1595,0,92,no
jEdit-installer-CBZip2OutputStream-StackElem.java,0,0,0,13,5,0,0,no
jEdit-installer-ConsoleInstall-ConsoleInstall.java,15,0,2,15,95,0,50,no
jEdit-installer-ConsoleProgress-ConsoleProgress.java,3,0,5,18,21,0,0,no
jEdit-installer-CRC-CRC.java,0,0,4,17,92,0,50,no
jEdit-installer-Install-Install.java,25,0,7,20,114,0,64,no
jEdit-installer-InstallThread-InstallThread.java,18,0,3,89,88,0,22,no
jEdit-installer-NonInteractiveInstall-NonInteractiveInstall.java,11,0,1,14,58,0,0,no
jEdit-installer-OperatingSystem-OperatingSystem.java,10,3,4,17,280,0,75,no
jEdit-installer-OperatingSystem-MacOS.java,1,0,2,24,10,2,0,no
jEdit-installer-OperatingSystem-OSTask.java,4,3,9,22,45,0,75,yes
jEdit-installer-OperatingSystem-Unix.java,13,1,5,22,129,1,0,no
jEdit-installer-OperatingSystem-ManPageOSTask.java,9,0,3,25,25,1,0,no
jEdit-installer-OperatingSystem-ScriptOSTask.java,10,0,3,25,58,1,0,yes
jEdit-installer-OperatingSystem-VMS.java,1,0,1,18,6,1,0,no
jEdit-installer-OperatingSystem-Windows.java,4,0,2,19,50,1,0,no
jEdit-installer-OperatingSystem-JEditLauncherOSTask.java,8,0,3,25,34,1,0,no
jEdit-installer-ServerKiller-ServerKiller.java,16,0,2,15,63,0,0,yes
jEdit-installer-SwingInstall-SwingInstall.java,30,0,3,727,632,0,40,no
jEdit-installer-SwingInstall-ActionHandler.java,4,0,1,14,23,0,0,no
jEdit-installer-SwingInstall-ChooseDirectory.java,19,0,3,702,97,0,55,no
jEdit-installer-SwingInstall-DirVerifier.java,11,0,7,23,115,0,61,no
jEdit-installer-SwingInstall-SelectComponents.java,16,0,4,703,63,0,50,no
jEdit-installer-SwingInstall-SwingProgress.java,7,0,7,706,79,0,85,no
jEdit-installer-SwingInstall-TextPanel.java,9,0,1,700,23,0,0,no
jEdit-installer-SwingInstall-WindowHandler.java,2,0,1,25,6,0,0,no
jEdit-installer-SwingInstall-WizardLayout.java,8,0,5,18,67,0,0,no
jEdit-net-sourceforge-jarbundler-AppBundleProperties-AppBundleProperties.java,9,0,52,65,189,0,96,no
jEdit-net-sourceforge-jarbundler-DocumentType-DocumentType.java,5,0,14,27,52,0,84,no
jEdit-net-sourceforge-jarbundler-HelpBook-HelpBook.java,3,0,10,23,37,1,80,no
jEdit-net-sourceforge-jarbundler-JarBundler-JarBundler.java,24,0,72,85,679,1,94,no
jEdit-net-sourceforge-jarbundler-JavaProperty-JavaProperty.java,1,0,5,18,22,0,60,no
jEdit-net-sourceforge-jarbundler-PropertyListWriter-PropertyListWriter.java,25,0,14,27,212,0,80,no
jEdit-net-sourceforge-jarbundler-Service-Service.java,4,0,16,29,59,0,87,no
jEdit-org-gjt-sp-jedit-Abbrevs-Abbrevs.java,33,0,17,30,394,0,75,no
jEdit-org-gjt-sp-jedit-Abbrevs-Expansion.java,5,0,1,14,64,0,0,no
jEdit-org-gjt-sp-jedit-AbstractOptionPane-AbstractOptionPane.java,13,26,17,716,179,0,77,no
jEdit-org-gjt-sp-jedit-ActionContext-ActionContext.java,4,2,2,22,13,1,0,no
jEdit-org-gjt-sp-jedit-ActionListHandler-ActionListHandler.java,12,0,10,41,121,0,70,no
jEdit-org-gjt-sp-jedit-ActionSet-ActionSet.java,16,0,15,46,105,1,76,no
jEdit-org-gjt-sp-jedit-Autosave-Autosave.java,6,0,4,17,50,0,50,no
jEdit-org-gjt-sp-jedit-BeanShell-BeanShell.java,26,0,15,28,250,0,50,yes
jEdit-org-gjt-sp-jedit-BeanShell-MyBeanShellFacade.java,12,0,5,34,57,1,0,yes
jEdit-org-gjt-sp-jedit-BeanShellAction-BeanShellAction.java,13,0,7,38,116,2,68,yes
jEdit-org-gjt-sp-jedit-BeanShellAction-CachedBshMethod.java,5,0,3,16,30,0,22,no
jEdit-org-gjt-sp-jedit-BeanShellFacade-BeanShellFacad.java,21,2,16,29,175,0,81,yes
jEdit-org-gjt-sp-jedit-browser-AbstractBrowserTask-AbstractBrowserTask.java,5,4,1,30,56,1,0,no
jEdit-org-gjt-sp-jedit-browser-AbstractBrowserTask-MyTaskListener.java,6,0,7,20,37,0,71,no
jEdit-org-gjt-sp-jedit-browser-BrowserCommandsMenu-BrowserCommandsMenu.java,22,0,7,768,251,0,71,yes
jEdit-org-gjt-sp-jedit-browser-BrowserCommandsMenu-ActionHandler.java,8,0,1,14,25,0,0,no
jEdit-org-gjt-sp-jedit-browser-BrowserView-BrowserView.java,41,0,17,716,554,0,74,yes
jEdit-org-gjt-sp-jedit-browser-BrowserView-LoadingPlaceholder.java,0,0,0,13,1,0,0,no
jEdit-org-gjt-sp-jedit-browser-BrowserView-ParentDirectoryList.java,15,0,1,772,108,0,0,no
jEdit-org-gjt-sp-jedit-browser-BrowserView-ParentDirectoryRenderer.java,10,0,2,748,41,0,0,no
jEdit-org-gjt-sp-jedit-browser-BrowserView-ParentMouseHandler.java,10,0,2,24,54,0,0,no
jEdit-org-gjt-sp-jedit-browser-BrowserView-TableMouseHandler.java,18,0,3,25,98,0,0,no
jEdit-org-gjt-sp-jedit-browser-DeleteBrowserTask-DeleteBrowserTask.java,10,0,3,33,48,2,0,no
jEdit-org-gjt-sp-jedit-browser-FileCellRenderer-FileCellRenderer.java,22,0,7,750,199,0,82,no
jEdit-org-gjt-sp-jedit-browser-FileCellRenderer-ExpansionToggleBorder.java,7,0,5,18,54,0,68,no
jEdit-org-gjt-sp-jedit-browser-ListDirectoryBrowserTask-ListDirectoryBrowserTask.java,11,0,3,33,53,2,33,no
jEdit-org-gjt-sp-jedit-browser-MkDirBrowserTask-MkDirBrowserTask.java,10,0,3,33,48,2,0,no
jEdit-org-gjt-sp-jedit-browser-RenameBrowserTask-RenameBrowserTask.java,13,0,3,33,71,2,0,no
jEdit-org-gjt-sp-jedit-browser-VFSBrowser-VFSBrowser.java,111,0,61,760,1532,0,94,yes
jEdit-org-gjt-sp-jedit-browser-VFSBrowser-ActionHandler.java,13,0,3,16,64,0,33,no
jEdit-org-gjt-sp-jedit-browser-VFSBrowser-BrowserActionContext.java,14,0,1,23,38,2,0,no
jEdit-org-gjt-sp-jedit-browser-VFSBrowser-CommandsMenuButton.java,4,0,2,822,13,2,0,yes
jEdit-org-gjt-sp-jedit-browser-VFSBrowser-DelayedEndRequest.java,2,0,1,14,7,0,0,no
jEdit-org-gjt-sp-jedit-browser-VFSBrowser-DirectoriesOnlyFilter.java,4,0,3,16,18,0,0,no
jEdit-org-gjt-sp-jedit-browser-VFSBrowser-FavoritesMenuButton.java,14,0,3,823,106,2,0,yes
jEdit-org-gjt-sp-jedit-browser-VFSBrowser-HistoryComboBoxEditor.java,6,0,5,846,67,1,60,no
jEdit-org-gjt-sp-jedit-browser-VFSBrowser-MenuButton.java,8,3,5,820,42,1,100,yes
jEdit-org-gjt-sp-jedit-browser-VFSBrowser-MouseHandler.java,4,0,1,23,14,0,0,yes
jEdit-org-gjt-sp-jedit-browser-VFSBrowser-VFSFileFilterRenderer.java,3,0,1,747,13,0,0,no
jEdit-org-gjt-sp-jedit-browser-VFSDirectoryEntryTable-VFSDirectoryEntryTable.java,47,0,15,904,509,0,87,no
jEdit-org-gjt-sp-jedit-browser-VFSDirectoryEntryTable-ClearTypeSelect.java,3,0,1,14,6,0,0,no
jEdit-org-gjt-sp-jedit-browser-VFSDirectoryEntryTable-ColumnHandler.java,4,0,5,18,10,0,0,no
jEdit-org-gjt-sp-jedit-browser-VFSDirectoryEntryTable-HeaderRenderer.java,5,0,2,745,19,0,0,no
jEdit-org-gjt-sp-jedit-browser-VFSDirectoryEntryTable-MainMouseHandler.java,12,0,1,24,15,0,0,no
jEdit-org-gjt-sp-jedit-browser-VFSDirectoryEntryTable-MouseHandler.java,10,0,1,24,21,0,0,no
jEdit-org-gjt-sp-jedit-browser-VFSDirectoryEntryTableModel-VFSDirectoryEntryTableModel.java,15,0,19,49,278,0,69,no
jEdit-org-gjt-sp-jedit-browser-VFSDirectoryEntryTableModel-Entry.java,3,0,2,15,18,0,60,no
jEdit-org-gjt-sp-jedit-browser-VFSDirectoryEntryTableModel-EntryCompare.java,9,0,2,15,51,0,0,no
jEdit-org-gjt-sp-jedit-browser-VFSDirectoryEntryTableModel-ExtendedAttribute.java,1,0,1,14,9,0,0,no
jEdit-org-gjt-sp-jedit-browser-VFSFileChooserDialog-VFSFileChooserDialog.java,37,0,14,771,452,1,83,yes
jEdit-org-gjt-sp-jedit-browser-VFSFileChooserDialog-ActionHandler.java,3,0,1,14,9,0,0,no
jEdit-org-gjt-sp-jedit-browser-VFSFileChooserDialog-BrowserHandler.java,12,0,2,15,76,0,0,yes
jEdit-org-gjt-sp-jedit-browser-VFSFileChooserDialog-GetFileTypeRequest.java,6,0,2,15,47,0,0,yes
jEdit-org-gjt-sp-jedit-browser-VFSFileNameField-VFSFileNameField.java,18,0,5,846,206,1,0,yes
jEdit-org-gjt-sp-jedit-bsh-BlockNameSpace-BlockNameSpace.java,6,0,10,97,53,1,0,no
jEdit-org-gjt-sp-jedit-bsh-BSHAllocationExpression-BSHAllocationExpression.java,26,0,10,41,190,1,90,no
jEdit-org-gjt-sp-jedit-bsh-BSHAmbiguousName-BSHAmbiguousName.java,12,0,8,39,56,1,75,no
jEdit-org-gjt-sp-jedit-bsh-BSHArguments-BSHArguments.java,4,0,2,33,17,1,0,no
jEdit-org-gjt-sp-jedit-bsh-BSHArrayDimensions-BSHArrayDimensions.java,9,0,5,36,66,1,65,no
jEdit-org-gjt-sp-jedit-bsh-BSHArrayInitializer-BSHArrayInitializer.java,12,0,4,35,74,1,0,no
jEdit-org-gjt-sp-jedit-bsh-BSHAssignment-BSHAssignment.java,12,0,3,34,107,1,66,no
jEdit-org-gjt-sp-jedit-bsh-BSHBinaryExpression-BSHBinaryExpression.java,12,0,4,35,88,1,75,no
jEdit-org-gjt-sp-jedit-bsh-BSHBlock-BSHBlock.java,9,0,4,35,78,1,50,no
jEdit-org-gjt-sp-jedit-bsh-BSHCastExpression-BSHCastExpression.java,8,0,2,33,18,1,0,no
jEdit-org-gjt-sp-jedit-bsh-BSHClassDeclaration-BSHClassDeclaration.java,11,0,3,34,45,1,66,no
jEdit-org-gjt-sp-jedit-bsh-BshClassManager-BshClassManager.java,27,1,32,45,290,0,91,no
jEdit-org-gjt-sp-jedit-bsh-BshClassManager-SignatureKey.java,2,0,3,16,48,0,16,no
jEdit-org-gjt-sp-jedit-bsh-BSHEnhancedForStatement-BSHEnhancedForStatement.java,14,0,2,33,77,1,50,no
jEdit-org-gjt-sp-jedit-bsh-BSHFormalComment-BSHFormalComment.java,1,0,1,32,7,1,100,no
jEdit-org-gjt-sp-jedit-bsh-BSHFormalParameter-BSHFormalParameter.java,6,0,3,34,25,1,77,no
jEdit-org-gjt-sp-jedit-bsh-BSHFormalParameters-BSHFormalParameters.java,6,0,5,36,56,1,65,no
jEdit-org-gjt-sp-jedit-bsh-BSHForStatement-BSHForStatement.java,8,0,2,33,67,1,56,no
jEdit-org-gjt-sp-jedit-bsh-BSHIfStatement-BSHIfStatement.java,6,0,3,34,37,1,0,no
jEdit-org-gjt-sp-jedit-bsh-BSHImportDeclaration-BSHImportDeclaration.java,9,0,2,33,41,1,50,no
jEdit-org-gjt-sp-jedit-bsh-BSHLiteral-BSHLiteral.java,9,0,5,36,80,1,40,no
jEdit-org-gjt-sp-jedit-bsh-BshMethod-BshMethod.java,26,1,14,27,219,0,81,no
jEdit-org-gjt-sp-jedit-bsh-BSHMethodDeclaration-BSHMethodDeclaration.java,14,0,8,39,94,1,73,no
jEdit-org-gjt-sp-jedit-bsh-BSHMethodInvocation-BSHMethodInvocation.java,14,0,4,35,42,1,0,no
jEdit-org-gjt-sp-jedit-bsh-BSHPackageDeclaration-BSHPackageDeclaration.java,6,0,2,33,15,1,0,no
jEdit-org-gjt-sp-jedit-bsh-BSHPrimaryExpression-BSHPrimaryExpression.java,7,0,4,35,53,1,0,no
jEdit-org-gjt-sp-jedit-bsh-BSHPrimarySuffix-BSHPrimarySuffix.java,22,0,6,37,182,1,85,no
jEdit-org-gjt-sp-jedit-bsh-BSHPrimitiveType-BSHPrimitiveType.java,1,0,2,33,6,1,50,no
jEdit-org-gjt-sp-jedit-bsh-BSHReturnStatement-BSHReturnStatement.java,5,0,2,33,15,1,50,no
jEdit-org-gjt-sp-jedit-bsh-BSHReturnType-BSHReturnType.java,7,0,4,35,25,1,50,no
jEdit-org-gjt-sp-jedit-bsh-BSHStatementExpressionList-BSHStatementExpressionList.java,4,0,2,33,15,1,0,no
jEdit-org-gjt-sp-jedit-bsh-BSHSwitchLabel-BSHSwitchLabel.java,3,0,2,33,12,1,50,no
jEdit-org-gjt-sp-jedit-bsh-BSHSwitchStatement-BSHSwitchStatement.java,8,0,3,34,75,1,0,no
jEdit-org-gjt-sp-jedit-bsh-BSHTernaryExpression-BSHTernaryExpression.java,4,0,2,33,15,1,0,no
jEdit-org-gjt-sp-jedit-bsh-BSHThrowStatement-BSHThrowStatement.java,5,0,2,33,13,1,0,no
jEdit-org-gjt-sp-jedit-bsh-BSHTryStatement-BSHTryStatement.java,17,0,2,33,94,1,0,no
jEdit-org-gjt-sp-jedit-bsh-BSHType-BSHType.java,20,0,9,40,110,1,72,no
jEdit-org-gjt-sp-jedit-bsh-BSHTypedVariableDeclaration-BSHTypedVariableDeclaration.java,11,0,6,37,55,1,83,no
jEdit-org-gjt-sp-jedit-bsh-BSHUnaryExpression-BSHUnaryExpression.java,18,0,5,36,79,1,70,no
jEdit-org-gjt-sp-jedit-bsh-BSHVariableDeclarator-BSHVariableDeclarator.java,7,0,3,34,27,1,66,no
jEdit-org-gjt-sp-jedit-bsh-BSHWhileStatement-BSHWhileStatement.java,6,0,2,33,47,1,50,no
jEdit-org-gjt-sp-jedit-bsh-CallStack-CallStack.java,6,0,13,26,60,0,30,no
jEdit-org-gjt-sp-jedit-bsh-Capabilities-Capabilities.java,6,0,5,18,50,0,70,no
jEdit-org-gjt-sp-jedit-bsh-Capabilities-Unavailable.java,1,0,1,49,3,1,0,no
jEdit-org-gjt-sp-jedit-bsh-ClassGenerator-ClassGenerator.java,14,1,4,17,30,0,75,no
jEdit-org-gjt-sp-jedit-bsh-ClassGeneratorImpl-ClassGeneratorImpl.java,36,0,7,24,223,1,0,no
jEdit-org-gjt-sp-jedit-bsh-ClassGeneratorImpl-ClassNodeFilter.java,6,0,3,16,37,0,76,no
jEdit-org-gjt-sp-jedit-bsh-ClassGeneratorUtil-ClassGeneratorUtil.java,43,0,22,35,701,0,89,no
jEdit-org-gjt-sp-jedit-bsh-ClassGeneratorUtil-ConstructorArgs.java,9,0,12,25,21,0,91,no
jEdit-org-gjt-sp-jedit-bsh-ClassIdentifier-ClassIdentifier.java,2,0,3,16,13,0,0,no
jEdit-org-gjt-sp-jedit-bsh-classpath-BshClassLoader-BshClassLoader.java,8,1,7,115,63,0,71,no
jEdit-org-gjt-sp-jedit-bsh-classpath-BshClassPath-BshClassPath.java,35,0,49,62,524,0,93,no
jEdit-org-gjt-sp-jedit-bsh-classpath-BshClassPath-AmbiguousName.java,3,0,2,15,9,0,0,no
jEdit-org-gjt-sp-jedit-bsh-classpath-BshClassPath-ClassSource.java,1,3,1,14,4,0,100,no
jEdit-org-gjt-sp-jedit-bsh-classpath-BshClassPath-DirClassSource.java,7,0,5,19,26,1,0,no
jEdit-org-gjt-sp-jedit-bsh-classpath-BshClassPath-GeneratedClassSource.java,1,0,2,16,6,1,0,no
jEdit-org-gjt-sp-jedit-bsh-classpath-BshClassPath-JarClassSource.java,3,0,4,18,7,1,0,no
jEdit-org-gjt-sp-jedit-bsh-classpath-BshClassPath-UnqualifiedNameTable.java,3,0,1,83,17,0,0,no
jEdit-org-gjt-sp-jedit-bsh-classpath-ClassManagerImpl-ClassManagerImpl.java,39,0,22,67,257,1,82,no
jEdit-org-gjt-sp-jedit-bsh-classpath-DiscreteFilesClassLoader-ClassSourceMap.java,6,0,3,118,32,1,0,no
jEdit-org-gjt-sp-jedit-bsh-classpath-DiscreteFilesClassLoader-DiscreteFilesClassLoader.java,2,0,2,84,9,0,0,no
jEdit-org-gjt-sp-jedit-bsh-ClassPathException-ClassPathException.java,1,0,1,49,3,1,0,no
jEdit-org-gjt-sp-jedit-bsh-collection-CollectionIterator-CollectionIterator.java,4,0,4,17,25,0,25,no
jEdit-org-gjt-sp-jedit-bsh-collection-CollectionManagerImpl-CollectionManagerImpl.java,7,0,4,23,26,1,0,no
jEdit-org-gjt-sp-jedit-bsh-CollectionManager-CollectionManager.java,8,1,6,19,88,0,83,no
jEdit-org-gjt-sp-jedit-bsh-CollectionManager-BasicBshIterator.java,8,0,4,17,42,0,25,no
jEdit-org-gjt-sp-jedit-bsh-CommandLineReader-CommandLineReader.java,6,0,4,38,42,0,75,no
jEdit-org-gjt-sp-jedit-bsh-commands-dir-dir.java,10,0,3,16,66,0,66,no
jEdit-org-gjt-sp-jedit-bsh-DelayedEvalBshMethod-DelayedEvalBshMethod.java,11,0,5,32,47,1,53,no
jEdit-org-gjt-sp-jedit-bsh-EvalError-EvalError.java,4,2,12,56,87,0,63,no
jEdit-org-gjt-sp-jedit-bsh-ExternalNameSpace-ExternalNameSpace.java,14,0,15,102,104,1,46,no
jEdit-org-gjt-sp-jedit-bsh-InterpreterError-InterpreterError.java,45,0,58,71,624,0,93,no
jEdit-org-gjt-sp-jedit-bsh-Interpreter-Interpreter.java,1,0,1,50,7,0,0,no
jEdit-org-gjt-sp-jedit-bsh-JavaCharStream-JavaCharStream.java,8,0,31,44,446,0,80,no
jEdit-org-gjt-sp-jedit-bsh-JJTParserState-JJTParserState.java,4,0,12,25,80,0,48,no
jEdit-org-gjt-sp-jedit-bsh-JThis-JThis.java,39,0,86,110,155,1,0,no
jEdit-org-gjt-sp-jedit-bsh-LHS-LHS.java,19,0,9,22,156,0,59,no
jEdit-org-gjt-sp-jedit-bsh-Modifiers-Modifiers.java,4,0,7,20,65,0,78,no
jEdit-org-gjt-sp-jedit-bsh-Name-Name.java,26,0,19,32,538,0,81,no
jEdit-org-gjt-sp-jedit-bsh-NameSpace-NameSpace.java,34,2,74,87,804,0,95,no
jEdit-org-gjt-sp-jedit-bsh-NameSpace-CommandPathEntry.java,2,0,1,14,9,0,0,no
jEdit-org-gjt-sp-jedit-bsh-org-objectweb-asm-ByteVector-ByteVector.java,4,0,11,24,143,0,9,no
jEdit-org-gjt-sp-jedit-bsh-org-objectweb-asm-ClassWriter-ClassWriter.java,11,0,22,35,397,0,93,no
jEdit-org-gjt-sp-jedit-bsh-org-objectweb-asm-CodeWriter-CodeWriter.java,10,0,31,44,967,0,85,no
jEdit-org-gjt-sp-jedit-bsh-org-objectweb-asm-Edge-Edge.java,1,0,0,13,6,0,0,no
jEdit-org-gjt-sp-jedit-bsh-org-objectweb-asm-Item-Item.java,2,0,8,21,97,0,60,no
jEdit-org-gjt-sp-jedit-bsh-org-objectweb-asm-Label-Label.java,7,0,4,17,102,0,75,no
jEdit-org-gjt-sp-jedit-bsh-org-objectweb-asm-Type-Type.java,13,0,23,36,301,0,88,no
jEdit-org-gjt-sp-jedit-bsh-ParseException-ParseException.java,5,0,11,67,148,1,72,no
jEdit-org-gjt-sp-jedit-bsh-Parser-LookaheadSuccess.java,0,0,0,44,1,0,0,no
jEdit-org-gjt-sp-jedit-bsh-ParserTokenManager-ParserTokenManager.java,8,0,50,63,2098,0,90,no
jEdit-org-gjt-sp-jedit-bsh-Primitive-Primitive.java,20,0,44,57,714,0,84,no
jEdit-org-gjt-sp-jedit-bsh-Primitive-Special.java,0,0,1,14,6,0,100,no
jEdit-org-gjt-sp-jedit-bsh-Reflect-Reflect.java,41,0,40,53,595,0,0,no
jEdit-org-gjt-sp-jedit-bsh-ReflectManager-ReflectManager.java,1,0,1,17,11,1,0,no
jEdit-org-gjt-sp-jedit-bsh-ReflectError-ReflectError.java,1,0,2,46,5,0,0,no
jEdit-org-gjt-sp-jedit-bsh-reflect-ReflectManagerImpl-ReflectManagerImpl.java,3,1,3,16,25,0,66,no
jEdit-org-gjt-sp-jedit-bsh-Remote-Remote.java,21,0,6,19,123,0,0,no
jEdit-org-gjt-sp-jedit-bsh-ReturnControl-ReturnControl.java,1,0,1,14,10,0,0,no
jEdit-org-gjt-sp-jedit-bsh-SimpleNode-SimpleNode.java,11,38,18,31,105,0,88,no
jEdit-org-gjt-sp-jedit-bsh-StringUtil-StringUtil.java,6,0,5,18,56,0,0,no
jEdit-org-gjt-sp-jedit-bsh-TargetError-TargetError.java,9,0,10,66,71,1,65,no
jEdit-org-gjt-sp-jedit-bsh-This-This.java,18,2,11,24,129,0,59,no
jEdit-org-gjt-sp-jedit-bsh-TokenMgrError-TokenMgrError.java,1,0,2,15,18,0,93,no
jEdit-org-gjt-sp-jedit-bsh-Token-Token.java,3,0,6,50,71,0,96,no
jEdit-org-gjt-sp-jedit-bsh-Types-Types.java,22,0,11,24,252,0,91,no
jEdit-org-gjt-sp-jedit-bsh-UtilEvalError-UtilEvalError.java,5,3,4,48,23,0,0,no
jEdit-org-gjt-sp-jedit-bsh-UtilTargetError-UtilTargetError.java,5,0,3,51,20,1,33,no
jEdit-org-gjt-sp-jedit-bsh-Variable-Variable.java,7,0,12,25,73,0,76,no
jEdit-org-gjt-sp-jedit-bsh-XThis-Handler.java,10,0,4,28,83,1,75,no
jEdit-org-gjt-sp-jedit-bsh-XThis-XThis.java,16,0,2,15,49,0,0,no
jEdit-org-gjt-sp-jedit-Buffer-Buffer.java,57,0,80,220,1349,1,96,yes
jEdit-org-gjt-sp-jedit-buffer-BufferAdapter-BufferAdapter.java,1,2,8,21,18,0,0,no
jEdit-org-gjt-sp-jedit-buffer-BufferSegment-BufferSegment.java,3,0,8,21,73,0,43,no
jEdit-org-gjt-sp-jedit-buffer-ContentManager-ContentManager.java,5,0,12,25,145,0,18,yes
jEdit-org-gjt-sp-jedit-buffer-DefaultFoldHandlerProvider-DefaultFoldHandlerProvider.java,5,0,3,16,16,0,0,no
jEdit-org-gjt-sp-jedit-buffer-DummyFoldHandler-DummyFoldHandler.java,2,0,2,24,11,1,0,yes
jEdit-org-gjt-sp-jedit-buffer-ExplicitFoldHandler-ExplicitFoldHandler.java,2,0,2,24,49,1,0,no
jEdit-org-gjt-sp-jedit-buffer-FoldHandler-FoldHandler.java,5,3,9,22,42,0,72,no
jEdit-org-gjt-sp-jedit-buffer-IndentFoldHandler-IndentFoldHandler.java,5,0,4,26,64,1,0,no
jEdit-org-gjt-sp-jedit-buffer-JEditBuffer-JEditBuffer.java,62,1,127,140,1786,0,95,yes
jEdit-org-gjt-sp-jedit-buffer-JEditBuffer-Listener.java,1,0,1,14,10,0,0,no
jEdit-org-gjt-sp-jedit-buffer-JEditBuffer-PropValue.java,2,0,2,15,15,0,25,yes
jEdit-org-gjt-sp-jedit-buffer-KillRing-KillRing.java,9,1,16,29,195,0,60,yes
jEdit-org-gjt-sp-jedit-buffer-LineManager-LineManager.java,7,0,17,30,248,0,70,no
jEdit-org-gjt-sp-jedit-buffer-PositionManager-PositionManager.java,9,0,4,17,121,0,50,no
jEdit-org-gjt-sp-jedit-buffer-PositionManager-PosBottomHalf.java,6,0,8,21,52,0,50,no
jEdit-org-gjt-sp-jedit-buffer-PositionManager-PosTopHalf.java,3,0,3,16,21,0,0,no
jEdit-org-gjt-sp-jedit-buffer-UndoManager-CompoundEdit.java,0,0,3,18,36,1,33,yes
jEdit-org-gjt-sp-jedit-buffer-UndoManager-Edit.java,0,3,2,15,5,0,100,yes
jEdit-org-gjt-sp-jedit-buffer-UndoManager-Insert.java,3,0,3,18,27,1,8,yes
jEdit-org-gjt-sp-jedit-buffer-UndoManager-Remove.java,4,0,3,18,27,1,8,yes
jEdit-org-gjt-sp-jedit-buffer-UndoManager-UndoManager.java,1,0,2,15,14,0,50,yes
jEdit-org-gjt-sp-jedit-BufferHistory-BufferHistory.java,32,0,12,25,345,0,70,no
jEdit-org-gjt-sp-jedit-BufferHistory-Entry.java,3,0,3,16,24,0,46,yes
jEdit-org-gjt-sp-jedit-BufferHistory-RecentHandler.java,10,0,3,34,63,0,61,no
jEdit-org-gjt-sp-jedit-bufferio-BufferAutosaveRequest-BufferAutosaveRequest.java,15,0,2,30,59,2,0,yes
jEdit-org-gjt-sp-jedit-bufferio-BufferInsertRequest-BufferInsertRequest.java,15,0,2,30,69,2,0,yes
jEdit-org-gjt-sp-jedit-bufferio-BufferIORequest-BufferIORequest.java,26,4,9,28,263,1,83,yes
jEdit-org-gjt-sp-jedit-bufferio-BufferLoadRequest-BufferLoadRequest.java,34,0,7,35,276,2,0,yes
jEdit-org-gjt-sp-jedit-bufferio-BufferSaveRequest-BufferSaveRequest.java,18,0,4,32,152,2,0,yes
jEdit-org-gjt-sp-jedit-bufferio-MarkersSaveRequest-MarkersSaveRequest.java,17,0,3,32,80,1,33,yes
jEdit-org-gjt-sp-jedit-bufferset-BufferSetAdapter-BufferSetAdapter.java,16,0,17,30,231,0,67,no
jEdit-org-gjt-sp-jedit-bufferset-BufferSet-BufferSet.java,2,0,1,14,12,0,0,no
jEdit-org-gjt-sp-jedit-bufferset-BufferSetManager-BufferSetManager.java,2,0,1,14,6,0,0,no
jEdit-org-gjt-sp-jedit-bufferset-BufferSet-NameSorter.java,1,0,4,17,15,0,0,no
jEdit-org-gjt-sp-jedit-bufferset-BufferSet-PathSorter.java,22,0,17,30,270,0,70,no
jEdit-org-gjt-sp-jedit-datatransfer-JEditDataFlavor-JEditDataFlavor.java,3,0,0,13,5,0,0,no
jEdit-org-gjt-sp-jedit-datatransfer-JEditRichText-JEditRichText.java,4,0,4,17,23,0,37,no
jEdit-org-gjt-sp-jedit-datatransfer-JEditTransferable-JEditTransferable.java,5,0,4,17,25,0,37,no
jEdit-org-gjt-sp-jedit-datatransfer-ListVFSFileTransferable-ListVFSFileTransferable.java,12,0,4,17,48,0,58,no
jEdit-org-gjt-sp-jedit-datatransfer-RichJEditTextTransferableService-RichJEditTextTransferableService.java,6,0,2,15,11,0,0,no
jEdit-org-gjt-sp-jedit-datatransfer-RichTextTransferable-RichTextTransferable.java,6,0,4,17,25,0,58,no
jEdit-org-gjt-sp-jedit-datatransfer-StringTransferableService-StringTransferableService.java,4,0,2,15,11,0,0,no
jEdit-org-gjt-sp-jedit-datatransfer-TransferHandler-TransferHandler.java,10,0,4,17,36,0,50,no
jEdit-org-gjt-sp-jedit-Debug-Debug.java,2,0,1,14,41,0,100,no
jEdit-org-gjt-sp-jedit-EBMessage-EBMessage.java,4,15,5,18,28,0,19,no
jEdit-org-gjt-sp-jedit-EBPlugin-EBPlugin.java,3,0,2,34,15,1,50,no
jEdit-org-gjt-sp-jedit-EditAction-EditAction.java,4,6,11,31,69,1,0,no
jEdit-org-gjt-sp-jedit-EditAction-Wrapper.java,6,0,2,15,20,0,0,no
jEdit-org-gjt-sp-jedit-EditBus-EditBus.java,23,0,9,22,232,0,66,no
jEdit-org-gjt-sp-jedit-EditBus-EBMessageHandler.java,2,0,1,14,13,0,0,no
jEdit-org-gjt-sp-jedit-EditBus-HandlerList.java,12,0,5,87,91,0,46,no
jEdit-org-gjt-sp-jedit-EditBus-SendMessage.java,5,0,2,15,20,0,0,no
jEdit-org-gjt-sp-jedit-EditPane-EditPane.java,49,0,34,733,832,0,79,yes
jEdit-org-gjt-sp-jedit-EditPane-CaretInfo.java,1,0,0,13,8,0,0,yes
jEdit-org-gjt-sp-jedit-EditPane-MarkerHighlight.java,12,0,6,23,64,1,66,no
jEdit-org-gjt-sp-jedit-EditPane-StatusHandler.java,7,0,3,16,44,0,0,no
jEdit-org-gjt-sp-jedit-EditPlugin-EditPlugin.java,16,3,19,32,189,0,94,yes
jEdit-org-gjt-sp-jedit-EditPlugin-Broken.java,3,0,2,34,14,1,0,no
jEdit-org-gjt-sp-jedit-EditPlugin-Deferred.java,3,0,4,36,21,1,25,no
jEdit-org-gjt-sp-jedit-EditServer-EditServer.java,25,0,8,94,218,0,70,yes
jEdit-org-gjt-sp-jedit-gui-AbbrevEditor-AbbrevEditor.java,12,0,8,707,165,0,50,no
jEdit-org-gjt-sp-jedit-gui-AboutDialog-AboutDialog.java,13,0,3,753,250,0,0,no
jEdit-org-gjt-sp-jedit-gui-AboutDialog-AboutPanel.java,31,0,9,697,198,0,79,no
jEdit-org-gjt-sp-jedit-gui-AbstractContextOptionPane-AbstractContextOptionPane.java,23,2,9,725,219,1,77,no
jEdit-org-gjt-sp-jedit-gui-AbstractContextOptionPane-ActionHandler.java,15,0,1,14,78,0,0,no
jEdit-org-gjt-sp-jedit-gui-AbstractContextOptionPane-ListHandler.java,3,0,1,14,7,0,0,no
jEdit-org-gjt-sp-jedit-gui-AbstractContextOptionPane-MenuItem.java,2,0,2,15,13,0,25,no
jEdit-org-gjt-sp-jedit-gui-AbstractContextOptionPane-MenuItemCompare.java,3,0,1,14,7,0,0,no
jEdit-org-gjt-sp-jedit-gui-ActionBar-ActionBar.java,30,0,6,726,426,0,64,no
jEdit-org-gjt-sp-jedit-gui-ActionBar-ActionHandler.java,4,0,1,14,9,0,0,no
jEdit-org-gjt-sp-jedit-gui-ActionBar-ActionTextField.java,14,0,5,846,115,1,60,no
jEdit-org-gjt-sp-jedit-gui-ActionBar-CompletionList.java,13,0,2,681,95,0,0,no
jEdit-org-gjt-sp-jedit-gui-ActionBar-CompletionPopup.java,2,0,2,773,11,0,0,no
jEdit-org-gjt-sp-jedit-gui-ActionBar-DocumentHandler.java,8,0,2,19,36,0,0,no
jEdit-org-gjt-sp-jedit-gui-ActionBar-KeyHandler.java,3,0,1,23,7,0,0,no
jEdit-org-gjt-sp-jedit-gui-ActionBar-MouseHandler.java,2,0,3,16,13,0,0,no
jEdit-org-gjt-sp-jedit-gui-AddAbbrevDialog-ActionHandler.java,16,0,1,751,86,0,0,no
jEdit-org-gjt-sp-jedit-gui-AddAbbrevDialog-AddAbbrevDialog.java,11,0,1,14,31,0,0,no
jEdit-org-gjt-sp-jedit-gui-AddAbbrevDialog-KeyHandler.java,2,0,1,18,7,0,0,no
jEdit-org-gjt-sp-jedit-gui-AnimatedIcon-AnimatedIcon.java,4,0,9,49,68,0,70,no
jEdit-org-gjt-sp-jedit-gui-AnimatedIcon-Animator.java,4,0,1,14,9,0,0,no
jEdit-org-gjt-sp-jedit-gui-BeanShellErrorDialog-BeanShellErrorDialog.java,3,0,2,766,11,2,0,no
jEdit-org-gjt-sp-jedit-gui-BufferOptions-ActionHandler.java,15,0,3,760,57,1,60,no
jEdit-org-gjt-sp-jedit-gui-BufferOptions-BufferOptions.java,3,0,1,14,11,0,0,no
jEdit-org-gjt-sp-jedit-gui-BufferSwitcher-BufferCellRenderer.java,6,0,2,770,78,0,66,no
jEdit-org-gjt-sp-jedit-gui-BufferSwitcher-BufferSwitcher.java,3,0,1,747,19,0,0,yes
jEdit-org-gjt-sp-jedit-gui-CloseDialog-CloseDialog.java,26,0,6,763,181,1,79,no
jEdit-org-gjt-sp-jedit-gui-CloseDialog-ActionHandler.java,13,0,1,14,70,0,0,yes
jEdit-org-gjt-sp-jedit-gui-CloseDialog-ListHandler.java,9,0,1,14,23,0,0,no
jEdit-org-gjt-sp-jedit-gui-ColorWellButton-ColorWellButton.java,5,0,3,811,70,0,0,no
jEdit-org-gjt-sp-jedit-gui-ColorWellButton-ActionHandler.java,8,0,1,14,23,0,0,no
jEdit-org-gjt-sp-jedit-gui-ColorWellButton-ColorWell.java,3,0,4,17,24,0,50,no
jEdit-org-gjt-sp-jedit-gui-CompleteWord-CompleteWord.java,28,0,11,704,353,1,76,no
jEdit-org-gjt-sp-jedit-gui-CompleteWord-Completion.java,1,0,4,17,25,0,37,no
jEdit-org-gjt-sp-jedit-gui-CompleteWord-Words.java,10,0,6,19,44,0,50,no
jEdit-org-gjt-sp-jedit-gui-CompletionPopup-CompletionPopup.java,27,1,14,693,320,0,62,no
jEdit-org-gjt-sp-jedit-gui-CompletionPopup-CandidateListModel.java,3,0,2,23,12,0,0,no
jEdit-org-gjt-sp-jedit-gui-CompletionPopup-CellRenderer.java,5,0,1,14,10,0,0,no
jEdit-org-gjt-sp-jedit-gui-CompletionPopup-KeyHandler.java,5,0,2,19,95,0,0,no
jEdit-org-gjt-sp-jedit-gui-CompletionPopup-MouseHandler.java,4,0,1,23,14,0,0,no
jEdit-org-gjt-sp-jedit-gui-CompletionPopup-WindowFocusHandler.java,3,0,2,15,11,0,0,no
jEdit-org-gjt-sp-jedit-gui-ContextAddDialog-ContextAddDialog.java,36,0,5,762,149,1,62,no
jEdit-org-gjt-sp-jedit-gui-ContextAddDialog-ActionHandler.java,8,0,1,14,18,0,0,no
jEdit-org-gjt-sp-jedit-gui-DefaultInputHandler-DefaultInputHandler.java,13,0,8,56,138,2,0,no
jEdit-org-gjt-sp-jedit-gui-DockableLayout-DockableLayout.java,10,0,13,26,348,0,77,no
jEdit-org-gjt-sp-jedit-gui-DockablePanel-DockablePanel.java,9,0,6,705,221,0,72,no
jEdit-org-gjt-sp-jedit-gui-DockablePanel-ResizeMouseHandler.java,14,0,6,28,140,0,41,no
jEdit-org-gjt-sp-jedit-gui-DockableWindowFactory-DockableWindowFactory.java,18,0,10,23,380,0,60,yes
jEdit-org-gjt-sp-jedit-gui-DockableWindowFactory-DockableListHandler.java,18,0,13,44,127,0,79,no
jEdit-org-gjt-sp-jedit-gui-DockableWindowFactory-Window.java,17,0,3,16,152,0,44,no
jEdit-org-gjt-sp-jedit-gui-DockableWindowFactory-FloatAction.java,4,0,3,34,19,2,0,no
jEdit-org-gjt-sp-jedit-gui-DockableWindowFactory-OpenAction.java,4,0,3,34,19,2,0,no
jEdit-org-gjt-sp-jedit-gui-DockableWindowFactory-ToggleAction.java,4,0,4,35,24,2,0,no
jEdit-org-gjt-sp-jedit-gui-DockableWindowManager-DockableWindowManager.java,24,1,46,745,415,0,95,yes
jEdit-org-gjt-sp-jedit-gui-DockableWindowManager-DockingLayout.java,4,1,9,22,60,0,88,no
jEdit-org-gjt-sp-jedit-gui-DockableWindowManager-KeyHandler.java,11,0,4,21,54,0,54,no
jEdit-org-gjt-sp-jedit-gui-DockableWindowManagerImpl-Entry.java,42,0,28,773,732,1,86,no
jEdit-org-gjt-sp-jedit-gui-DockableWindowManagerImpl-DockableWindowConfig.java,14,0,4,26,99,1,75,no
jEdit-org-gjt-sp-jedit-gui-DockableWindowManagerImpl-PerspectiveHandler.java,4,0,2,33,28,0,0,yes
jEdit-org-gjt-sp-jedit-gui-DockableWindowManagerImpl-DockableWindowManagerImpl.java,7,0,5,18,38,0,80,no
jEdit-org-gjt-sp-jedit-gui-DockableWindowManagerProvider-DockableWindowManagerProvider.java,7,0,2,15,12,0,0,no
jEdit-org-gjt-sp-jedit-gui-DockingLayoutManager-DockingLayoutManager.java,22,0,18,31,223,0,91,yes
jEdit-org-gjt-sp-jedit-gui-DockingLayoutManager-LoadPerspectiveAction.java,5,0,2,33,13,2,50,no
jEdit-org-gjt-sp-jedit-gui-DynamicContextMenuService-DynamicContextMenuService.java,3,0,1,14,3,0,0,no
jEdit-org-gjt-sp-jedit-gui-EditAbbrevDialog-EditAbbrevDialog.java,19,0,6,756,108,0,66,no
jEdit-org-gjt-sp-jedit-gui-EditAbbrevDialog-ActionHandler.java,7,0,1,14,18,0,0,no
jEdit-org-gjt-sp-jedit-gui-EditAbbrevDialog-KeyHandler.java,2,0,1,18,7,0,0,no
jEdit-org-gjt-sp-jedit-gui-EnhancedButton-EnhancedButton.java,6,0,2,817,64,1,50,no
jEdit-org-gjt-sp-jedit-gui-EnhancedButton-MouseHandler.java,9,0,3,25,32,0,0,no
jEdit-org-gjt-sp-jedit-gui-EnhancedDialog-EnhancedDialog.java,5,20,7,757,129,0,71,no
jEdit-org-gjt-sp-jedit-gui-EnhancedDialog-ContainerHandler.java,4,0,4,20,39,0,0,no
jEdit-org-gjt-sp-jedit-gui-EnhancedDialog-KeyHandler.java,7,0,1,18,46,0,0,no
jEdit-org-gjt-sp-jedit-gui-EnhancedDialog-WindowHandler.java,2,0,1,25,6,0,0,no
jEdit-org-gjt-sp-jedit-gui-ErrorListDialog-ErrorListDialog.java,27,0,3,760,149,1,66,no
jEdit-org-gjt-sp-jedit-gui-ErrorListDialog-ActionHandler.java,6,0,1,14,13,0,0,no
jEdit-org-gjt-sp-jedit-gui-ErrorListDialog-ErrorEntry.java,6,0,4,17,52,0,37,no
jEdit-org-gjt-sp-jedit-gui-ErrorListDialog-JTextPaneSized.java,3,0,1,858,10,0,0,no
jEdit-org-gjt-sp-jedit-gui-ExtendedGridLayout-ExtendedGridLayout.java,21,0,17,30,780,0,75,no
jEdit-org-gjt-sp-jedit-gui-ExtendedGridLayoutConstraints-ExtendedGridLayoutConstraints.java,5,0,19,32,152,0,71,no
jEdit-org-gjt-sp-jedit-gui-FilePropertiesDialog-FilePropertiesDialog.java,33,0,11,768,246,1,79,no
jEdit-org-gjt-sp-jedit-gui-FilePropertiesDialog-ButtonActionHandler.java,3,0,1,14,14,0,0,no
jEdit-org-gjt-sp-jedit-gui-FilesChangedDialog-FilesChangedDialog.java,27,0,6,763,322,1,66,no
jEdit-org-gjt-sp-jedit-gui-FilesChangedDialog-ActionHandler.java,4,0,1,14,14,0,0,no
jEdit-org-gjt-sp-jedit-gui-FilesChangedDialog-Renderer.java,7,0,3,777,28,1,33,no
jEdit-org-gjt-sp-jedit-gui-FilesChangedDialog-TreeHandler.java,9,0,1,14,22,0,0,no
jEdit-org-gjt-sp-jedit-gui-FilteredListModel-FilteredListMode.java,12,1,17,38,153,0,82,no
jEdit-org-gjt-sp-jedit-gui-FilteredTableModel-FilteredTableMode.java,12,1,21,51,147,0,79,yes
jEdit-org-gjt-sp-jedit-gui-FloatingWindowContainer-FloatingWindowContainer.java,21,0,10,734,131,0,78,no
jEdit-org-gjt-sp-jedit-gui-FloatingWindowContainer-MouseHandler.java,9,0,1,23,19,0,0,no
jEdit-org-gjt-sp-jedit-gui-FontSelector-FontSelector.java,7,0,7,815,89,0,42,no
jEdit-org-gjt-sp-jedit-gui-FontSelector-ActionHandler.java,9,0,1,14,27,0,0,no
jEdit-org-gjt-sp-jedit-gui-FontSelectorDialog-ActionHandler.java,32,0,11,768,266,1,84,no
jEdit-org-gjt-sp-jedit-gui-FontSelectorDialog-FontSelectorDialog.java,3,0,1,14,9,0,0,no
jEdit-org-gjt-sp-jedit-gui-FontSelectorDialog-ListHandler.java,6,0,1,14,25,0,0,no
jEdit-org-gjt-sp-jedit-gui-GrabKeyDialog-GrabKeyDialog.java,28,0,10,760,363,0,84,no
jEdit-org-gjt-sp-jedit-gui-GrabKeyDialog-ActionHandler.java,11,0,2,15,84,0,0,no
jEdit-org-gjt-sp-jedit-gui-GrabKeyDialog-InputPane.java,16,0,4,828,81,0,50,no
jEdit-org-gjt-sp-jedit-gui-GrabKeyDialog-KeyBinding.java,1,0,2,15,18,0,37,yes
jEdit-org-gjt-sp-jedit-gui-HistoryModel-HistoryModel.java,6,0,20,74,136,0,83,no
jEdit-org-gjt-sp-jedit-gui-HistoryText-HistoryText.java,14,1,19,32,241,0,71,no
jEdit-org-gjt-sp-jedit-gui-HistoryText-ActionHandler.java,4,0,1,14,22,0,0,no
jEdit-org-gjt-sp-jedit-gui-HistoryTextArea-HistoryTextArea.java,11,0,9,830,109,0,0,yes
jEdit-org-gjt-sp-jedit-gui-HistoryTextField-HistoryTextField.java,14,3,17,841,217,0,72,yes
jEdit-org-gjt-sp-jedit-gui-HistoryTextField-HistoryBorder.java,5,0,2,25,23,0,0,no
jEdit-org-gjt-sp-jedit-gui-HistoryTextField-MouseHandler.java,8,0,4,27,33,0,50,no
jEdit-org-gjt-sp-jedit-gui-InputHandler-InputHandler.java,33,1,14,48,318,1,28,no
jEdit-org-gjt-sp-jedit-gui-JCheckBoxList-JCheckBoxList.java,16,0,10,899,152,0,80,no
jEdit-org-gjt-sp-jedit-gui-JCheckBoxList-DummyRenderer.java,2,0,1,744,9,0,0,no
jEdit-org-gjt-sp-jedit-gui-JCheckBoxList-Entry.java,0,0,4,17,23,0,50,no
jEdit-org-gjt-sp-jedit-gui-JCheckBoxList-LabelRenderer.java,7,0,2,745,21,0,0,no
jEdit-org-gjt-sp-jedit-gui-JEditHistoryModelSaver-JEditHistoryModelSaver.java,27,0,3,16,146,0,55,yes
jEdit-org-gjt-sp-jedit-gui-KeyEventTranslator-KeyEventTranslator.java,18,0,11,24,393,0,82,no
jEdit-org-gjt-sp-jedit-gui-KeyEventTranslator-Key.java,4,0,6,19,52,0,56,no
jEdit-org-gjt-sp-jedit-gui-KeyEventWorkaround-KeyEventWorkaround.java,7,0,6,19,279,0,75,yes
jEdit-org-gjt-sp-jedit-gui-ListModelEditor-ListModelEditor.java,8,0,3,16,91,0,0,no
jEdit-org-gjt-sp-jedit-gui-LogViewer-LogViewer.java,33,0,10,709,445,0,85,no
jEdit-org-gjt-sp-jedit-gui-LogViewer-ActionHandler.java,9,0,1,14,39,0,0,no
jEdit-org-gjt-sp-jedit-gui-LogViewer-ColorizerCellRenderer.java,5,0,1,728,48,0,0,no
jEdit-org-gjt-sp-jedit-gui-LogViewer-ListHandler.java,3,0,3,16,17,0,0,no
jEdit-org-gjt-sp-jedit-gui-LogViewer-LogList.java,7,0,3,774,41,0,33,no
jEdit-org-gjt-sp-jedit-gui-LogViewer-LogSettings.java,6,0,1,751,113,0,100,yes
jEdit-org-gjt-sp-jedit-gui-LogViewer-MyFilteredListModel.java,3,0,3,41,27,1,0,no
jEdit-org-gjt-sp-jedit-gui-MarkerViewer-KeyHandler.java,30,0,11,710,210,0,65,no
jEdit-org-gjt-sp-jedit-gui-MarkerViewer-MarkerViewer.java,4,0,1,18,12,0,0,no
jEdit-org-gjt-sp-jedit-gui-MarkerViewer-MouseHandler.java,4,0,1,23,10,0,0,no
jEdit-org-gjt-sp-jedit-gui-MarkerViewer-Renderer.java,8,0,1,747,24,0,0,no
jEdit-org-gjt-sp-jedit-gui-NumericTextField-NumericTextField.java,6,0,3,827,25,0,33,no
jEdit-org-gjt-sp-jedit-gui-OptionsDialog-OptionsDialog.java,40,2,17,774,532,1,83,no
jEdit-org-gjt-sp-jedit-gui-OptionsDialog-OptionTreeModel.java,7,0,14,27,145,0,71,no
jEdit-org-gjt-sp-jedit-gui-OptionsDialog-PaneNameRenderer.java,8,0,3,777,52,1,33,no
jEdit-org-gjt-sp-jedit-gui-PanelWindowContainer-PanelWindowContainer.java,35,0,17,30,670,0,79,no
jEdit-org-gjt-sp-jedit-gui-PanelWindowContainer-ActionHandler.java,6,0,1,14,16,0,0,no
jEdit-org-gjt-sp-jedit-gui-PanelWindowContainer-ButtonLayout.java,11,0,8,21,147,0,0,no
jEdit-org-gjt-sp-jedit-gui-PanelWindowContainer-DockableWindowCompare.java,4,0,1,14,12,0,0,no
jEdit-org-gjt-sp-jedit-gui-PanelWindowContainer-DockBorder.java,10,0,7,20,102,0,54,no
jEdit-org-gjt-sp-jedit-gui-PanelWindowContainer-MenuMouseHandler.java,11,0,1,23,43,0,0,no
jEdit-org-gjt-sp-jedit-gui-PanelWindowContainer-RotatedTextIcon.java,12,0,4,17,82,0,32,no
jEdit-org-gjt-sp-jedit-gui-PasteSpecialDialog-PasteSpecialDialog.java,29,0,7,764,215,1,64,no
jEdit-org-gjt-sp-jedit-gui-PasteFromListDialog-ActionHandler.java,3,0,1,14,10,0,0,no
jEdit-org-gjt-sp-jedit-gui-PasteFromListDialog-ListHandler.java,2,0,1,14,7,0,0,no
jEdit-org-gjt-sp-jedit-gui-PasteFromListDialog-MouseHandler.java,2,0,1,23,7,0,0,no
jEdit-org-gjt-sp-jedit-gui-PasteFromListDialog-Renderer.java,5,0,3,749,50,0,33,no
jEdit-org-gjt-sp-jedit-gui-PingPongList-ActionHandler.java,5,0,1,14,19,0,0,no
jEdit-org-gjt-sp-jedit-gui-PingPongList-MyListDataListener.java,4,0,4,17,22,0,0,no
jEdit-org-gjt-sp-jedit-gui-PingPongList-MyListMode.java,4,0,8,29,47,0,0,no
jEdit-org-gjt-sp-jedit-gui-PingPongList-MyTransferabl.java,6,0,4,17,23,0,50,no
jEdit-org-gjt-sp-jedit-gui-PingPongList-MyTransferHandler.java,12,0,4,39,81,0,50,no
jEdit-org-gjt-sp-jedit-gui-PingPongList-PingPongLis.java,40,0,9,708,332,0,82,no
jEdit-org-gjt-sp-jedit-gui-RegisterViewer-ClearHandler.java,2,0,1,14,6,0,0,no
jEdit-org-gjt-sp-jedit-gui-RegisterViewer-EscapeHandler.java,6,0,5,18,34,0,0,no
jEdit-org-gjt-sp-jedit-gui-RegisterViewer-FocusHandler.java,5,0,1,14,7,0,0,no
jEdit-org-gjt-sp-jedit-gui-RegisterViewer-InsertHandler.java,4,0,2,15,10,0,0,no
jEdit-org-gjt-sp-jedit-gui-RegisterViewer-ListHandler.java,2,0,1,14,6,0,0,no
jEdit-org-gjt-sp-jedit-gui-RegisterViewer-MouseHandler.java,7,0,1,14,32,0,0,no
jEdit-org-gjt-sp-jedit-gui-RegisterViewer-RegisterViewer.java,10,0,1,23,24,0,0,no
jEdit-org-gjt-sp-jedit-gui-RegisterViewer-Renderer.java,7,0,1,747,41,0,0,no
jEdit-org-gjt-sp-jedit-gui-RegisterViewer-TabHandler.java,3,0,1,14,6,0,0,no
jEdit-org-gjt-sp-jedit-gui-RolloverButton-MouseOverHandler.java,6,6,7,815,70,0,78,no
jEdit-org-gjt-sp-jedit-gui-RolloverButton-RolloverButton.java,4,0,2,24,13,0,0,no
jEdit-org-gjt-sp-jedit-gui-SelectLineRange-SelectLineRange.java,30,0,5,762,117,1,56,no
jEdit-org-gjt-sp-jedit-gui-ShortcutPrefixActiveEvent-ShortcutPrefixActiveEvent.java,5,0,6,23,39,0,61,no
jEdit-org-gjt-sp-jedit-gui-SplashScreen-SplashScreen.java,25,0,7,695,139,0,77,no
jEdit-org-gjt-sp-jedit-gui-StatusBar-StatusBar.java,34,0,15,714,340,0,83,yes
jEdit-org-gjt-sp-jedit-gui-statusbar-BufferSetWidgetFactory-BufferSetWidget.java,3,0,1,14,92,0,0,no
jEdit-org-gjt-sp-jedit-gui-statusbar-BufferSetWidgetFactory-BufferSetWidgetFactory.java,14,0,5,18,84,0,50,no
jEdit-org-gjt-sp-jedit-gui-statusbar-ClockWidgetFactory-Clock.java,3,0,1,14,79,0,0,no
jEdit-org-gjt-sp-jedit-gui-statusbar-ClockWidgetFactory-ClockWidget.java,11,0,8,735,52,0,75,no
jEdit-org-gjt-sp-jedit-gui-statusbar-ClockWidgetFactory-ClockWidgetFactory.java,2,0,4,17,17,0,50,no
jEdit-org-gjt-sp-jedit-gui-statusbar-EncodingWidgetFactory-EncodingWidget.java,3,0,1,14,41,0,0,no
jEdit-org-gjt-sp-jedit-gui-statusbar-EncodingWidgetFactory-EncodingWidgetFactory.java,8,0,4,17,32,0,37,no
jEdit-org-gjt-sp-jedit-gui-statusbar-ErrorsWidgetFactory-ErrorsWidgetFactory.java,4,0,1,14,225,0,0,no
jEdit-org-gjt-sp-jedit-gui-statusbar-ErrorsWidgetFactory-ErrorDialog.java,21,0,5,762,108,1,71,yes
jEdit-org-gjt-sp-jedit-gui-statusbar-ErrorsWidgetFactory-MyActionListener.java,8,0,1,14,28,0,0,no
jEdit-org-gjt-sp-jedit-gui-statusbar-ErrorsWidgetFactory-ErrorHighlight.java,16,0,6,733,84,0,72,no
jEdit-org-gjt-sp-jedit-gui-statusbar-ErrorsWidgetFactory-MyMouseAdapter.java,10,0,2,24,20,0,0,no
jEdit-org-gjt-sp-jedit-gui-statusbar-ErrorsWidgetFactory-ErrorWidget.java,4,0,4,17,21,0,25,no
jEdit-org-gjt-sp-jedit-gui-statusbar-FoldWidgetFactory-FoldWidget.java,3,0,1,14,41,0,0,no
jEdit-org-gjt-sp-jedit-gui-statusbar-FoldWidgetFactory-FoldWidgetFactory.java,9,0,4,17,32,0,37,no
jEdit-org-gjt-sp-jedit-gui-statusbar-IndentWidgetFactory-IndentWidget.java,3,0,1,14,57,0,0,no
jEdit-org-gjt-sp-jedit-gui-statusbar-IndentWidgetFactory-IndentWidgetFactory.java,10,0,4,17,48,0,37,no
jEdit-org-gjt-sp-jedit-gui-statusbar-LastModifiedWidgetFactory-LastModifiedWidget.java,3,0,1,14,94,0,0,no
jEdit-org-gjt-sp-jedit-gui-statusbar-LastModifiedWidgetFactory-LastModifiedWidgetFactory.java,19,0,6,19,86,0,70,no
jEdit-org-gjt-sp-jedit-gui-statusbar-LineSepWidgetFactory-LineSepWidget.java,3,0,1,14,55,0,0,no
jEdit-org-gjt-sp-jedit-gui-statusbar-LineSepWidgetFactory-LineSepWidgetFactory.java,14,0,4,17,46,0,25,no
jEdit-org-gjt-sp-jedit-gui-statusbar-MemoryStatusWidgetFactory-MemoryStatus.java,3,0,1,14,146,0,0,no
jEdit-org-gjt-sp-jedit-gui-statusbar-MemoryStatusWidgetFactory-MemoryStatusWidget.java,24,0,7,695,119,0,77,no
jEdit-org-gjt-sp-jedit-gui-statusbar-MemoryStatusWidgetFactory-MemoryStatusWidgetFactory.java,5,0,1,23,12,0,0,no
jEdit-org-gjt-sp-jedit-gui-statusbar-MemoryStatusWidgetFactory-MouseHandler.java,3,0,4,17,17,0,50,no
jEdit-org-gjt-sp-jedit-gui-statusbar-ModeWidgetFactory-ModeWidget.java,3,0,1,14,41,0,0,no
jEdit-org-gjt-sp-jedit-gui-statusbar-ModeWidgetFactory-ModeWidgetFactory.java,9,0,4,17,32,0,37,no
jEdit-org-gjt-sp-jedit-gui-StatusBar-MouseHandler.java,6,0,1,23,11,0,0,no
jEdit-org-gjt-sp-jedit-gui-statusbar-MultiSelectWidgetFactory-MultiSelectWidget.java,3,0,1,14,61,0,0,no
jEdit-org-gjt-sp-jedit-gui-statusbar-MultiSelectWidgetFactory-MultiSelectWidgetFactory.java,13,0,4,17,52,0,25,no
jEdit-org-gjt-sp-jedit-gui-statusbar-OverwriteWidgetFactory-OverwriteWidget.java,3,0,1,14,61,0,0,no
jEdit-org-gjt-sp-jedit-gui-statusbar-OverwriteWidgetFactory-OverwriteWidgetFactory.java,13,0,4,17,52,0,25,no
jEdit-org-gjt-sp-jedit-gui-statusbar-RectSelectWidgetFactory-RectSelectWidget.java,3,0,1,14,61,0,0,no
jEdit-org-gjt-sp-jedit-gui-statusbar-RectSelectWidgetFactory-RectSelectWidgetFactory.java,13,0,4,17,52,0,25,no
jEdit-org-gjt-sp-jedit-gui-statusbar-SelectionLengthWidgetFactory-SelectionLength.java,3,0,1,14,94,0,0,no
jEdit-org-gjt-sp-jedit-gui-statusbar-SelectionLengthWidgetFactory-SelectionLengthWidget.java,13,0,5,18,86,0,33,no
jEdit-org-gjt-sp-jedit-gui-statusbar-SelectionLengthWidgetFactory-SelectionLengthWidgetFactory.java,4,0,3,730,21,0,33,no
jEdit-org-gjt-sp-jedit-gui-statusbar-TaskMonitorWidgetFactory-TaskMonitorWidget.java,6,0,1,14,91,0,0,no
jEdit-org-gjt-sp-jedit-gui-statusbar-TaskMonitorWidgetFactory-TaskMonitorWidgetFactory.java,6,0,12,739,81,0,0,no
jEdit-org-gjt-sp-jedit-gui-statusbar-ToolTipLabel-ToolTipLabel.java,3,1,1,728,8,0,0,no
jEdit-org-gjt-sp-jedit-gui-statusbar-WrapWidgetFactory-WrapWidget.java,3,0,1,14,72,0,0,no
jEdit-org-gjt-sp-jedit-gui-statusbar-WrapWidgetFactory-WrapWidgetFactory.java,14,0,5,18,63,0,30,no
jEdit-org-gjt-sp-jedit-gui-StyleEditor-StyleEditor.java,28,0,8,765,144,1,69,no
jEdit-org-gjt-sp-jedit-gui-TaskMonitor-TaskMonitor.java,16,0,10,709,208,0,73,yes
jEdit-org-gjt-sp-jedit-gui-TaskMonitor-TaskTableEditor.java,10,0,2,15,40,0,0,no
jEdit-org-gjt-sp-jedit-gui-TaskMonitor-TaskTableEditor.java,7,0,3,26,25,0,50,no
jEdit-org-gjt-sp-jedit-gui-TaskMonitor-TaskTableModel.java,5,0,8,38,55,0,50,no
jEdit-org-gjt-sp-jedit-gui-TextAreaDialog-ActionHandler.java,22,1,7,764,75,1,0,no
jEdit-org-gjt-sp-jedit-gui-TextAreaDialog-TextAreaDialog.java,2,0,1,14,6,0,0,no
jEdit-org-gjt-sp-jedit-gui-TipOfTheDay-ActionHandler.java,29,0,4,761,96,1,70,no
jEdit-org-gjt-sp-jedit-gui-TipOfTheDay-TipOfTheDay.java,6,0,1,14,15,0,0,no
jEdit-org-gjt-sp-jedit-gui-ToolBarManager-Entry.java,7,0,5,18,65,0,50,no
jEdit-org-gjt-sp-jedit-gui-ToolBarManager-ToolBarManager.java,1,0,1,14,9,0,0,no
jEdit-org-gjt-sp-jedit-gui-tray-JEditSwingTrayIcon-JEditSwingTrayIcon.java,16,0,3,57,120,2,66,no
jEdit-org-gjt-sp-jedit-gui-tray-JEditSwingTrayIcon-MyActionListener.java,5,0,2,15,25,0,0,no
jEdit-org-gjt-sp-jedit-gui-tray-JEditSwingTrayIcon-MyMouseAdapter.java,13,0,2,24,50,0,50,no
jEdit-org-gjt-sp-jedit-gui-tray-JEditTrayIcon-JEditTrayIcon.java,2,1,2,54,8,1,0,no
jEdit-org-gjt-sp-jedit-gui-tray-JTrayIcon-JTrayIcon.java,11,1,3,52,76,0,58,no
jEdit-org-gjt-sp-jedit-gui-tray-JTrayIconManager-JTrayIconManager.java,9,0,1,23,12,0,0,no
jEdit-org-gjt-sp-jedit-gui-tray-JTrayIcon-MyMouseListener.java,4,0,3,16,16,0,0,no
jEdit-org-gjt-sp-jedit-gui-tray-JTrayIcon-MyPopupMenuListener.java,11,0,3,16,65,0,33,no
jEdit-org-gjt-sp-jedit-gui-VariableGridLayout-VariableGridLayout.java,12,0,19,32,436,0,84,no
jEdit-org-gjt-sp-jedit-GUIUtilities-GUIUtilities.java,85,0,71,84,1270,0,96,yes
jEdit-org-gjt-sp-jedit-GUIUtilities-SizeSaver.java,13,0,5,23,75,0,40,no
jEdit-org-gjt-sp-jedit-GUIUtilities-UnixWorkaround.java,12,0,1,14,91,0,16,no
jEdit-org-gjt-sp-jedit-GUIUtilities-ComponentHandler.java,10,0,2,20,37,0,0,no
jEdit-org-gjt-sp-jedit-GUIUtilities-WindowHandler.java,10,0,1,25,19,0,0,no
jEdit-org-gjt-sp-jedit-help-HelpHistoryModel-HelpHistoryModel.java,8,0,14,27,167,0,45,no
jEdit-org-gjt-sp-jedit-help-HelpHistoryModel-HistoryEntry.java,2,0,5,18,31,0,19,no
jEdit-org-gjt-sp-jedit-help-HelpIndex-HelpIndex.java,25,0,10,23,271,0,63,no
jEdit-org-gjt-sp-jedit-help-HelpIndex-HelpFile.java,1,0,3,16,19,0,50,no
jEdit-org-gjt-sp-jedit-help-HelpIndex-Word.java,3,0,2,15,40,0,37,no
jEdit-org-gjt-sp-jedit-help-HelpIndex-Occurrence.java,1,0,1,14,9,0,0,no
jEdit-org-gjt-sp-jedit-help-HelpSearchPanel-HelpSearchPanel.java,20,0,2,701,214,0,37,no
jEdit-org-gjt-sp-jedit-help-HelpSearchPanel-ActionHandler.java,10,0,1,14,74,0,0,no
jEdit-org-gjt-sp-jedit-help-HelpSearchPanel-MouseHandler.java,6,0,1,23,12,0,0,no
jEdit-org-gjt-sp-jedit-help-HelpSearchPanel-Result.java,2,0,1,14,11,0,0,no
jEdit-org-gjt-sp-jedit-help-HelpSearchPanel-ResultCompare.java,2,0,1,14,9,0,0,no
jEdit-org-gjt-sp-jedit-help-HelpSearchPanel-ResultIcon.java,8,0,4,17,36,0,75,no
jEdit-org-gjt-sp-jedit-help-HelpSearchPanel-ResultRenderer.java,4,0,1,747,24,0,0,no
jEdit-org-gjt-sp-jedit-help-HelpTOCPanel-HelpNode.java,28,0,6,705,332,0,66,no
jEdit-org-gjt-sp-jedit-help-HelpTOCPanel-HelpTOCPanel.java,1,0,2,15,12,0,25,no
jEdit-org-gjt-sp-jedit-help-HelpTOCPanel-PluginCompare.java,3,0,1,14,9,0,0,no
jEdit-org-gjt-sp-jedit-help-HelpTOCPanel-TOCCellRenderer.java,4,0,2,776,18,1,50,no
jEdit-org-gjt-sp-jedit-help-HelpTOCPanel-TOCHandler.java,7,0,4,35,54,0,50,no
jEdit-org-gjt-sp-jedit-help-HelpTOCPanel-TOCTree.java,13,0,5,848,79,0,0,no
jEdit-org-gjt-sp-jedit-help-HelpViewer-ActionHandler.java,38,0,13,737,381,0,84,no
jEdit-org-gjt-sp-jedit-help-HelpViewer-HelpViewer.java,10,0,1,14,50,0,0,no
jEdit-org-gjt-sp-jedit-help-HelpViewer-KeyHandler.java,6,0,1,18,29,0,0,no
jEdit-org-gjt-sp-jedit-help-HelpViewer-LinkHandler.java,10,0,1,14,32,0,0,no
jEdit-org-gjt-sp-jedit-help-HelpViewer-PropertyChangeHandler.java,11,0,1,14,19,0,0,no
jEdit-org-gjt-sp-jedit-help-HistoryButton-DropActionHandler.java,11,0,5,704,117,0,75,no
jEdit-org-gjt-sp-jedit-help-HistoryButton-HistoryButton.java,8,0,1,14,38,0,0,no
jEdit-org-gjt-sp-jedit-help-HistoryButton-HistoryListActionHandler.java,4,0,2,35,14,0,0,no
jEdit-org-gjt-sp-jedit-indent-BracketIndentRule-BracketIndentRule.java,5,2,4,17,113,0,50,no
jEdit-org-gjt-sp-jedit-indent-BracketIndentRule-Brackets.java,0,0,0,13,5,0,0,no
jEdit-org-gjt-sp-jedit-indent-BracketIndentRule-LineScanner.java,5,0,5,18,82,0,55,no
jEdit-org-gjt-sp-jedit-indent-CloseBracketIndentRule-AlignBracket.java,6,0,2,19,102,1,0,no
jEdit-org-gjt-sp-jedit-indent-CloseBracketIndentRule-CloseBracketIndentRule.java,4,0,7,20,56,0,73,no
jEdit-org-gjt-sp-jedit-indent-DeepIndentRule-DeepIndentRule.java,8,0,3,16,151,0,66,no
jEdit-org-gjt-sp-jedit-indent-DeepIndentRule-Parens.java,10,0,4,17,71,0,50,no
jEdit-org-gjt-sp-jedit-indent-IndentAction-AlignOffset.java,1,0,3,16,16,0,33,no
jEdit-org-gjt-sp-jedit-indent-IndentAction-AlignParameter.java,1,0,3,16,16,0,33,no
jEdit-org-gjt-sp-jedit-indent-IndentAction-Collapse.java,1,0,3,16,14,0,0,no
jEdit-org-gjt-sp-jedit-indent-IndentAction-Decrease.java,1,0,2,15,11,0,0,no
jEdit-org-gjt-sp-jedit-indent-IndentAction-Increase.java,1,0,5,18,27,0,19,no
jEdit-org-gjt-sp-jedit-indent-IndentAction-NoIncrease.java,2,0,2,15,13,0,0,no
jEdit-org-gjt-sp-jedit-indent-IndentAction-Reset.java,1,0,2,15,11,0,0,no
jEdit-org-gjt-sp-jedit-indent-IndentRuleFactory-IndentRuleFactory.java,9,0,8,21,57,0,0,no
jEdit-org-gjt-sp-jedit-indent-OpenBracketIndentRule-OpenBracketIndentRule.java,6,0,4,21,50,1,75,no
jEdit-org-gjt-sp-jedit-indent-RegexpIndentRule-RegexpIndentRule.java,9,0,4,17,93,0,44,no
jEdit-org-gjt-sp-jedit-indent-RegexpIndentRule-TokenFilter.java,4,0,3,16,40,0,33,no
jEdit-org-gjt-sp-jedit-indent-WhitespaceRule-WhitespaceRule.java,6,0,1,14,29,0,0,no
jEdit-org-gjt-sp-jedit-input-AbstractInputHandler-AbstractInputHandle.java,14,2,21,34,211,0,92,no
jEdit-org-gjt-sp-jedit-input-DefaultInputHandlerProvider-DefaultInputHandlerProvider.java,1,0,2,15,12,0,0,no
jEdit-org-gjt-sp-jedit-input-TextAreaInputHandler-TextAreaInputHandler.java,19,1,9,43,228,1,44,no
jEdit-org-gjt-sp-jedit-io-AutoDetection-AutoDetection.java,13,0,5,18,112,0,0,no
jEdit-org-gjt-sp-jedit-io-AutoDetection-Result.java,6,0,4,17,33,0,50,no
jEdit-org-gjt-sp-jedit-io-CharsetEncoding-CharsetEncoding.java,11,0,4,17,23,0,0,yes
jEdit-org-gjt-sp-jedit-io-CopyFileWorker-CopyFileWorker.java,16,0,9,38,173,1,59,yes
jEdit-org-gjt-sp-jedit-io-EncodingServer-EncodingServer.java,19,0,6,19,68,0,50,no
jEdit-org-gjt-sp-jedit-io-EncodingWithBOM-EncodingWithBOM.java,14,0,4,17,108,0,67,yes
jEdit-org-gjt-sp-jedit-io-EncodingWithBOM-Detector.java,4,0,1,14,50,0,0,no
jEdit-org-gjt-sp-jedit-io-FavoritesVFS-Favorite.java,13,0,10,63,169,1,62,yes
jEdit-org-gjt-sp-jedit-io-FavoritesVFS-FavoritesVFS.java,6,0,4,50,28,1,50,yes
jEdit-org-gjt-sp-jedit-io-FileRootsVFS-FileRootsVFS.java,9,0,5,58,100,1,80,no
jEdit-org-gjt-sp-jedit-io-FileRootsVFS-Root.java,7,0,2,48,42,1,0,no
jEdit-org-gjt-sp-jedit-io-FileVFS-FileVFS.java,28,0,19,72,414,1,92,no
jEdit-org-gjt-sp-jedit-io-FileVFS-LocalFile.java,9,0,10,56,90,1,82,yes
jEdit-org-gjt-sp-jedit-io-GlobVFSFileFilter-GlobVFSFileFilter.java,6,0,7,20,47,0,50,no
jEdit-org-gjt-sp-jedit-io-LocalFileSaveTask-LocalFileSaveTask.java,11,0,2,31,47,1,12,yes
jEdit-org-gjt-sp-jedit-io-RegexEncodingDetector-RegexEncodingDetector.java,9,0,3,16,48,0,55,no
jEdit-org-gjt-sp-jedit-io-UrlVFS-UrlVFS.java,12,0,5,58,59,1,0,no
jEdit-org-gjt-sp-jedit-io-VFS-VFS.java,45,4,40,53,581,0,96,yes
jEdit-org-gjt-sp-jedit-io-VFS-ColorEntry.java,2,0,1,14,9,0,0,no
jEdit-org-gjt-sp-jedit-io-VFS-DirectoryEntryCompare.java,2,0,2,15,19,0,0,yes
jEdit-org-gjt-sp-jedit-io-VFS-SessionGetter.java,3,0,3,16,15,0,33,no
jEdit-org-gjt-sp-jedit-io-VFSFile-VFSFile.java,19,3,33,46,282,0,91,yes
jEdit-org-gjt-sp-jedit-io-VFSManager-VFSManager.java,30,0,18,31,260,0,88,yes
jEdit-org-gjt-sp-jedit-io-VFSManager-ErrorDisplayer.java,9,0,3,16,80,0,33,yes
jEdit-org-gjt-sp-jedit-io-VFSManager-SendVFSUpdatesSafely.java,7,0,1,14,16,0,0,yes
jEdit-org-gjt-sp-jedit-io-XMLEncodingDetector-XMLEncodingDetector.java,7,0,2,15,50,0,0,no
jEdit-org-gjt-sp-jedit-JARClassLoader-JARClassLoader.java,28,0,18,99,355,0,79,no
jEdit-org-gjt-sp-jedit-JARClassLoader-SingleElementEnumeration.java,1,0,3,16,23,0,0,no
jEdit-org-gjt-sp-jedit-jEdit-jEdit.java,166,0,144,157,2932,0,96,yes
jEdit-org-gjt-sp-jedit-jEdit-DockingLayoutSetter.java,6,0,2,15,18,0,0,no
jEdit-org-gjt-sp-jedit-jEdit-FirewallAuthenticator.java,2,0,2,30,12,0,0,yes
jEdit-org-gjt-sp-jedit-jEdit-JEditPropertyManager.java,3,0,1,14,7,0,0,no
jEdit-org-gjt-sp-jedit-jEdit-MyFocusManager.java,12,0,2,147,38,0,0,no
jEdit-org-gjt-sp-jedit-JEditAbstractEditAction-JEditAbstractEditActio.java,2,5,7,20,33,0,50,no
jEdit-org-gjt-sp-jedit-JEditActionContext-JEditActionContex.java,12,2,7,20,74,0,53,no
jEdit-org-gjt-sp-jedit-JEditActionSet-JEditActionSe.java,16,3,18,31,171,0,72,yes
jEdit-org-gjt-sp-jedit-JEditBeanShellAction-JEditBeanShellAction.java,11,0,7,27,117,1,71,no
jEdit-org-gjt-sp-jedit-JEditBeanShellAction-MyBeanShellFacade.java,7,0,3,32,23,1,0,no
jEdit-org-gjt-sp-jedit-JEditKillRing-JEditKillRing.java,19,0,3,32,151,1,0,yes
jEdit-org-gjt-sp-jedit-JEditKillRing-KillRingHandler.java,11,0,5,36,55,0,60,no
jEdit-org-gjt-sp-jedit-JEditMode-JEditMode.java,7,0,6,44,80,1,50,yes
jEdit-org-gjt-sp-jedit-JEditRegisterSaver-JEditRegisterSaver.java,16,0,3,16,125,0,0,yes
jEdit-org-gjt-sp-jedit-JEditRegisterSaver-RegistersHandler.java,8,0,4,35,37,0,41,no
jEdit-org-gjt-sp-jedit-JEditRegistersListener-JEditRegistersListener.java,2,0,1,14,7,0,0,no
jEdit-org-gjt-sp-jedit-Macros-BeanShellHandler.java,30,0,26,39,704,0,89,no
jEdit-org-gjt-sp-jedit-Macros-Handler.java,5,0,4,24,23,1,0,no
jEdit-org-gjt-sp-jedit-Macros-Macro.java,10,1,7,20,39,0,71,no
jEdit-org-gjt-sp-jedit-Macros-Macros.java,6,0,6,37,49,2,66,no
jEdit-org-gjt-sp-jedit-Macros-Recorder.java,12,0,9,22,121,0,74,no
jEdit-org-gjt-sp-jedit-Marker-Marker.java,3,0,7,20,41,0,53,no
jEdit-org-gjt-sp-jedit-menu-DirectoryProvider-DirectoryProvider.java,15,0,3,16,101,0,33,no
jEdit-org-gjt-sp-jedit-menu-EnhancedCheckBoxMenuItem-EnhancedCheckBoxMenuItem.java,21,0,3,860,137,0,44,no
jEdit-org-gjt-sp-jedit-menu-EnhancedCheckBoxMenuItem-Model.java,7,0,2,48,27,0,0,no
jEdit-org-gjt-sp-jedit-menu-EnhancedCheckBoxMenuItem-MouseHandler.java,10,0,3,25,34,0,0,no
jEdit-org-gjt-sp-jedit-menu-EnhancedMenu-EditBusStub.java,13,0,8,916,112,0,77,no
jEdit-org-gjt-sp-jedit-menu-EnhancedMenu-EnhancedMenu.java,4,0,3,16,20,0,16,no
jEdit-org-gjt-sp-jedit-menu-EnhancedMenuItem-EnhancedMenuItem.java,20,0,3,845,138,0,55,no
jEdit-org-gjt-sp-jedit-menu-EnhancedMenuItem-MouseHandler.java,9,0,4,26,37,0,50,no
jEdit-org-gjt-sp-jedit-menu-FavoritesProvider-FavoritesProvider.java,14,0,2,15,62,0,0,no
jEdit-org-gjt-sp-jedit-menu-MacrosProvider-MacrosProvider.java,9,0,3,16,58,0,0,no
jEdit-org-gjt-sp-jedit-menu-MarkersProvider-MarkersProvider.java,11,0,2,15,119,0,0,no
jEdit-org-gjt-sp-jedit-menu-MarkersProvider-MarkersMenuItem.java,12,0,4,846,71,0,60,no
jEdit-org-gjt-sp-jedit-menu-MenuItemTextComparator-MenuItemTextComparator.java,4,0,1,14,22,0,0,no
jEdit-org-gjt-sp-jedit-menu-PluginsProvider-PluginsProvider.java,14,0,3,16,107,0,0,no
jEdit-org-gjt-sp-jedit-menu-RecentDirectoriesProvider-RecentDirectoriesProvider.java,17,0,2,15,84,0,0,no
jEdit-org-gjt-sp-jedit-menu-RecentFilesProvider-RecentFilesProvider.java,20,0,2,15,125,0,0,no
jEdit-org-gjt-sp-jedit-menu-ReloadWithEncodingProvider-ReloadWithEncodingProvider.java,18,0,3,16,91,0,33,no
jEdit-org-gjt-sp-jedit-MiscUtilities-MiscUtilities.java,46,0,47,60,914,0,98,yes
jEdit-org-gjt-sp-jedit-MiscUtilities-VarCompressor.java,9,0,3,16,83,0,50,no
jEdit-org-gjt-sp-jedit-Mode-Mode.java,23,1,25,38,276,0,88,yes
jEdit-org-gjt-sp-jedit-ModeCatalogHandler-ModeCatalogHandler.java,10,1,4,35,54,0,50,yes
jEdit-org-gjt-sp-jedit-msg-BufferChanging-BufferChanging.java,6,0,2,27,18,3,0,yes
jEdit-org-gjt-sp-jedit-msg-BufferUpdate-BufferUpdate.java,4,0,5,23,40,1,90,no
jEdit-org-gjt-sp-jedit-msg-DockableWindowUpdate-DockableWindowUpdate.java,3,0,4,22,31,1,70,no
jEdit-org-gjt-sp-jedit-msg-DynamicMenuChanged-DynamicMenuChanged.java,1,0,3,21,17,1,0,no
jEdit-org-gjt-sp-jedit-msg-EditorExiting-EditorExiting.java,1,0,1,19,7,1,0,no
jEdit-org-gjt-sp-jedit-msg-EditorExitRequested-EditorExitRequested.java,1,0,4,22,20,1,50,no
jEdit-org-gjt-sp-jedit-msg-EditorStarted-EditorStarted.java,1,0,1,19,7,1,0,no
jEdit-org-gjt-sp-jedit-msg-EditPaneUpdate-EditPaneUpdate.java,3,1,4,22,29,1,89,no
jEdit-org-gjt-sp-jedit-msg-PluginUpdate-PluginUpdate.java,5,0,6,24,45,1,78,no
jEdit-org-gjt-sp-jedit-msg-PositionChanging-PositionChanging.java,2,1,3,25,15,2,0,no
jEdit-org-gjt-sp-jedit-msg-PropertiesChanged-PropertiesChanged.java,1,0,2,20,11,1,0,no
jEdit-org-gjt-sp-jedit-msg-PropertiesChanging-PropertiesChanging.java,2,0,2,20,18,1,0,no
jEdit-org-gjt-sp-jedit-msg-RegisterChanged-RegisterChanged.java,4,0,4,22,21,1,0,no
jEdit-org-gjt-sp-jedit-msg-SearchSettingsChanged-SearchSettingsChanged.java,1,0,1,19,7,1,0,no
jEdit-org-gjt-sp-jedit-msg-VFSPathSelected-VFSPathSelected.java,2,0,4,22,23,1,50,no
jEdit-org-gjt-sp-jedit-msg-VFSUpdate-VFSUpdate.java,2,0,3,21,19,1,0,no
jEdit-org-gjt-sp-jedit-msg-ViewUpdate-ViewUpdate.java,3,0,4,22,27,1,85,no
jEdit-org-gjt-sp-jedit-OperatingSystem-OperatingSystem.java,16,0,15,28,198,0,89,yes
jEdit-org-gjt-sp-jedit-OptionGroup-OptionGroup.java,7,2,13,26,106,0,71,no
jEdit-org-gjt-sp-jedit-options-AbbrevsOptionPane-AbbrevsOptionPane.java,40,0,6,722,373,1,66,no
jEdit-org-gjt-sp-jedit-options-AbbrevsOptionPane-AbbrevsModel.java,12,0,10,40,130,0,50,no
jEdit-org-gjt-sp-jedit-options-AbbrevsOptionPane-Abbrev.java,1,0,2,15,10,0,50,no
jEdit-org-gjt-sp-jedit-options-AbbrevsOptionPane-AbbrevCompare.java,3,0,2,15,24,0,0,no
jEdit-org-gjt-sp-jedit-options-AbbrevsOptionPane-ActionHandler.java,11,0,1,14,45,0,0,no
jEdit-org-gjt-sp-jedit-options-AbbrevsOptionPane-HeaderMouseHandler.java,6,0,1,23,15,0,0,no
jEdit-org-gjt-sp-jedit-options-AbbrevsOptionPane-Renderer.java,3,0,1,744,17,0,0,no
jEdit-org-gjt-sp-jedit-options-AbbrevsOptionPane-SelectionHandler.java,2,0,1,14,6,0,0,no
jEdit-org-gjt-sp-jedit-options-AbbrevsOptionPane-TableMouseHandler.java,3,0,1,23,8,0,0,no
jEdit-org-gjt-sp-jedit-options-AppearanceOptionPane-AppearanceOptionPane.java,21,0,5,721,176,1,63,no
jEdit-org-gjt-sp-jedit-options-BrowserColorsOptionPane-BrowserColorsModel.java,9,0,13,43,157,0,30,no
jEdit-org-gjt-sp-jedit-options-BrowserColorsOptionPane-ColorRenderer.java,4,0,2,729,33,0,0,no
jEdit-org-gjt-sp-jedit-options-BrowserColorsOptionPane-Entry.java,2,0,1,14,10,0,0,no
jEdit-org-gjt-sp-jedit-options-BrowserColorsOptionPane-BrowserColorsOptionPane.java,22,0,5,721,135,1,60,yes
jEdit-org-gjt-sp-jedit-options-BrowserColorsOptionPane-ActionHandler.java,5,0,1,14,36,0,0,no
jEdit-org-gjt-sp-jedit-options-BrowserColorsOptionPane-MouseHandler.java,8,0,1,23,16,0,0,no
jEdit-org-gjt-sp-jedit-options-BrowserColorsOptionPane-SelectionHandler.java,2,0,1,14,6,0,0,no
jEdit-org-gjt-sp-jedit-options-BrowserContextOptionPane-BrowserContextOptionPane.java,3,0,3,728,17,2,0,no
jEdit-org-gjt-sp-jedit-options-BrowserOptionPane-BrowserOptionPane.java,5,0,3,719,108,1,33,no
jEdit-org-gjt-sp-jedit-options-BufferOptionPane-BufferOptionPane.java,21,0,3,719,246,1,33,no
jEdit-org-gjt-sp-jedit-options-BufferOptionPane-ActionHandler.java,6,0,1,14,24,0,0,no
jEdit-org-gjt-sp-jedit-options-ContextOptionPane-ContextOptionPane.java,5,0,4,729,30,2,50,no
jEdit-org-gjt-sp-jedit-options-DockingOptionPane-DockingOptionPane.java,23,0,7,723,145,1,76,no
jEdit-org-gjt-sp-jedit-options-DockingOptionPane-DockPositionCellRenderer.java,3,0,2,770,21,0,0,no
jEdit-org-gjt-sp-jedit-options-EditingOptionPane-EditingOptionPane.java,21,0,6,722,406,1,47,no
jEdit-org-gjt-sp-jedit-options-EditingOptionPane-ActionHandler.java,6,0,1,14,17,0,0,no
jEdit-org-gjt-sp-jedit-options-EditingOptionPane-ModeProperties.java,4,0,4,17,134,0,51,no
jEdit-org-gjt-sp-jedit-options-EncodingsOptionPane-EncodingsOptionPane.java,19,0,3,719,105,1,33,no
jEdit-org-gjt-sp-jedit-options-FirewallOptionPane-FirewallOptionPane.java,8,0,3,719,74,1,33,no
jEdit-org-gjt-sp-jedit-options-FirewallOptionPane-ActionHandler.java,4,0,1,14,13,0,0,no
jEdit-org-gjt-sp-jedit-options-GeneralOptionPane-GeneralOptionPane.java,12,0,3,719,188,1,51,yes
jEdit-org-gjt-sp-jedit-options-GeneralOptionPane-LangCellRenderer.java,4,0,1,747,13,0,0,no
jEdit-org-gjt-sp-jedit-options-GlobalOptions-GlobalOptions.java,9,0,8,782,60,2,0,no
jEdit-org-gjt-sp-jedit-options-GutterOptionPane-GutterOptionPane.java,24,0,10,726,253,1,79,no
jEdit-org-gjt-sp-jedit-options-IconTheme-IconTheme.java,3,0,3,16,17,0,66,no
jEdit-org-gjt-sp-jedit-options-IntegerInputVerifier-IntegerInputVerifier.java,6,0,1,17,20,0,0,no
jEdit-org-gjt-sp-jedit-options-MouseOptionPane-MouseOptionPane.java,5,0,3,719,90,1,33,no
jEdit-org-gjt-sp-jedit-options-PluginManagerOptionPane-PluginManagerOptionPane.java,27,0,4,720,276,1,57,yes
jEdit-org-gjt-sp-jedit-options-PluginManagerOptionPane-ActionHandler.java,7,0,1,14,8,0,0,no
jEdit-org-gjt-sp-jedit-options-PluginManagerOptionPane-MirrorModel.java,6,0,5,26,28,0,0,no
jEdit-org-gjt-sp-jedit-options-PluginManagerOptionPane-SingleSelectionModel.java,1,0,2,56,8,0,0,no
jEdit-org-gjt-sp-jedit-options-PluginManagerOptionPane-UpdateMirrorsThread.java,18,0,3,32,95,1,33,yes
jEdit-org-gjt-sp-jedit-options-PluginOptions-PluginOptions.java,8,0,6,780,73,2,66,no
jEdit-org-gjt-sp-jedit-options-PluginOptions-NoPluginsPane.java,0,0,1,717,7,1,0,no
jEdit-org-gjt-sp-jedit-options-PrintOptionPane-PrintOptionPane.java,6,0,3,719,67,1,33,no
jEdit-org-gjt-sp-jedit-options-SaveBackupOptionPane-SaveBackupOptionPane.java,11,0,3,719,128,1,33,no
jEdit-org-gjt-sp-jedit-options-SaveBackupOptionPane-MyActionListener.java,6,0,1,14,13,0,0,no
jEdit-org-gjt-sp-jedit-options-ShortcutsOptionPane-ShortcutsOptionPane.java,49,0,10,726,580,1,76,yes
jEdit-org-gjt-sp-jedit-options-ShortcutsOptionPane-ActionHandler.java,14,0,1,14,97,0,0,no
jEdit-org-gjt-sp-jedit-options-ShortcutsOptionPane-HeaderMouseHandler.java,7,0,1,23,20,0,0,no
jEdit-org-gjt-sp-jedit-options-ShortcutsOptionPane-KeymapCellRenderer.java,4,0,1,747,12,0,0,no
jEdit-org-gjt-sp-jedit-options-ShortcutsOptionPane-KeymapsModel.java,5,0,7,28,49,0,42,no
jEdit-org-gjt-sp-jedit-options-ShortcutsOptionPane-ShortcutsModel.java,10,0,11,41,127,0,63,yes
jEdit-org-gjt-sp-jedit-options-ShortcutsOptionPane-KeyCompare.java,4,0,2,15,38,0,0,no
jEdit-org-gjt-sp-jedit-options-ShortcutsOptionPane-TableMouseHandler.java,8,0,1,23,19,0,0,no
jEdit-org-gjt-sp-jedit-options-StatusBarOptionPane-StatusBarOptionPane.java,25,0,5,721,438,1,58,no
jEdit-org-gjt-sp-jedit-options-StatusBarOptionPane-ActionHandler.java,8,0,1,14,74,0,0,no
jEdit-org-gjt-sp-jedit-options-StatusBarOptionPane-ListHandler.java,3,0,1,14,7,0,0,no
jEdit-org-gjt-sp-jedit-options-StatusBarOptionPane-WidgetListCellRenderer.java,4,0,1,747,14,0,0,no
jEdit-org-gjt-sp-jedit-options-StatusBarOptionPane-WidgetSelectionDialog.java,28,0,5,762,151,1,68,no
jEdit-org-gjt-sp-jedit-options-SyntaxHiliteOptionPane-SyntaxHiliteOptionPane.java,13,0,5,721,201,1,80,no
jEdit-org-gjt-sp-jedit-options-SyntaxHiliteOptionPane-MouseHandler.java,11,0,1,23,23,0,0,no
jEdit-org-gjt-sp-jedit-options-SyntaxHiliteOptionPane-StyleTableModel.java,12,0,8,38,133,0,25,no
jEdit-org-gjt-sp-jedit-options-SyntaxHiliteOptionPane-StyleChoice.java,3,0,2,15,16,0,33,no
jEdit-org-gjt-sp-jedit-options-SyntaxHiliteOptionPane-StyleRenderer.java,5,0,2,729,35,0,0,no
jEdit-org-gjt-sp-jedit-options-TextAreaOptionPane-TextAreaOptionPane.java,18,0,3,719,363,1,33,no
jEdit-org-gjt-sp-jedit-options-TextAreaOptionPane-FontList.java,18,0,4,703,130,0,41,no
jEdit-org-gjt-sp-jedit-options-TextAreaOptionPane-FontItemRenderer.java,2,0,1,747,18,0,0,no
jEdit-org-gjt-sp-jedit-options-ToolBarOptionPane-ToolBarEditDialog.java,44,0,6,763,291,1,58,no
jEdit-org-gjt-sp-jedit-options-ToolBarOptionPane-ActionSetCompare.java,3,0,1,14,6,0,0,no
jEdit-org-gjt-sp-jedit-options-ToolBarOptionPane-ToolBarOptionPane.java,26,0,5,721,308,1,62,no
jEdit-org-gjt-sp-jedit-options-ToolBarOptionPane-ActionHandler.java,11,0,1,14,84,0,0,no
jEdit-org-gjt-sp-jedit-options-ToolBarOptionPane-Button.java,3,0,3,16,24,0,50,no
jEdit-org-gjt-sp-jedit-options-ToolBarOptionPane-ButtonCellRenderer.java,2,0,1,747,12,0,0,no
jEdit-org-gjt-sp-jedit-options-ToolBarOptionPane-ButtonCompare.java,2,0,1,14,9,0,0,no
jEdit-org-gjt-sp-jedit-options-ToolBarOptionPane-IconCellRenderer.java,2,0,1,747,12,0,0,no
jEdit-org-gjt-sp-jedit-options-ToolBarOptionPane-IconListEntry.java,2,0,2,15,13,0,25,no
jEdit-org-gjt-sp-jedit-options-ToolBarOptionPane-ListHandler.java,2,0,1,14,6,0,0,no
jEdit-org-gjt-sp-jedit-options-ViewOptionPane-ViewOptionPane.java,20,0,3,719,196,1,38,yes
jEdit-org-gjt-sp-jedit-options-ViewOptionPane-ActionHandler.java,6,0,1,14,32,0,0,no
jEdit-org-gjt-sp-jedit-options-DockingOptionPane-Entry.java,10,0,11,41,154,0,74,no
jEdit-org-gjt-sp-jedit-options-DockingOptionPane-WindowCompare.java,3,0,2,15,19,0,16,no
jEdit-org-gjt-sp-jedit-options-DockingOptionPane-WindowTableModel.java,2,0,1,14,9,0,0,no
jEdit-org-gjt-sp-jedit-PerspectiveManager-PerspectiveManager.java,18,0,6,19,257,0,76,yes
jEdit-org-gjt-sp-jedit-PerspectiveManager-PerspectiveHandler.java,16,0,7,38,106,0,67,no
jEdit-org-gjt-sp-jedit-PluginJAR-PluginJAR.java,64,0,38,51,1358,0,89,no
jEdit-org-gjt-sp-jedit-PluginJAR-PluginCacheEntry.java,16,0,13,26,244,0,85,no
jEdit-org-gjt-sp-jedit-PluginJAR-PluginDepends.java,1,0,0,13,5,0,0,yes
jEdit-org-gjt-sp-jedit-pluginmgr-InstallPanel-InstallPanel.java,57,0,5,704,1050,0,74,yes
jEdit-org-gjt-sp-jedit-pluginmgr-InstallPanel-ChoosePluginSet.java,9,0,3,818,33,1,33,no
jEdit-org-gjt-sp-jedit-pluginmgr-InstallPanel-ClearPluginSet.java,11,0,2,817,16,1,0,no
jEdit-org-gjt-sp-jedit-pluginmgr-InstallPanel-Entry.java,17,0,4,17,57,0,70,no
jEdit-org-gjt-sp-jedit-pluginmgr-InstallPanel-EntryCompare.java,4,0,2,15,73,0,37,no
jEdit-org-gjt-sp-jedit-pluginmgr-InstallPanel-HeaderMouseHandler.java,6,0,1,23,9,0,0,no
jEdit-org-gjt-sp-jedit-pluginmgr-InstallPanel-HeaderRenderer.java,5,0,2,745,20,0,0,no
jEdit-org-gjt-sp-jedit-pluginmgr-InstallPanel-InstallButton.java,18,0,3,811,78,0,0,no
jEdit-org-gjt-sp-jedit-pluginmgr-InstallPanel-KeyboardAction.java,10,0,2,35,37,0,0,no
jEdit-org-gjt-sp-jedit-pluginmgr-InstallPanel-PluginInfoBox.java,10,0,2,834,30,0,0,yes
jEdit-org-gjt-sp-jedit-pluginmgr-InstallPanel-PluginTableModel.java,32,0,18,48,361,0,77,yes
jEdit-org-gjt-sp-jedit-pluginmgr-InstallPanel-SelectallButton.java,8,0,3,828,33,0,0,no
jEdit-org-gjt-sp-jedit-pluginmgr-InstallPanel-SizeLabel.java,8,0,3,730,37,0,33,no
jEdit-org-gjt-sp-jedit-pluginmgr-InstallPanel-StringMapHandler.java,6,0,2,33,14,0,0,no
jEdit-org-gjt-sp-jedit-pluginmgr-InstallPanel-TableFocusHandler.java,6,0,1,17,16,0,0,no
jEdit-org-gjt-sp-jedit-pluginmgr-InstallPanel-TextRenderer.java,2,0,2,745,17,0,0,no
jEdit-org-gjt-sp-jedit-pluginmgr-ManagePanel-ManagePanel.java,55,0,4,703,1044,0,72,no
jEdit-org-gjt-sp-jedit-pluginmgr-ManagePanel-Entry.java,9,0,2,15,63,0,42,yes
jEdit-org-gjt-sp-jedit-pluginmgr-ManagePanel-EntryCompare.java,4,0,3,16,36,0,66,no
jEdit-org-gjt-sp-jedit-pluginmgr-ManagePanel-FindOrphan.java,26,0,2,810,102,0,0,yes
jEdit-org-gjt-sp-jedit-pluginmgr-ManagePanel-HeaderMouseHandler.java,13,0,1,23,75,0,0,no
jEdit-org-gjt-sp-jedit-pluginmgr-ManagePanel-CleanupActionListener.java,16,0,1,14,34,0,0,no
jEdit-org-gjt-sp-jedit-pluginmgr-ManagePanel-HelpButton.java,17,0,3,811,49,0,33,no
jEdit-org-gjt-sp-jedit-pluginmgr-ManagePanel-HideLibrariesButton.java,4,0,2,827,17,0,0,no
jEdit-org-gjt-sp-jedit-pluginmgr-ManagePanel-KeyboardAction.java,10,0,2,35,33,0,0,no
jEdit-org-gjt-sp-jedit-pluginmgr-ManagePanel-ManagePanelRestoreHandler.java,7,0,2,33,19,0,0,yes
jEdit-org-gjt-sp-jedit-pluginmgr-ManagePanel-PluginTableModel.java,29,0,16,46,269,0,72,yes
jEdit-org-gjt-sp-jedit-pluginmgr-ManagePanel-RemoveButton.java,28,0,3,811,93,0,0,yes
jEdit-org-gjt-sp-jedit-pluginmgr-ManagePanel-RestoreButton.java,11,0,2,817,24,1,0,no
jEdit-org-gjt-sp-jedit-pluginmgr-ManagePanel-SaveButton.java,26,0,3,818,60,1,0,yes
jEdit-org-gjt-sp-jedit-pluginmgr-ManagePanel-TableFocusHandler.java,6,0,1,17,16,0,0,no
jEdit-org-gjt-sp-jedit-pluginmgr-ManagePanel-TableSelectionListener.java,7,0,1,14,12,0,0,no
jEdit-org-gjt-sp-jedit-pluginmgr-ManagePanel-TextRenderer.java,8,0,2,745,18,0,0,yes
jEdit-org-gjt-sp-jedit-pluginmgr-MirrorList-MirrorList.java,26,0,7,20,116,0,42,yes
jEdit-org-gjt-sp-jedit-pluginmgr-MirrorList-Mirror.java,1,0,0,13,8,0,0,no
jEdit-org-gjt-sp-jedit-pluginmgr-MirrorList-MirrorCompare.java,2,0,2,15,15,0,0,no
jEdit-org-gjt-sp-jedit-pluginmgr-MirrorListHandler-MirrorListHandler.java,12,0,10,41,90,0,78,no
jEdit-org-gjt-sp-jedit-pluginmgr-PluginDetailPanel-PluginDetailPanel.java,10,0,2,701,50,0,16,no
jEdit-org-gjt-sp-jedit-pluginmgr-PluginList-PluginList.java,38,0,10,23,481,0,78,yes
jEdit-org-gjt-sp-jedit-pluginmgr-PluginList-Branch.java,5,0,3,16,34,0,75,no
jEdit-org-gjt-sp-jedit-pluginmgr-PluginList-Dependency.java,9,0,5,18,104,0,28,no
jEdit-org-gjt-sp-jedit-pluginmgr-PluginList-Plugin.java,9,0,7,20,83,0,88,no
jEdit-org-gjt-sp-jedit-pluginmgr-PluginList-PluginSet.java,3,0,1,14,8,0,50,no
jEdit-org-gjt-sp-jedit-pluginmgr-PluginListHandler-PluginListHandler.java,15,0,11,42,200,0,77,no
jEdit-org-gjt-sp-jedit-pluginmgr-PluginManager-PluginManager.java,29,0,15,739,211,0,88,yes
jEdit-org-gjt-sp-jedit-pluginmgr-PluginManager-ActionHandler.java,5,0,1,14,12,0,0,no
jEdit-org-gjt-sp-jedit-pluginmgr-PluginManager-ListUpdater.java,5,0,1,14,12,0,0,no
jEdit-org-gjt-sp-jedit-pluginmgr-PluginManagerProgress-PluginManagerProgress.java,18,0,5,755,130,0,80,no
jEdit-org-gjt-sp-jedit-pluginmgr-PluginManagerProgress-ActionHandler.java,5,0,1,14,11,0,0,no
jEdit-org-gjt-sp-jedit-pluginmgr-PluginManagerProgress-RosterThread.java,3,0,2,88,11,0,0,no
jEdit-org-gjt-sp-jedit-pluginmgr-PluginManagerProgress-WindowHandler.java,6,0,2,26,18,0,50,no
jEdit-org-gjt-sp-jedit-pluginmgr-Roster-Roster.java,15,0,10,23,337,0,66,no
jEdit-org-gjt-sp-jedit-pluginmgr-Roster-Install.java,29,0,6,22,176,1,63,yes
jEdit-org-gjt-sp-jedit-pluginmgr-Roster-Operation.java,2,2,3,16,12,0,0,no
jEdit-org-gjt-sp-jedit-pluginmgr-Roster-Remove.java,10,0,4,20,48,1,25,no
jEdit-org-gjt-sp-jedit-print-BufferPrintable-BufferPrintable.java,38,0,6,19,292,0,69,no
jEdit-org-gjt-sp-jedit-print-BufferPrintable-PrintTabExpander.java,0,0,2,15,12,0,0,no
jEdit-org-gjt-sp-jedit-print-BufferPrinter1_3-BufferPrinter1_3.java,9,0,4,17,63,0,12,yes
jEdit-org-gjt-sp-jedit-print-BufferPrinter1_4-BufferPrinter1_4.java,31,0,5,18,123,0,30,yes
jEdit-org-gjt-sp-jedit-PropertyManager-PropertyManager.java,9,0,18,31,149,0,73,yes
jEdit-org-gjt-sp-jedit-proto-jeditresource-Handler-Handler.java,4,0,1,27,10,0,0,no
jEdit-org-gjt-sp-jedit-proto-jeditresource-PluginResURLConnection-PluginResURLConnection.java,11,0,4,77,90,0,41,yes
jEdit-org-gjt-sp-jedit-Registers-Registers.java,30,0,29,42,525,0,89,no
jEdit-org-gjt-sp-jedit-Registers-ClipboardRegister.java,9,0,5,18,45,0,0,no
jEdit-org-gjt-sp-jedit-Registers-DefaultRegister.java,8,0,4,17,40,0,0,no
jEdit-org-gjt-sp-jedit-search-AllBufferSet-AllBufferSet.java,12,0,4,27,42,1,0,yes
jEdit-org-gjt-sp-jedit-search-BoyerMooreSearchMatcher-BoyerMooreSearchMatcher.java,5,0,8,27,166,1,69,yes
jEdit-org-gjt-sp-jedit-search-BufferListSet-BufferListSet.java,8,2,10,23,121,0,40,no
jEdit-org-gjt-sp-jedit-search-CurrentBufferSet-CurrentBufferSet.java,3,0,7,20,37,0,0,no
jEdit-org-gjt-sp-jedit-search-DirectoryListSet-DirectoryListSet.java,12,0,9,32,100,1,57,yes
jEdit-org-gjt-sp-jedit-search-HyperSearchFileNode-HyperSearchFileNode.java,7,0,7,20,49,0,71,no
jEdit-org-gjt-sp-jedit-search-HyperSearchFolderNode-HyperSearchFolderNode.java,3,0,3,16,27,0,33,no
jEdit-org-gjt-sp-jedit-search-HyperSearchOperationNode-HyperSearchOperationNode.java,16,0,10,23,161,0,74,no
jEdit-org-gjt-sp-jedit-search-HyperSearchRequest-HyperSearchRequest.java,27,0,5,34,213,1,62,yes
jEdit-org-gjt-sp-jedit-search-HyperSearchResult-HyperSearchResult.java,12,0,10,23,174,0,68,no
jEdit-org-gjt-sp-jedit-search-HyperSearchResult-GotoDelayed.java,12,0,4,17,56,0,50,no
jEdit-org-gjt-sp-jedit-search-HyperSearchResult-Occur.java,5,0,3,16,25,0,33,no
jEdit-org-gjt-sp-jedit-search-HyperSearchResults-HyperSearchResults.java,50,0,23,722,862,0,88,no
jEdit-org-gjt-sp-jedit-search-HyperSearchResults-ActionHandler.java,16,0,1,14,41,0,0,yes
jEdit-org-gjt-sp-jedit-search-HyperSearchResults-BufferClosedVisitor.java,3,0,1,14,7,0,0,no
jEdit-org-gjt-sp-jedit-search-HyperSearchResults-BufferLoadedVisitor.java,3,0,1,14,8,0,0,no
jEdit-org-gjt-sp-jedit-search-HyperSearchResults-CollapseChildTreeNodesAction.java,8,0,2,35,19,0,0,no
jEdit-org-gjt-sp-jedit-search-HyperSearchResults-CopyToClipboardAction.java,12,0,2,35,19,0,0,no
jEdit-org-gjt-sp-jedit-search-HyperSearchResults-ExpandChildTreeNodesAction.java,7,0,2,35,13,0,0,no
jEdit-org-gjt-sp-jedit-search-HyperSearchResults-GoToNodeAction.java,5,0,2,35,13,0,0,no
jEdit-org-gjt-sp-jedit-search-HyperSearchResults-HighlightingTree.java,15,0,2,845,55,0,0,yes
jEdit-org-gjt-sp-jedit-search-HyperSearchResults-KeyHandler.java,5,0,1,18,31,0,0,no
jEdit-org-gjt-sp-jedit-search-HyperSearchResults-MouseHandler.java,27,0,2,24,68,0,50,no
jEdit-org-gjt-sp-jedit-search-HyperSearchResults-NewSearchAction.java,14,0,2,35,20,0,0,no
jEdit-org-gjt-sp-jedit-search-HyperSearchResults-RedoSearchAction.java,6,0,2,35,16,0,0,no
jEdit-org-gjt-sp-jedit-search-HyperSearchResults-RemoveAllTreeNodesAction.java,4,0,2,35,11,0,0,no
jEdit-org-gjt-sp-jedit-search-HyperSearchResults-RemoveTreeNodeAction.java,4,0,2,35,11,0,0,no
jEdit-org-gjt-sp-jedit-search-HyperSearchResults-ResultCellRenderer.java,12,0,3,777,72,1,33,no
jEdit-org-gjt-sp-jedit-search-HyperSearchResults-CountNodes.java,3,0,1,14,15,0,0,no
jEdit-org-gjt-sp-jedit-search-HyperSearchResults-ResultTreeTransferHandler.java,12,0,1,36,19,0,0,no
jEdit-org-gjt-sp-jedit-search-HyperSearchResults-ToStringNodes.java,6,0,1,14,19,0,0,no
jEdit-org-gjt-sp-jedit-search-HyperSearchResults-TreeDisplayAction.java,13,0,1,34,40,0,0,no
jEdit-org-gjt-sp-jedit-search-HyperSearchResults-TreeNodeCallbackAdapter.java,2,2,1,14,7,0,0,no
jEdit-org-gjt-sp-jedit-search-PatternSearchMatcher-PatternSearchMatcher.java,7,0,6,25,127,1,55,no
jEdit-org-gjt-sp-jedit-search-SearchAndReplace-SearchAndReplace.java,52,0,44,57,901,0,86,yes
jEdit-org-gjt-sp-jedit-search-SearchBar-SearchBar.java,34,0,9,729,350,0,75,yes
jEdit-org-gjt-sp-jedit-search-SearchBar-ActionHandler.java,9,0,1,14,35,0,0,no
jEdit-org-gjt-sp-jedit-search-SearchBar-DocumentHandler.java,10,0,3,16,47,0,0,no
jEdit-org-gjt-sp-jedit-search-SearchBar-FocusHandler.java,4,0,1,17,7,0,0,no
jEdit-org-gjt-sp-jedit-search-SearchBar-KeyHandler.java,6,0,1,18,24,0,0,no
jEdit-org-gjt-sp-jedit-search-SearchDialog-SearchDialog.java,59,0,19,776,803,1,83,yes
jEdit-org-gjt-sp-jedit-search-SearchDialog-ButtonActionHandler.java,11,0,1,14,58,0,0,yes
jEdit-org-gjt-sp-jedit-search-SearchDialog-MultiFileActionHandler.java,14,0,2,15,39,0,0,yes
jEdit-org-gjt-sp-jedit-search-SearchDialog-ReplaceActionHandler.java,5,0,1,14,10,0,0,no
jEdit-org-gjt-sp-jedit-search-SearchDialog-SettingsActionHandler.java,4,0,1,14,14,0,0,no
jEdit-org-gjt-sp-jedit-search-SearchMatcher-Match.java,4,2,6,19,64,0,77,no
jEdit-org-gjt-sp-jedit-search-SearchMatcher-SearchMatcher.java,2,0,1,14,11,0,33,yes
jEdit-org-gjt-sp-jedit-ServiceListHandler-ServiceListHandler.java,15,0,10,41,86,0,75,no
jEdit-org-gjt-sp-jedit-ServiceManager-ServiceManager.java,17,0,10,23,165,0,30,yes
jEdit-org-gjt-sp-jedit-ServiceManager-Descriptor.java,4,0,5,18,55,0,56,no
jEdit-org-gjt-sp-jedit-ServiceManager-ServiceFoldHandlerProvider.java,7,0,2,15,16,0,0,no
jEdit-org-gjt-sp-jedit-SettingsReloader-SettingsReloader.java,13,0,2,15,47,0,0,no
jEdit-org-gjt-sp-jedit-SettingsXML-SettingsXML.java,8,0,7,20,75,0,42,no
jEdit-org-gjt-sp-jedit-SettingsXML-Saver.java,7,0,5,44,38,0,60,no
jEdit-org-gjt-sp-jedit-SplitConfigParser-SplitConfigParser.java,11,0,5,18,226,0,55,no
jEdit-org-gjt-sp-jedit-SplitConfigParser-BufferSet.java,5,0,9,22,74,0,69,no
jEdit-org-gjt-sp-jedit-SplitConfigParser-Split.java,2,0,5,18,36,0,60,no
jEdit-org-gjt-sp-jedit-syntax-Chunk-Chunk.java,32,0,24,41,539,1,86,no
jEdit-org-gjt-sp-jedit-syntax-Chunk-FontSubstitution.java,5,0,6,19,68,0,50,no
jEdit-org-gjt-sp-jedit-syntax-Chunk-GlyphCache.java,2,0,2,110,13,0,0,no
jEdit-org-gjt-sp-jedit-syntax-Chunk-GlyphKey.java,4,0,4,17,34,0,16,no
jEdit-org-gjt-sp-jedit-syntax-DefaultTokenHandler-DefaultTokenHandler.java,4,1,8,21,55,0,70,no
jEdit-org-gjt-sp-jedit-syntax-DisplayTokenHandler-DisplayTokenHandler.java,13,0,13,34,472,1,80,no
jEdit-org-gjt-sp-jedit-syntax-DisplayTokenHandler-LineBreaker.java,3,0,5,18,43,0,52,no
jEdit-org-gjt-sp-jedit-syntax-DisplayTokenHandler-LineBreakIterator.java,4,0,17,56,150,0,29,no
jEdit-org-gjt-sp-jedit-syntax-DummyTokenHandler-DummyTokenHandler.java,2,0,2,15,9,0,100,no
jEdit-org-gjt-sp-jedit-syntax-KeywordMap-Keyword.java,9,0,12,25,124,0,66,no
jEdit-org-gjt-sp-jedit-syntax-KeywordMap-KeywordMap.java,0,0,1,14,11,0,0,no
jEdit-org-gjt-sp-jedit-syntax-ModeProvider-ModeProvider.java,21,1,9,22,145,0,72,yes
jEdit-org-gjt-sp-jedit-syntax-ParserRule-ParserRule.java,12,0,15,28,283,0,79,no
jEdit-org-gjt-sp-jedit-syntax-ParserRuleSet-ParserRuleSet.java,14,0,30,43,243,0,91,yes
jEdit-org-gjt-sp-jedit-syntax-SyntaxStyle-SyntaxStyle.java,2,0,4,17,24,0,50,no
jEdit-org-gjt-sp-jedit-syntax-SyntaxUtilities-SyntaxUtilities.java,2,0,1,14,24,0,0,no
jEdit-org-gjt-sp-jedit-syntax-TokenMarker-LineContext.java,5,1,4,17,77,0,91,no
jEdit-org-gjt-sp-jedit-syntax-TokenMarker-TokenMarker.java,22,0,16,29,731,0,72,no
jEdit-org-gjt-sp-jedit-syntax-Token-Token.java,8,0,8,21,98,0,57,no
jEdit-org-gjt-sp-jedit-syntax-XModeHandler-TagDecl.java,21,2,16,47,598,0,83,no
jEdit-org-gjt-sp-jedit-syntax-XModeHandler-XModeHandler.java,12,0,2,15,208,0,42,no
jEdit-org-gjt-sp-jedit-textarea-Anchor-Anchor.java,5,2,21,34,94,0,91,no
jEdit-org-gjt-sp-jedit-textarea-AntiAlias-AntiAlias.java,2,0,9,22,65,0,86,yes
jEdit-org-gjt-sp-jedit-textarea-BufferHandler-BufferHandler.java,16,0,12,25,285,0,57,no
jEdit-org-gjt-sp-jedit-textarea-ChunkCache-ChunkCache.java,19,0,27,40,489,0,76,yes
jEdit-org-gjt-sp-jedit-textarea-ChunkCache-LineInfo.java,4,0,1,14,17,0,37,no
jEdit-org-gjt-sp-jedit-textarea-CircleFoldPainter-CircleFoldPainter.java,3,0,1,18,8,1,0,no
jEdit-org-gjt-sp-jedit-textarea-ColumnBlock-ColumnBlock.java,9,0,25,68,302,2,81,yes
jEdit-org-gjt-sp-jedit-textarea-ColumnBlockLine-ColumnBlockLine.java,1,0,8,21,41,0,59,no
jEdit-org-gjt-sp-jedit-textarea-DisplayManager-DisplayManager.java,21,0,35,48,620,0,80,yes
jEdit-org-gjt-sp-jedit-textarea-DisplayManager-MutableInteger.java,0,0,3,16,15,0,0,no
jEdit-org-gjt-sp-jedit-textarea-ElasticTabStopBufferListener-ElasticTabStopBufferListener.java,11,0,7,28,400,1,46,yes
jEdit-org-gjt-sp-jedit-textarea-ElasticTabstopsTabExpander-ElasticTabstopsTabExpander.java,12,0,3,16,57,0,0,yes
jEdit-org-gjt-sp-jedit-textarea-ExtensionManager-Entry.java,13,0,6,19,116,0,16,no
jEdit-org-gjt-sp-jedit-textarea-ExtensionManager-ExtensionManager.java,1,0,1,14,9,0,0,no
jEdit-org-gjt-sp-jedit-textarea-FirstLine-FirstLine.java,10,0,16,50,392,1,87,no
jEdit-org-gjt-sp-jedit-textarea-Gutter-Gutter.java,31,0,48,736,758,0,94,no
jEdit-org-gjt-sp-jedit-textarea-Gutter-MouseHandler.java,20,0,6,29,227,0,66,no
jEdit-org-gjt-sp-jedit-textarea-InputMethodSupport-InputMethodSupport.java,22,0,12,29,195,1,60,no
jEdit-org-gjt-sp-jedit-textarea-JEditEmbeddedTextArea-JEditEmbeddedTextArea.java,4,0,1,953,12,1,0,no
jEdit-org-gjt-sp-jedit-textarea-JEditTextArea-JEditTextArea.java,27,0,22,974,283,1,82,yes
jEdit-org-gjt-sp-jedit-textarea-MouseActions-MouseActions.java,4,0,2,15,25,0,0,no
jEdit-org-gjt-sp-jedit-textarea-MouseHandler-MouseHandler.java,18,0,3,43,112,1,0,yes
jEdit-org-gjt-sp-jedit-textarea-RangeMap-RangeMap.java,6,0,17,30,347,0,29,no
jEdit-org-gjt-sp-jedit-textarea-ScreenLineManager-ScreenLineManager.java,6,0,8,21,72,0,43,yes
jEdit-org-gjt-sp-jedit-textarea-ScrollLayout-ScrollLayout.java,8,0,6,19,145,0,50,no
jEdit-org-gjt-sp-jedit-textarea-ScrollLineCount-ScrollLineCount.java,6,0,7,41,87,1,0,no
jEdit-org-gjt-sp-jedit-textarea-Selection-Selection.java,7,2,16,29,502,0,78,no
jEdit-org-gjt-sp-jedit-textarea-Selection-Range.java,4,0,9,38,100,1,0,no
jEdit-org-gjt-sp-jedit-textarea-Selection-Rect.java,11,1,14,43,329,1,71,no
jEdit-org-gjt-sp-jedit-textarea-SelectionManager-SelectionManager.java,16,0,14,27,268,0,42,yes
jEdit-org-gjt-sp-jedit-textarea-ShapedFoldPainter-ShapedFoldPainter.java,4,2,4,17,44,0,0,no
jEdit-org-gjt-sp-jedit-textarea-SquareFoldPainter-SquareFoldPainter.java,3,0,1,18,8,1,0,no
jEdit-org-gjt-sp-jedit-textarea-StandaloneTextArea-StandaloneTextArea.java,49,0,18,970,412,1,77,yes
jEdit-org-gjt-sp-jedit-textarea-StructureMatcher-BracketMatcher.java,3,0,2,15,31,0,0,no
jEdit-org-gjt-sp-jedit-textarea-StructureMatcher-Highlight.java,7,0,4,21,89,1,0,no
jEdit-org-gjt-sp-jedit-textarea-StructureMatcher-Match.java,1,0,3,16,21,0,66,no
jEdit-org-gjt-sp-jedit-textarea-TextArea-TextArea.java,96,3,264,952,4308,0,96,yes
jEdit-org-gjt-sp-jedit-textarea-TextArea-AdjustHandler.java,4,0,1,14,12,0,0,no
jEdit-org-gjt-sp-jedit-textarea-TextArea-CaretBlinker.java,4,0,1,14,8,0,0,no
jEdit-org-gjt-sp-jedit-textarea-TextArea-FocusHandler.java,5,0,2,15,33,0,0,no
jEdit-org-gjt-sp-jedit-textarea-TextArea-LineCharacterBreaker.java,4,0,4,17,127,0,0,no
jEdit-org-gjt-sp-jedit-textarea-TextArea-CharIterator.java,3,0,11,24,91,0,27,no
jEdit-org-gjt-sp-jedit-textarea-TextArea-MouseWheelHandler.java,5,0,1,14,70,0,0,no
jEdit-org-gjt-sp-jedit-textarea-TextArea-MutableCaretEvent.java,2,0,3,22,16,0,0,no
jEdit-org-gjt-sp-jedit-textarea-TextArea-RectParams.java,0,0,1,14,11,0,0,no
jEdit-org-gjt-sp-jedit-textarea-TextAreaBorder-TextAreaBorder.java,4,0,2,25,21,0,0,no
jEdit-org-gjt-sp-jedit-textarea-TextAreaDropHandler-TextAreaDropHandler.java,10,0,5,23,48,0,40,no
jEdit-org-gjt-sp-jedit-textarea-TextAreaException-TextAreaException.java,1,0,1,45,7,0,0,no
jEdit-org-gjt-sp-jedit-textarea-TextAreaExtension-TextAreaExtension.java,2,9,4,17,28,0,0,no
jEdit-org-gjt-sp-jedit-textarea-TextAreaMouseHandler-TextAreaMouseHandler.java,19,1,17,40,466,0,69,yes
jEdit-org-gjt-sp-jedit-textarea-TextAreaPainter-TextAreaPainter.java,42,0,66,754,832,0,96,yes
jEdit-org-gjt-sp-jedit-textarea-TextAreaPainter-PaintCaret.java,6,0,1,18,36,1,0,yes
jEdit-org-gjt-sp-jedit-textarea-TextAreaPainter-PaintLineBackground.java,18,0,2,19,69,1,0,no
jEdit-org-gjt-sp-jedit-textarea-TextAreaPainter-PaintSelection.java,8,0,2,19,31,1,0,no
jEdit-org-gjt-sp-jedit-textarea-TextAreaPainter-PaintSelectionText.java,17,0,3,20,108,1,33,no
jEdit-org-gjt-sp-jedit-textarea-TextAreaPainter-PaintText.java,19,0,1,18,75,1,0,no
jEdit-org-gjt-sp-jedit-textarea-TextAreaPainter-PaintWrapGuide.java,8,0,2,19,35,1,0,no
jEdit-org-gjt-sp-jedit-textarea-TextAreaTransferHandler-TextAreaTransferHandler.java,32,0,10,45,363,0,74,yes
jEdit-org-gjt-sp-jedit-textarea-TextAreaTransferHandler-DraggedURLLoader.java,4,0,2,21,14,1,0,yes
jEdit-org-gjt-sp-jedit-textarea-TextAreaTransferHandler-TextAreaSelection.java,2,0,1,19,8,0,0,no
jEdit-org-gjt-sp-jedit-textarea-TriangleFoldPainter-TriangleFoldPainter.java,4,0,3,16,38,0,0,no
jEdit-org-gjt-sp-jedit-TextUtilities-TextUtilities.java,14,0,29,42,626,0,93,no
jEdit-org-gjt-sp-jedit-View-View.java,93,0,87,811,1412,0,96,yes
jEdit-org-gjt-sp-jedit-View-CaretHandler.java,5,0,1,14,8,0,0,no
jEdit-org-gjt-sp-jedit-View-FocusHandler.java,6,0,1,17,17,0,0,no
jEdit-org-gjt-sp-jedit-View-MyFocusTraversalPolicy.java,5,0,1,51,7,0,0,no
jEdit-org-gjt-sp-jedit-View-ScrollHandler.java,4,0,2,15,10,0,0,no
jEdit-org-gjt-sp-jedit-View-SetCursorVisitor.java,4,0,2,18,12,1,0,no
jEdit-org-gjt-sp-jedit-View-ViewConfig.java,4,0,3,16,31,0,51,no
jEdit-org-gjt-sp-jedit-View-WindowHandler.java,7,0,2,26,32,0,0,yes
jEdit-org-gjt-sp-jedit-visitors-JEditVisitorAdapter-JEditVisitorAdapter.java,3,12,3,16,12,0,0,no
jEdit-org-gjt-sp-jedit-visitors-SaveCaretInfoVisitor-SaveCaretInfoVisitor.java,2,0,1,17,8,1,0,no
jEdit-org-gjt-sp-util-EnhancedTreeCellRenderer-EnhancedTreeCellRenderer.java,4,4,3,774,36,0,66,no
jEdit-org-gjt-sp-util-HtmlUtilities-HtmlUtilities.java,8,0,5,18,95,0,0,no
jEdit-org-gjt-sp-util-IntegerArray-IntegerArray.java,1,0,8,21,43,0,50,no
jEdit-org-gjt-sp-util-IOUtilities-IOUtilities.java,16,0,10,23,166,0,0,yes
jEdit-org-gjt-sp-util-Log-Log.java,19,0,11,24,374,0,81,yes
jEdit-org-gjt-sp-util-Log-LogListModel.java,6,0,7,20,80,0,28,yes
jEdit-org-gjt-sp-util-Log-LogOutputStream.java,2,0,3,22,19,0,33,no
jEdit-org-gjt-sp-util-Log-LogPrintStream.java,4,0,2,79,32,0,0,no
jEdit-org-gjt-sp-util-PropertiesBean-PropertiesBean.java,23,0,8,21,172,0,56,yes
jEdit-org-gjt-sp-util-ReverseCharSequence-ReverseCharSequence.java,2,0,6,19,36,0,0,no
jEdit-org-gjt-sp-util-SegmentBuffer-SegmentBuffer.java,1,0,4,35,30,0,0,no
jEdit-org-gjt-sp-util-SegmentCharSequence-SegmentCharSequence.java,2,0,6,19,32,0,38,no
jEdit-org-gjt-sp-util-StandardUtilities-StandardUtilities.java,15,0,22,35,466,0,95,no
jEdit-org-gjt-sp-util-StandardUtilities-StringCompar.java,1,0,3,16,15,0,33,yes
jEdit-org-gjt-sp-util-StringList-StringList.java,5,0,10,106,70,0,100,no
jEdit-org-gjt-sp-util-StringModel-StringModel.java,6,0,5,18,31,0,50,no
jEdit-org-gjt-sp-util-SyntaxUtilities-SyntaxUtilities.java,15,0,7,20,130,0,85,no
jEdit-org-gjt-sp-util-Task-Task.java,8,8,16,29,93,0,82,yes
jEdit-org-gjt-sp-util-TaskAdapter-TaskAdapter.java,2,1,6,19,27,0,0,no
jEdit-org-gjt-sp-util-TaskManager-TaskManager.java,9,0,12,25,108,0,61,yes
jEdit-org-gjt-sp-util-TaskManager-MyTask.java,1,0,2,31,13,1,0,yes
jEdit-org-gjt-sp-util-ThreadUtilities-ThreadUtilities.java,18,0,6,19,129,0,83,yes
jEdit-org-gjt-sp-util-ThreadUtilities-JEditThreadFactory.java,5,0,2,15,17,0,0,yes
jEdit-org-gjt-sp-util-XMLUtilities-XMLUtilities.java,15,0,4,17,94,0,0,yes
jEdit-org-jedit-core-FileOpenerService-FileOpenerService.java,5,0,2,15,16,0,0,no
jEdit-org-jedit-keymap-KeymapFileFilter-KeymapFileFilter.java,3,0,1,14,8,0,0,no
jEdit-org-jedit-keymap-KeymapImpl-KeymapImpl.java,15,0,9,22,102,0,61,yes
jEdit-org-jedit-keymap-KeymapManagerImpl-KeymapManagerImpl.java,23,0,14,27,159,0,82,yes
jEdit-org-jedit-migration-KeymapMigration-KeymapMigration.java,10,0,1,14,30,0,0,no
jEdit-org-jedit-options-CombinedOptions-CombinedOptions.java,6,0,4,772,30,2,83,yes
jEdit-org-jedit-options-GlobalOptionGroup-GlobalOptionGroup.java,2,0,3,29,49,1,33,no
jEdit-org-jedit-options-OptionGroupPane-OptionGroupPane.java,27,0,10,726,385,1,75,yes
jEdit-org-jedit-options-OptionGroupPane-OptionTreeModel.java,6,0,12,25,129,0,70,no
jEdit-org-jedit-options-PluginOptionGroup-NoPluginsPane.java,6,0,2,28,182,1,0,no
jEdit-org-jedit-options-PluginOptionGroup-OptionTreeModel.java,0,0,1,717,6,1,0,no
jEdit-org-jedit-options-PluginOptionGroup-PluginOptionGroup.java,6,0,12,25,129,0,70,no
jEdit-org-jedit-options-TabbedOptionDialog-TabbedOptionDialog.java,28,1,11,768,121,1,75,yes
jEdit-org-jedit-options-TabbedOptionDialog-TitleChanger.java,3,0,1,14,6,0,0,no
