Name,CBO,NOC,WMC,RFC,SLOC,LCOM,DIT,change
com.logicaldoc.bm.AbstractLoader,13,4,9,95,78,75,0,no
com.logicaldoc.bm.AbstractServerProxy,9,2,12,25,16,100,0,no
com.logicaldoc.bm.cache.EhCacheAdapter,4,0,8,21,70,12,0,no
com.logicaldoc.bm.loaders.ListFolders,11,0,4,99,40,56,1,no
com.logicaldoc.bm.loaders.Search,21,0,6,101,67,73,1,no
com.logicaldoc.bm.loaders.Update,21,0,7,102,109,67,1,yes
com.logicaldoc.bm.loaders.Upload,29,0,8,103,165,79,1,yes
com.logicaldoc.bm.LoadSession,24,0,16,29,117,87,0,no
com.logicaldoc.bm.MultiLoader,16,0,13,26,166,82,0,yes
com.logicaldoc.bm.RandomFile,8,0,4,17,39,50,0,no
com.logicaldoc.bm.RestServerProxy,19,0,12,37,57,68,1,no
com.logicaldoc.bm.SoapServerProxy,19,0,12,37,65,75,1,no
com.logicaldoc.bm.SourceFile,1,0,3,16,14,33,0,no
com.logicaldoc.cmis.CmisPlugin,11,0,1,30,25,50,2,no
com.logicaldoc.cmis.CmisServlet,7,0,1,14,11,100,1,no
com.logicaldoc.cmis.Converter,35,0,79,94,1714,97,0,no
com.logicaldoc.cmis.LDCmisService,28,0,38,51,321,92,1,no
com.logicaldoc.cmis.LDRepository,77,0,73,86,1805,92,0,no
com.logicaldoc.cmis.RegexTester,18,0,7,540,158,66,0,no
com.logicaldoc.cmis.SampleClient,16,0,10,23,131,72,0,yes
com.logicaldoc.cmis.ServiceFactory,7,0,4,17,32,75,1,no
com.logicaldoc.cmis.TestRegex,5,0,4,17,36,0,0,no
com.logicaldoc.cmis.TypeManager,16,0,14,27,411,87,0,no
com.logicaldoc.core.AbstractCoreTCase,12,35,6,19,92,63,0,no
com.logicaldoc.core.communication.EMail,12,0,33,77,129,91,2,no
com.logicaldoc.core.communication.EMailAttachment,1,0,9,22,32,77,0,no
com.logicaldoc.core.communication.EMailSender,26,0,20,33,204,86,0,yes
com.logicaldoc.core.communication.HibernateMessageTemplateDAO,6,0,4,60,37,0,1,yes
com.logicaldoc.core.communication.HibernateMessageTemplateDAOTest,7,0,3,22,39,0,1,yes
com.logicaldoc.core.communication.HibernateSystemMessageDAO,16,0,10,66,109,0,1,no
com.logicaldoc.core.communication.HibernateSystemMessageDAO.SystemMessageMapper,5,0,1,14,22,0,0,no
com.logicaldoc.core.communication.HibernateSystemMessageDAOTest,11,0,10,29,135,0,1,no
com.logicaldoc.core.communication.Message,6,2,18,44,74,90,1,no
com.logicaldoc.core.communication.MessageTemplate,9,0,15,41,61,85,1,yes
com.logicaldoc.core.communication.Recipient,3,0,15,28,69,91,0,no
com.logicaldoc.core.communication.SystemMessage,6,0,14,58,74,90,2,no
com.logicaldoc.core.contact.Contact,2,0,18,44,64,86,1,no
com.logicaldoc.core.contact.HibernateContactDAO,9,0,2,58,22,0,1,no
com.logicaldoc.core.contact.HibernateContactDAOTest,3,0,2,21,18,0,1,no
com.logicaldoc.core.CorePlugin,8,0,1,30,17,0,2,no
com.logicaldoc.core.dbinit.PluginDbInit,11,0,3,32,55,66,1,no
com.logicaldoc.core.document.AbstractDocument,17,2,122,159,517,98,2,yes
com.logicaldoc.core.document.AbstractHistory,5,3,42,68,155,95,1,yes
com.logicaldoc.core.document.Bookmark,10,0,17,43,68,90,1,no
com.logicaldoc.core.document.dao.HibernateBookmarkDAO,4,0,3,59,15,0,1,no
com.logicaldoc.core.document.dao.HibernateBookmarkDAOTest,7,0,4,23,49,0,1,no
com.logicaldoc.core.document.dao.HibernateDocumentDAO,59,0,58,114,816,95,1,yes
com.logicaldoc.core.document.dao.HibernateDocumentDAOTest,30,0,36,55,453,69,1,yes
com.logicaldoc.core.document.dao.HibernateDocumentLinkDAO,7,0,5,61,41,0,1,no
com.logicaldoc.core.document.dao.HibernateDocumentLinkDAOTest,8,0,6,25,90,33,1,no
com.logicaldoc.core.document.dao.HibernateDocumentNoteDAO,13,0,5,61,41,0,1,no
com.logicaldoc.core.document.dao.HibernateDocumentNoteDAOTest,5,0,3,22,22,0,1,no
com.logicaldoc.core.document.dao.HibernateHistoryDAO,17,0,11,67,82,81,1,no
com.logicaldoc.core.document.dao.HibernateHistoryDAOTest,14,0,11,30,157,0,1,no
com.logicaldoc.core.document.dao.HibernateRatingDAO,8,0,3,59,38,0,1,no
com.logicaldoc.core.document.dao.HibernateRatingDAOTest,6,0,4,23,47,0,1,no
com.logicaldoc.core.document.dao.HibernateVersionDAO,17,0,8,64,117,62,1,yes
com.logicaldoc.core.document.dao.HibernateVersionDAOTest,10,0,4,23,49,25,1,no
com.logicaldoc.core.document.DigestProcessor,15,0,6,54,69,70,1,no
com.logicaldoc.core.document.Document,10,1,5,164,65,60,3,yes
com.logicaldoc.core.document.DocumentLink,2,0,7,33,25,71,1,no
com.logicaldoc.core.document.DocumentListenerManager,11,0,2,15,46,25,0,no
com.logicaldoc.core.document.DocumentManagerImpl,54,0,33,46,736,82,0,yes
com.logicaldoc.core.document.DocumentManagerImplTest,20,0,12,31,231,43,1,yes
com.logicaldoc.core.document.DocumentNote,2,0,15,41,52,86,1,no
com.logicaldoc.core.document.DuplicateDocumentExeption,1,0,4,48,17,62,0,no
com.logicaldoc.core.document.History,2,0,1,69,28,0,2,no
com.logicaldoc.core.document.MockStorer,11,0,17,30,79,0,0,no
com.logicaldoc.core.document.pdf.PdfConverterManager,19,0,12,25,124,75,0,no
com.logicaldoc.core.document.Rating,2,0,11,37,38,81,1,no
com.logicaldoc.core.document.Tag,4,0,10,23,49,56,0,no
com.logicaldoc.core.document.TagCloud,2,0,10,23,35,70,0,no
com.logicaldoc.core.document.TagsProcessor,5,0,6,54,42,75,1,no
com.logicaldoc.core.document.thumbnail.AbstractThumbnailBuilder,2,1,0,13,4,0,0,no
com.logicaldoc.core.document.thumbnail.ImageThumbnailBuilder,12,1,1,14,33,100,1,no
com.logicaldoc.core.document.thumbnail.PdfThumbnailBuilder,17,0,2,16,86,50,2,no
com.logicaldoc.core.document.thumbnail.PdfThumbnailBuilder.StreamGobbler,10,0,2,88,18,0,0,no
com.logicaldoc.core.document.thumbnail.PdfThumbnailBuilder.Worker,3,0,3,89,16,33,0,no
com.logicaldoc.core.document.thumbnail.ThumbnailManager,24,0,12,25,130,84,0,no
com.logicaldoc.core.document.Version,17,0,25,184,173,94,3,no
com.logicaldoc.core.EmailDummy,15,0,2,15,35,0,0,yes
com.logicaldoc.core.folder.Folder,9,0,45,82,185,95,2,yes
com.logicaldoc.core.folder.FolderGroup,5,0,39,52,185,91,0,yes
com.logicaldoc.core.folder.FolderHistory,2,0,1,69,24,0,2,no
com.logicaldoc.core.folder.HibernateFolderDAO,50,0,66,122,1237,93,1,yes
com.logicaldoc.core.folder.HibernateFolderDAOTest,32,0,46,65,700,77,1,yes
com.logicaldoc.core.folder.HibernateFolderHistoryDAO,17,0,10,66,76,80,1,no
com.logicaldoc.core.folder.HibernateFolderHistoryDAOTest,14,0,10,29,144,0,1,no
com.logicaldoc.core.generic.Generic,5,0,32,69,123,91,2,no
com.logicaldoc.core.generic.HibernateGenericDAO,15,0,6,62,68,0,1,no
com.logicaldoc.core.generic.HibernateGenericDAOTest,10,0,7,26,59,0,1,no
com.logicaldoc.core.HibernatePersistentObjectDAO,19,24,43,56,319,78,0,yes
com.logicaldoc.core.i18n.DateBean,6,0,5,66,43,100,0,no
com.logicaldoc.core.i18n.Language,15,0,16,29,143,81,0,yes
com.logicaldoc.core.i18n.LanguageManager,16,0,8,21,73,75,0,no
com.logicaldoc.core.i18n.LanguageTest,4,0,1,14,8,0,0,no
com.logicaldoc.core.lock.LockManager,12,0,5,18,66,50,0,yes
com.logicaldoc.core.lock.LockManagerTest,7,0,2,21,26,0,1,yes
com.logicaldoc.core.metadata.Attribute,11,0,26,39,158,89,0,no
com.logicaldoc.core.metadata.AttributeOption,3,0,13,39,49,78,1,no
com.logicaldoc.core.metadata.AttributeSet,1,0,8,45,30,80,2,no
com.logicaldoc.core.metadata.ExtensibleObject,7,5,11,37,89,9,1,no
com.logicaldoc.core.metadata.HibernateAttributeOptionDAO,12,0,6,62,73,0,1,no
com.logicaldoc.core.metadata.HibernateAttributeOptionDAOTest,5,0,4,23,41,0,1,no
com.logicaldoc.core.metadata.HibernateAttributeSetDAO,18,0,10,66,98,70,1,yes
com.logicaldoc.core.metadata.HibernateAttributeSetDAOTest,9,0,6,25,52,0,1,yes
com.logicaldoc.core.metadata.HibernateTemplateDAO,9,0,8,64,54,0,1,no
com.logicaldoc.core.metadata.HibernateTemplateDAOTest,10,0,6,25,62,41,1,no
com.logicaldoc.core.metadata.Template,1,0,8,45,30,80,2,no
com.logicaldoc.core.parser.AbiWordParser,12,0,1,31,49,0,1,no
com.logicaldoc.core.parser.AbiWordParser.AbiWordContentHandler,4,0,5,36,30,30,0,no
com.logicaldoc.core.parser.AbstractParser,23,14,17,30,124,88,0,no
com.logicaldoc.core.parser.AbstractParser.InternalParseTask,5,0,2,15,14,0,0,no
com.logicaldoc.core.parser.DOCParser,11,0,1,33,26,0,2,no
com.logicaldoc.core.parser.DummyParser,2,0,1,31,4,0,1,no
com.logicaldoc.core.parser.ExtractorHandler,8,0,6,37,42,72,0,no
com.logicaldoc.core.parser.HTMLParser,22,0,3,33,59,33,1,yes
com.logicaldoc.core.parser.HTMLSAXParser,2,0,5,18,30,40,1,no
com.logicaldoc.core.parser.KOfficeParser,15,0,1,31,55,0,1,no
com.logicaldoc.core.parser.KOfficeParser.KOfficeContentHandler,4,0,5,36,26,30,0,no
com.logicaldoc.core.parser.OpenOfficeParser,17,0,1,31,69,0,1,no
com.logicaldoc.core.parser.OpenOfficeParser.OpenOfficeContentHandler,5,0,5,36,36,33,0,no
com.logicaldoc.core.parser.OpenOfficeParserTest,12,0,3,22,39,33,1,no
com.logicaldoc.core.parser.ParserFactory,37,0,9,22,207,63,0,no
com.logicaldoc.core.parser.PDFParser,18,0,8,38,155,66,1,no
com.logicaldoc.core.parser.PDFParserTest,22,0,8,27,149,75,1,no
com.logicaldoc.core.parser.PPTParser,8,0,1,31,14,0,1,no
com.logicaldoc.core.parser.PSParser,13,0,3,33,107,66,1,no
com.logicaldoc.core.parser.RTFParser,24,1,2,32,53,50,1,no
com.logicaldoc.core.parser.TXTParser,16,0,2,32,48,0,1,yes
com.logicaldoc.core.parser.TXTParserTest,10,0,1,20,13,0,1,no
com.logicaldoc.core.parser.wordperfect.StringExtractor,12,1,6,19,125,83,0,no
com.logicaldoc.core.parser.wordperfect.WordPerfectParser,9,0,1,31,12,0,1,no
com.logicaldoc.core.parser.wordperfect.WPFilterInputStream,2,0,5,38,229,80,0,no
com.logicaldoc.core.parser.wordperfect.WPStringExtractor,4,0,4,23,57,75,1,no
com.logicaldoc.core.parser.XLSParser,8,0,1,31,14,0,1,no
com.logicaldoc.core.parser.XMLParser,15,0,1,31,31,0,1,no
com.logicaldoc.core.parser.ZABWParser,11,0,2,32,31,0,1,no
com.logicaldoc.core.PersistenceObjectInterceptor,7,0,4,17,27,87,1,no
com.logicaldoc.core.PersistentObject,3,19,13,26,50,89,0,no
com.logicaldoc.core.rss.dao.HibernateFeedMessageDAO,12,0,6,62,49,0,1,no
com.logicaldoc.core.rss.dao.HibernateFeedMessageDAOTest,9,0,8,27,64,0,1,no
com.logicaldoc.core.rss.Feed,5,0,9,22,42,69,0,no
com.logicaldoc.core.rss.FeedMessage,3,0,15,41,54,83,1,no
com.logicaldoc.core.rss.FeedParser,24,0,3,16,128,66,0,no
com.logicaldoc.core.rss.ProductNews,29,0,11,59,129,77,1,no
com.logicaldoc.core.rss.ReadTest,6,0,1,14,13,0,0,no
com.logicaldoc.core.script.DateTool,2,0,2,15,17,0,1,no
com.logicaldoc.core.script.DocTool,8,0,6,19,30,0,0,yes
com.logicaldoc.core.script.FolderTool,8,0,3,16,16,0,0,yes
com.logicaldoc.core.script.I18NTool,2,0,7,89,23,100,0,yes
com.logicaldoc.core.script.ScriptingEngine,13,0,3,16,38,50,0,yes
com.logicaldoc.core.searchengine.FolderSearch,24,0,3,29,91,0,1,no
com.logicaldoc.core.searchengine.FolderSearch.HitMapper,7,0,1,14,24,0,0,no
com.logicaldoc.core.searchengine.FolderSearchOptions,2,0,9,58,34,82,1,no
com.logicaldoc.core.searchengine.FolderSearchTest,11,0,1,20,65,0,1,no
com.logicaldoc.core.searchengine.FulltextSearch,33,0,2,28,235,0,1,no
com.logicaldoc.core.searchengine.FulltextSearch.HitMapper,9,0,2,15,69,0,0,yes
com.logicaldoc.core.searchengine.FulltextSearchOptions,4,0,26,75,93,92,1,yes
com.logicaldoc.core.searchengine.FulltextSearchTest,19,0,4,23,106,62,1,yes
com.logicaldoc.core.searchengine.Hit,4,0,7,171,44,66,4,no
com.logicaldoc.core.searchengine.Hits,16,0,11,24,90,59,0,no
com.logicaldoc.core.searchengine.IndexerTask,20,0,8,56,101,77,1,yes
com.logicaldoc.core.searchengine.IndexOptimizer,7,0,8,56,44,70,1,no
com.logicaldoc.core.searchengine.LanguageProcessor,6,0,2,15,11,0,1,yes
com.logicaldoc.core.searchengine.LanguageProcessorFactory,2,0,1,14,6,0,1,no
com.logicaldoc.core.searchengine.Search,29,3,13,26,160,83,0,no
com.logicaldoc.core.searchengine.SearchOptions,14,2,36,49,142,95,0,no
com.logicaldoc.core.searchengine.StandardSearchEngine,34,0,21,34,343,73,0,yes
com.logicaldoc.core.searchengine.StandardSearchEngineTest,11,0,7,26,99,50,1,yes
com.logicaldoc.core.searchengine.TagSearch,19,0,4,30,126,0,1,yes
com.logicaldoc.core.searchengine.TagSearch.HitMapper,8,0,1,14,52,0,0,yes
com.logicaldoc.core.searchengine.TagSearchTest,7,0,1,20,38,0,1,no
com.logicaldoc.core.security.authentication.AccountDisabledException,1,0,2,53,9,100,1,no
com.logicaldoc.core.security.authentication.AccountNotFoundException,1,0,2,53,9,100,1,no
com.logicaldoc.core.security.authentication.AuthenticationChain,24,0,7,20,104,78,0,no
com.logicaldoc.core.security.authentication.AuthenticationException,1,4,2,51,9,100,0,no
com.logicaldoc.core.security.authentication.DefaultAuthentication,11,0,6,19,39,66,0,no
com.logicaldoc.core.security.authentication.PasswordExpiredException,1,0,2,53,9,100,1,no
com.logicaldoc.core.security.authentication.WrongPasswordException,1,0,2,53,9,100,1,no
com.logicaldoc.core.security.Client,2,0,11,24,49,60,0,no
com.logicaldoc.core.security.dao.HibernateGroupDAO,13,0,12,68,143,83,1,yes
com.logicaldoc.core.security.dao.HibernateGroupDAOTest,11,0,8,27,86,58,1,no
com.logicaldoc.core.security.dao.HibernateMenuDAO,22,0,29,85,587,65,1,no
com.logicaldoc.core.security.dao.HibernateMenuDAOTest,11,0,21,40,245,0,1,no
com.logicaldoc.core.security.dao.HibernateTenantDAO,21,0,13,69,73,92,1,no
com.logicaldoc.core.security.dao.HibernateUserDAO,31,0,27,83,282,88,1,no
com.logicaldoc.core.security.dao.HibernateUserDAOTest,18,0,13,32,183,51,1,no
com.logicaldoc.core.security.dao.HibernateUserHistoryDAO,14,0,7,63,54,71,1,no
com.logicaldoc.core.security.dao.HibernateUserHistoryDAOTest,10,0,5,24,68,0,1,no
com.logicaldoc.core.security.Group,4,0,12,38,48,88,1,no
com.logicaldoc.core.security.Menu,7,0,25,51,111,91,1,no
com.logicaldoc.core.security.MenuGroup,5,0,17,30,75,80,0,no
com.logicaldoc.core.security.SecurityManagerImpl,24,0,22,35,171,80,0,yes
com.logicaldoc.core.security.SecurityManagerImplTest,10,0,8,27,103,29,1,no
com.logicaldoc.core.security.Session,31,0,33,46,236,92,0,yes
com.logicaldoc.core.security.Session.Log,3,0,5,18,23,60,0,yes
com.logicaldoc.core.security.SessionManager,19,0,26,149,212,93,0,yes
com.logicaldoc.core.security.SessionManagerTest,4,0,2,21,28,0,1,yes
com.logicaldoc.core.security.spring.AdminPasswdAuthenticationProvider,10,0,3,16,26,0,0,no
com.logicaldoc.core.security.spring.LDAccessDecisionManager,8,0,4,17,32,0,1,yes
com.logicaldoc.core.security.spring.LDAnonymousLoginFilter,12,0,2,15,41,50,1,no
com.logicaldoc.core.security.spring.LDAuthenticationFailureHandler,5,0,1,14,22,0,0,no
com.logicaldoc.core.security.spring.LDAuthenticationProvider,15,0,3,16,49,66,0,no
com.logicaldoc.core.security.spring.LDAuthenticationSuccessHandler,8,0,1,14,25,0,0,no
com.logicaldoc.core.security.spring.LDAuthenticationToken,3,0,7,20,33,85,1,no
com.logicaldoc.core.security.spring.LDSecurityContextRepository,7,0,4,17,34,75,0,yes
com.logicaldoc.core.security.Tenant,5,0,34,60,129,94,1,no
com.logicaldoc.core.security.User,11,0,79,105,333,97,1,yes
com.logicaldoc.core.security.UserHistory,1,0,0,68,7,0,2,no
com.logicaldoc.core.security.UserListenerManager,10,0,2,15,45,25,0,no
com.logicaldoc.core.sequence.HibernateSequenceDAO,10,0,7,63,85,0,1,no
com.logicaldoc.core.sequence.HibernateSequenceDAOTest,4,0,4,23,39,0,1,no
com.logicaldoc.core.sequence.Sequence,3,0,8,34,29,75,1,no
com.logicaldoc.core.stats.StatsCollector,34,0,22,70,388,88,1,yes
com.logicaldoc.core.store.FSStorer,27,0,21,34,223,74,0,no
com.logicaldoc.core.system.SystemLoadMonitor,8,0,9,22,80,81,0,no
com.logicaldoc.core.system.SystemLoadMonitor.LoadTracker,6,0,2,88,36,0,0,no
com.logicaldoc.core.SystemInfo,16,0,41,54,194,95,0,no
com.logicaldoc.core.SystemInfoTest,2,0,1,20,8,0,1,no
com.logicaldoc.core.task.Task,39,6,35,48,249,91,0,no
com.logicaldoc.core.task.TaskManager,14,0,4,17,48,50,0,no
com.logicaldoc.core.task.TaskScheduling,13,0,37,50,188,88,0,yes
com.logicaldoc.core.task.TaskTrigger,7,0,57,70,208,97,1,yes
com.logicaldoc.core.ticket.HibernateTicketDAO,16,0,10,66,98,75,1,no
com.logicaldoc.core.ticket.HibernateTicketDAOTest,6,0,7,26,66,0,1,no
com.logicaldoc.core.ticket.Ticket,2,0,18,44,64,90,1,yes
com.logicaldoc.core.transfer.InMemoryZipImport,19,0,2,22,49,50,1,yes
com.logicaldoc.core.transfer.ZipExport,31,0,9,22,173,68,0,no
com.logicaldoc.core.transfer.ZipImport,31,1,7,20,105,69,0,yes
com.logicaldoc.core.util.IconSelector,1,0,2,15,50,0,0,yes
com.logicaldoc.core.util.UserUtil,6,0,3,16,34,0,0,no
com.logicaldoc.dropbox.AbstractDropBoxTCase,17,0,7,20,96,69,0,no
com.logicaldoc.dropbox.Dropbox,11,0,13,26,115,80,0,no
com.logicaldoc.dropbox.DropboxDataServlet,13,0,1,14,65,50,1,no
com.logicaldoc.dropbox.DropboxPlugin,8,0,1,30,16,100,2,no
com.logicaldoc.dropbox.DropboxServiceImpl,38,0,10,23,234,75,1,no
com.logicaldoc.dropbox.DropBoxTestBench,12,0,2,15,27,0,0,no
com.logicaldoc.dropbox.SessionUtil,7,0,4,17,22,75,0,no
com.logicaldoc.gui.common.client.beans.GUIArchive,3,0,31,44,123,96,0,no
com.logicaldoc.gui.common.client.beans.GUIAttribute,10,0,32,45,170,94,0,no
com.logicaldoc.gui.common.client.beans.GUIAttributeSet,5,0,16,29,79,88,0,no
com.logicaldoc.gui.common.client.beans.GUIBarcodeEngine,2,0,8,21,30,80,0,no
com.logicaldoc.gui.common.client.beans.GUIBarcodePattern,2,0,6,19,23,75,0,no
com.logicaldoc.gui.common.client.beans.GUIBookmark,2,0,8,21,30,80,0,no
com.logicaldoc.gui.common.client.beans.GUICalendarEvent,7,0,44,57,192,95,0,no
com.logicaldoc.gui.common.client.beans.GUIContact,2,0,18,31,66,90,0,no
com.logicaldoc.gui.common.client.beans.GUICriterion,4,0,13,26,46,86,0,no
com.logicaldoc.gui.common.client.beans.GUICustomId,2,0,11,24,48,87,0,no
com.logicaldoc.gui.common.client.beans.GUIDashlet,0,0,10,23,39,76,0,no
com.logicaldoc.gui.common.client.beans.GUIDocument,8,1,103,125,415,98,1,yes
com.logicaldoc.gui.common.client.beans.GUIEmail,2,0,19,32,68,90,0,no
com.logicaldoc.gui.common.client.beans.GUIEmailAccount,5,0,39,52,143,95,0,no
com.logicaldoc.gui.common.client.beans.GUIEmailRule,2,0,8,21,34,88,0,no
com.logicaldoc.gui.common.client.beans.GUIEmailSettings,1,0,14,27,56,91,0,no
com.logicaldoc.gui.common.client.beans.GUIEvent,3,0,12,25,46,85,0,no
com.logicaldoc.gui.common.client.beans.GUIExtensibleObject,3,2,9,22,50,75,0,yes
com.logicaldoc.gui.common.client.beans.GUIExternalCall,6,0,12,25,69,84,0,no
com.logicaldoc.gui.common.client.beans.GUIFolder,5,0,54,76,201,95,1,yes
com.logicaldoc.gui.common.client.beans.GUIGroup,2,0,10,23,40,87,0,no
com.logicaldoc.gui.common.client.beans.GUIHistory,2,0,24,37,86,92,0,no
com.logicaldoc.gui.common.client.beans.GUIImportFolder,5,0,43,56,152,95,0,no
com.logicaldoc.gui.common.client.beans.GUIIncrementalArchive,5,0,16,29,65,87,0,no
com.logicaldoc.gui.common.client.beans.GUIInfo,7,0,77,90,293,97,0,yes
com.logicaldoc.gui.common.client.beans.GUILdapSettings,1,0,32,45,115,94,0,no
com.logicaldoc.gui.common.client.beans.GUIMenu,2,0,6,19,23,75,0,no
com.logicaldoc.gui.common.client.beans.GUIMessage,2,0,18,31,66,90,0,no
com.logicaldoc.gui.common.client.beans.GUIMessageTemplate,2,0,10,23,37,83,0,yes
com.logicaldoc.gui.common.client.beans.GUIParameter,2,0,9,22,37,72,0,no
com.logicaldoc.gui.common.client.beans.GUIRating,2,0,12,25,45,85,0,no
com.logicaldoc.gui.common.client.beans.GUIReport,4,0,27,40,98,93,0,no
com.logicaldoc.gui.common.client.beans.GUIResult,2,0,10,23,37,83,0,no
com.logicaldoc.gui.common.client.beans.GUIRetentionPolicy,2,0,18,31,72,94,0,no
com.logicaldoc.gui.common.client.beans.GUIRight,1,0,36,49,129,94,0,yes
com.logicaldoc.gui.common.client.beans.GUIScheduling,2,0,32,45,112,93,0,no
com.logicaldoc.gui.common.client.beans.GUISearchEngine,2,0,20,33,72,90,0,yes
com.logicaldoc.gui.common.client.beans.GUISearchOptions,4,0,59,72,213,96,0,yes
com.logicaldoc.gui.common.client.beans.GUISecuritySettings,2,0,16,29,59,88,0,no
com.logicaldoc.gui.common.client.beans.GUISequence,1,0,14,27,51,87,0,no
com.logicaldoc.gui.common.client.beans.GUISession,4,0,12,25,44,85,0,no
com.logicaldoc.gui.common.client.beans.GUIStamp,2,0,28,41,102,94,0,yes
com.logicaldoc.gui.common.client.beans.GUITag,1,0,8,21,30,80,0,no
com.logicaldoc.gui.common.client.beans.GUITask,3,0,21,34,86,92,0,no
com.logicaldoc.gui.common.client.beans.GUITemplate,5,0,16,29,79,88,0,no
com.logicaldoc.gui.common.client.beans.GUITenant,5,0,48,61,174,95,0,no
com.logicaldoc.gui.common.client.beans.GUITransition,3,0,13,26,47,83,0,yes
com.logicaldoc.gui.common.client.beans.GUIUser,10,0,83,96,362,97,0,yes
com.logicaldoc.gui.common.client.beans.GUIValue,1,0,6,19,23,66,0,no
com.logicaldoc.gui.common.client.beans.GUIVersion,2,0,12,137,45,85,2,no
com.logicaldoc.gui.common.client.beans.GUIWebServiceSettings,1,0,6,19,24,75,0,no
com.logicaldoc.gui.common.client.beans.GUIWFState,6,0,41,54,161,95,0,yes
com.logicaldoc.gui.common.client.beans.GUIWorkflow,4,0,27,40,114,92,0,yes
com.logicaldoc.gui.common.client.Common,1,0,2,15,9,0,0,no
com.logicaldoc.gui.common.client.Constants,1,0,0,13,80,0,0,yes
com.logicaldoc.gui.common.client.data.ArchivedDocsDS,3,0,1,14,29,0,1,no
com.logicaldoc.gui.common.client.data.ArchivesDS,3,0,1,14,24,0,1,no
com.logicaldoc.gui.common.client.data.AttributeOptionsDS,1,0,1,14,19,0,1,no
com.logicaldoc.gui.common.client.data.AttributeSetsDS,1,0,1,14,13,0,1,no
com.logicaldoc.gui.common.client.data.BookmarksDS,0,0,1,14,21,0,1,no
com.logicaldoc.gui.common.client.data.CalendarEventsDS,1,0,1,14,15,0,1,yes
com.logicaldoc.gui.common.client.data.ChannelsDS,1,0,1,14,12,0,1,no
com.logicaldoc.gui.common.client.data.ContactsDS,2,0,1,14,16,0,1,no
com.logicaldoc.gui.common.client.data.DeletedDocsDS,2,0,1,14,34,0,1,no
com.logicaldoc.gui.common.client.data.DiscussionsDS,0,0,1,14,16,0,1,no
com.logicaldoc.gui.common.client.data.DocumentAliasesDS,0,0,1,14,18,0,1,no
com.logicaldoc.gui.common.client.data.DocumentHistoryDS,3,0,3,16,29,33,1,no
com.logicaldoc.gui.common.client.data.DocumentsDS,8,0,3,16,145,66,1,yes
com.logicaldoc.gui.common.client.data.DropboxDS,2,0,1,14,23,0,1,no
com.logicaldoc.gui.common.client.data.DuplicatesDS,0,0,1,14,27,0,1,no
com.logicaldoc.gui.common.client.data.EmailAccountsDS,0,0,1,14,12,0,1,no
com.logicaldoc.gui.common.client.data.EventsDS,1,0,1,14,13,0,1,yes
com.logicaldoc.gui.common.client.data.FeedMessagesDS,0,0,1,14,18,0,1,no
com.logicaldoc.gui.common.client.data.FolderAliasesDS,0,0,1,14,15,0,1,no
com.logicaldoc.gui.common.client.data.FolderHistoryDS,1,0,1,14,14,0,1,no
com.logicaldoc.gui.common.client.data.FoldersDS,2,0,2,15,31,50,1,yes
com.logicaldoc.gui.common.client.data.FolderTemplatesDS,0,0,1,14,12,0,1,no
com.logicaldoc.gui.common.client.data.FormsDS,0,0,1,14,12,0,1,no
com.logicaldoc.gui.common.client.data.GarbageDS,0,0,1,14,19,0,1,no
com.logicaldoc.gui.common.client.data.GroupsDS,1,0,1,14,13,0,1,no
com.logicaldoc.gui.common.client.data.ImpexFoldersDS,0,0,1,14,11,0,1,no
com.logicaldoc.gui.common.client.data.ImportFoldersDS,1,0,1,14,14,0,1,no
com.logicaldoc.gui.common.client.data.IncrementalArchivesDS,1,0,1,14,16,0,1,no
com.logicaldoc.gui.common.client.data.LanguagesDS,3,0,1,14,13,0,1,no
com.logicaldoc.gui.common.client.data.LinksDS,0,0,1,14,18,0,1,no
com.logicaldoc.gui.common.client.data.LockedDocsDS,2,0,1,14,31,0,1,no
com.logicaldoc.gui.common.client.data.MenusDS,1,0,1,14,18,0,1,no
com.logicaldoc.gui.common.client.data.MessagesDS,0,0,1,14,17,0,1,no
com.logicaldoc.gui.common.client.data.NotesDS,2,0,1,14,23,0,1,no
com.logicaldoc.gui.common.client.data.ParsersDS,0,0,2,15,22,50,1,no
com.logicaldoc.gui.common.client.data.PropertiesDS,0,0,1,14,12,0,1,no
com.logicaldoc.gui.common.client.data.ReportsDS,0,0,1,14,20,0,1,no
com.logicaldoc.gui.common.client.data.RetentionPoliciesDS,0,0,1,14,16,0,1,no
com.logicaldoc.gui.common.client.data.RightsDS,1,0,1,14,29,0,1,yes
com.logicaldoc.gui.common.client.data.SavedSearchesDS,1,0,2,15,17,50,1,no
com.logicaldoc.gui.common.client.data.SessionsDS,2,0,1,14,18,0,1,no
com.logicaldoc.gui.common.client.data.ShareFileDS,1,0,1,14,19,0,1,no
com.logicaldoc.gui.common.client.data.StampsDS,1,0,1,14,15,0,1,no
com.logicaldoc.gui.common.client.data.StampUsersDS,0,0,1,14,18,0,1,no
com.logicaldoc.gui.common.client.data.SubscriptionsDS,2,0,1,14,25,0,1,no
com.logicaldoc.gui.common.client.data.TagsDS,2,0,1,14,13,0,1,no
com.logicaldoc.gui.common.client.data.TasksDS,1,0,1,14,26,0,1,no
com.logicaldoc.gui.common.client.data.TemplatesDS,2,0,1,14,15,0,1,yes
com.logicaldoc.gui.common.client.data.TenantsDS,0,0,1,14,23,0,1,no
com.logicaldoc.gui.common.client.data.UserHistoryDS,1,0,1,14,13,0,1,no
com.logicaldoc.gui.common.client.data.UsersDS,2,0,2,15,23,0,1,yes
com.logicaldoc.gui.common.client.data.VersionsDS,2,0,1,14,26,0,1,no
com.logicaldoc.gui.common.client.data.WorkflowHistoriesDS,2,0,1,14,24,0,1,yes
com.logicaldoc.gui.common.client.data.WorkflowsDS,0,0,1,14,14,0,1,no
com.logicaldoc.gui.common.client.data.WorkflowTasksDS,2,0,1,14,17,0,1,yes
com.logicaldoc.gui.common.client.data.WorkflowTriggersDS,2,0,1,14,20,0,1,no
com.logicaldoc.gui.common.client.Feature,4,0,5,18,105,98,0,yes
com.logicaldoc.gui.common.client.formatters.DateCellFormatter,4,0,2,15,12,0,0,no
com.logicaldoc.gui.common.client.formatters.DaysCellFormatter,5,0,1,14,15,0,0,no
com.logicaldoc.gui.common.client.formatters.FileSizeCellFormatter,3,0,3,16,17,33,0,no
com.logicaldoc.gui.common.client.formatters.I18NCellFormatter,3,0,1,14,8,0,0,no
com.logicaldoc.gui.common.client.i18n.I18N,9,0,23,36,134,85,0,yes
com.logicaldoc.gui.common.client.InvalidSessionException,1,0,2,48,9,100,1,no
com.logicaldoc.gui.common.client.log.EventPanel,5,0,11,24,101,79,1,no
com.logicaldoc.gui.common.client.log.EventsWindow,3,0,3,16,60,50,1,no
com.logicaldoc.gui.common.client.log.Log,9,0,7,20,53,0,0,no
com.logicaldoc.gui.common.client.Menu,4,0,2,15,46,97,0,yes
com.logicaldoc.gui.common.client.ServerException,1,1,2,46,8,100,0,no
com.logicaldoc.gui.common.client.Session,20,0,27,40,187,90,0,yes
com.logicaldoc.gui.common.client.util.ItemFactory,37,0,73,86,864,0,0,yes
com.logicaldoc.gui.common.client.util.LD,4,0,6,19,170,0,0,no
com.logicaldoc.gui.common.client.util.RequestInfo,3,0,19,32,83,88,0,no
com.logicaldoc.gui.common.client.util.Util,19,0,59,72,533,97,0,yes
com.logicaldoc.gui.common.client.util.WindowUtils,5,0,20,33,68,0,0,no
com.logicaldoc.gui.common.client.validators.EmailsValidator,1,0,1,14,7,0,1,no
com.logicaldoc.gui.common.client.validators.EmailValidator,1,0,1,14,7,0,1,no
com.logicaldoc.gui.common.client.validators.SimpleTextValidator,1,0,1,14,6,0,1,no
com.logicaldoc.gui.common.client.widgets.ContactingServer,2,0,2,15,33,50,1,yes
com.logicaldoc.gui.common.client.widgets.FeatureDisabled,4,0,2,15,20,0,1,no
com.logicaldoc.gui.common.client.widgets.FolderTree,4,0,2,15,23,0,1,no
com.logicaldoc.gui.common.client.widgets.HTMLPanel,1,0,1,14,8,0,1,no
com.logicaldoc.gui.common.client.widgets.ImageLightbox,5,0,1,14,20,0,1,no
com.logicaldoc.gui.common.client.widgets.IncomingMessage,3,0,3,16,50,50,1,no
com.logicaldoc.gui.common.client.widgets.InfoPanel,1,0,3,16,24,50,1,no
com.logicaldoc.gui.common.client.widgets.MessageLabel,1,0,2,15,23,0,1,yes
com.logicaldoc.gui.common.client.widgets.PreviewPanel,8,0,7,20,88,61,1,no
com.logicaldoc.gui.common.client.widgets.PreviewPopup,8,0,1,14,31,0,1,yes
com.logicaldoc.gui.common.client.widgets.PreviewTile,4,0,2,15,54,25,1,yes
com.logicaldoc.gui.common.client.widgets.SessionTimeout,1,0,2,15,31,50,1,no
com.logicaldoc.gui.common.client.widgets.UserSearchDialog,8,0,4,17,93,65,1,yes
com.logicaldoc.gui.common.client.widgets.UserSelector,3,0,1,14,33,0,1,no
com.logicaldoc.gui.frontend.client.administration.AdminMenu,9,0,2,15,47,50,1,no
com.logicaldoc.gui.frontend.client.administration.AdminPanel,2,0,5,18,34,60,1,no
com.logicaldoc.gui.frontend.client.annnotation.AnnotationEditor,10,0,5,18,148,67,1,no
com.logicaldoc.gui.frontend.client.annnotation.AnnotationsWindow,18,0,14,27,269,86,1,no
com.logicaldoc.gui.frontend.client.calendar.CalendarEventDialog,20,0,7,20,512,71,1,no
com.logicaldoc.gui.frontend.client.calendar.DocumentCalendar,8,0,1,14,85,100,1,yes
com.logicaldoc.gui.frontend.client.calendar.UserCalendarPanel,6,0,5,18,58,72,1,no
com.logicaldoc.gui.frontend.client.clipboard.Clipboard,5,0,9,59,61,87,0,no
com.logicaldoc.gui.frontend.client.clipboard.ClipboardWindow,4,0,4,17,61,62,1,no
com.logicaldoc.gui.frontend.client.dashboard.DashboardPanel,8,0,11,24,84,79,1,no
com.logicaldoc.gui.frontend.client.dashboard.dashlet.Dashlet,13,4,5,18,77,80,1,no
com.logicaldoc.gui.frontend.client.dashboard.dashlet.DashletSelector,2,0,1,14,47,0,1,no
com.logicaldoc.gui.frontend.client.dashboard.dashlet.HistoryDashlet,10,0,3,21,152,44,2,no
com.logicaldoc.gui.frontend.client.dashboard.dashlet.LastNotesDashlet,10,0,3,21,83,50,2,no
com.logicaldoc.gui.frontend.client.dashboard.dashlet.StatusDashlet,9,0,4,22,147,50,2,no
com.logicaldoc.gui.frontend.client.dashboard.dashlet.TagCloudDashlet,6,0,3,21,53,66,2,no
com.logicaldoc.gui.frontend.client.dashboard.MessageDialog,7,0,3,16,190,75,1,no
com.logicaldoc.gui.frontend.client.dashboard.MessagesPanel,8,0,3,16,170,66,1,no
com.logicaldoc.gui.frontend.client.dashboard.MostUsedTagsPortlet,7,0,2,15,67,66,1,no
com.logicaldoc.gui.frontend.client.dashboard.TagCloud,6,0,3,16,41,77,1,no
com.logicaldoc.gui.frontend.client.dashboard.TagsDashboard,3,0,2,15,35,50,1,no
com.logicaldoc.gui.frontend.client.dashboard.TagsPortlet,5,0,2,15,28,50,1,no
com.logicaldoc.gui.frontend.client.dashboard.UserDashboard,8,0,4,17,94,66,1,no
com.logicaldoc.gui.frontend.client.document.AliasesPanel,5,0,2,20,43,25,2,no
com.logicaldoc.gui.frontend.client.document.BookmarkDialog,6,0,1,14,64,33,1,no
com.logicaldoc.gui.frontend.client.document.BookmarksPanel,10,0,6,19,177,79,1,no
com.logicaldoc.gui.frontend.client.document.ContentDiff,3,0,1,14,17,0,1,no
com.logicaldoc.gui.frontend.client.document.DocumentCalendarPanel,7,0,3,21,36,50,2,no
com.logicaldoc.gui.frontend.client.document.DocumentCheckin,6,0,4,17,99,54,1,yes
com.logicaldoc.gui.frontend.client.document.DocumentDetailsPanel,27,0,11,24,415,81,1,yes
com.logicaldoc.gui.frontend.client.document.DocumentDetailTab,6,12,5,18,34,68,1,no
com.logicaldoc.gui.frontend.client.document.DocumentsListPanel,14,0,6,19,108,72,1,no
com.logicaldoc.gui.frontend.client.document.DocumentsMenu,10,0,4,17,72,75,1,yes
com.logicaldoc.gui.frontend.client.document.DocumentsPanel,24,0,26,39,221,88,1,yes
com.logicaldoc.gui.frontend.client.document.DocumentSubscriptionsPanel,9,0,4,22,165,58,2,no
com.logicaldoc.gui.frontend.client.document.DocumentsUploader,12,0,6,19,135,74,1,yes
com.logicaldoc.gui.frontend.client.document.DocumentToolbar,21,0,5,18,518,65,1,yes
com.logicaldoc.gui.frontend.client.document.DownloadTicketDialog,11,0,3,16,97,41,1,no
com.logicaldoc.gui.frontend.client.document.EmailDialog,10,0,3,16,264,66,1,yes
com.logicaldoc.gui.frontend.client.document.ExtendedPropertiesPanel,20,0,6,24,266,70,2,yes
com.logicaldoc.gui.frontend.client.document.form.AddForm,12,0,2,15,71,25,1,no
com.logicaldoc.gui.frontend.client.document.form.FillForm,16,0,2,15,163,16,1,yes
com.logicaldoc.gui.frontend.client.document.grid.ContextMenu,22,0,1,14,634,100,1,yes
com.logicaldoc.gui.frontend.client.document.grid.Cursor,6,0,12,25,88,68,1,no
com.logicaldoc.gui.frontend.client.document.grid.DocumentsListGrid,24,0,27,40,589,98,1,yes
com.logicaldoc.gui.frontend.client.document.grid.DocumentsTileGrid,9,0,25,38,227,96,1,yes
com.logicaldoc.gui.frontend.client.document.grid.GridUtil,10,0,5,18,175,0,0,yes
com.logicaldoc.gui.frontend.client.document.HistoryPanel,5,0,2,20,46,25,2,yes
com.logicaldoc.gui.frontend.client.document.LinksPanel,12,0,4,22,151,66,2,no
com.logicaldoc.gui.frontend.client.document.MetadataDiff,14,0,2,15,146,0,1,yes
com.logicaldoc.gui.frontend.client.document.MetadataDiff.DiffRecord,1,0,5,18,24,0,1,no
com.logicaldoc.gui.frontend.client.document.NotesPanel,17,0,5,23,198,76,2,no
com.logicaldoc.gui.frontend.client.document.PublishingPanel,6,0,3,21,87,50,2,no
com.logicaldoc.gui.frontend.client.document.RatingDialog,12,0,1,14,123,19,1,no
com.logicaldoc.gui.frontend.client.document.SendToArchiveDialog,7,0,2,15,59,25,1,no
com.logicaldoc.gui.frontend.client.document.SignatureViewer,7,0,1,14,33,0,1,yes
com.logicaldoc.gui.frontend.client.document.StampDialog,7,0,2,15,54,16,1,no
com.logicaldoc.gui.frontend.client.document.StandardPropertiesPanel,22,0,4,22,207,65,2,yes
com.logicaldoc.gui.frontend.client.document.TrashPanel,11,0,6,19,171,79,1,no
com.logicaldoc.gui.frontend.client.document.UploadSignedDocument,11,0,4,17,128,65,1,no
com.logicaldoc.gui.frontend.client.document.VersionsPanel,14,0,5,23,177,73,2,yes
com.logicaldoc.gui.frontend.client.document.WorkflowDialog,5,0,2,15,46,16,1,yes
com.logicaldoc.gui.frontend.client.dropbox.DropboxAuthorizationWizard,10,0,2,15,69,37,1,no
com.logicaldoc.gui.frontend.client.dropbox.DropboxDialog,12,0,3,16,109,55,1,no
com.logicaldoc.gui.frontend.client.dropbox.DropboxTree,4,0,2,15,37,0,1,no
com.logicaldoc.gui.frontend.client.folder.AliasesPanel,5,0,2,18,38,25,2,no
com.logicaldoc.gui.frontend.client.folder.ApplyTemplateDialog,9,0,1,14,57,100,1,no
com.logicaldoc.gui.frontend.client.folder.CopyDialog,5,0,1,14,89,0,1,no
com.logicaldoc.gui.frontend.client.folder.CreateAliasDialog,2,0,1,14,37,0,1,no
com.logicaldoc.gui.frontend.client.folder.CreateDialog,9,0,2,15,84,25,1,yes
com.logicaldoc.gui.frontend.client.folder.ExtendedPropertiesPanel,20,0,6,22,289,70,2,yes
com.logicaldoc.gui.frontend.client.folder.FolderDetailsPanel,21,0,7,20,282,73,1,no
com.logicaldoc.gui.frontend.client.folder.FolderDetailTab,1,7,3,16,15,33,1,no
com.logicaldoc.gui.frontend.client.folder.FolderNavigator,29,0,29,42,817,90,1,yes
com.logicaldoc.gui.frontend.client.folder.FolderQuotaPanel,9,0,3,19,58,44,2,no
com.logicaldoc.gui.frontend.client.folder.FolderSearchDialog,8,0,4,17,82,65,1,yes
com.logicaldoc.gui.frontend.client.folder.FolderSearchForm,12,2,3,16,93,50,1,yes
com.logicaldoc.gui.frontend.client.folder.FolderSelector,9,0,7,20,95,76,1,no
com.logicaldoc.gui.frontend.client.folder.FolderSubscriptionsPanel,9,0,4,20,182,58,2,no
com.logicaldoc.gui.frontend.client.folder.HistoryPanel,5,0,2,18,31,25,2,yes
com.logicaldoc.gui.frontend.client.folder.InheritRightsDialog,6,0,1,14,60,100,1,no
com.logicaldoc.gui.frontend.client.folder.MoveDialog,2,0,1,14,51,0,1,no
com.logicaldoc.gui.frontend.client.folder.PropertiesPanel,9,0,3,19,88,50,2,yes
com.logicaldoc.gui.frontend.client.folder.RestoreDialog,5,0,1,14,53,50,1,no
com.logicaldoc.gui.frontend.client.folder.SecurityPanel,15,0,7,23,313,74,2,yes
com.logicaldoc.gui.frontend.client.Frontend,16,0,12,25,93,89,0,yes
com.logicaldoc.gui.frontend.client.gdrive.GDriveCheckin,9,0,2,15,57,33,1,no
com.logicaldoc.gui.frontend.client.gdrive.GDriveCreate,9,0,2,15,78,33,1,no
com.logicaldoc.gui.frontend.client.gdrive.GDriveEditor,11,0,2,15,161,50,1,no
com.logicaldoc.gui.frontend.client.gdrive.GDriveImport,9,0,1,14,134,66,1,no
com.logicaldoc.gui.frontend.client.gdrive.GDriveSettings,5,0,2,15,58,0,1,no
com.logicaldoc.gui.frontend.client.impex.accounts.AccountAdvancedProperties,11,0,3,19,76,33,2,no
com.logicaldoc.gui.frontend.client.impex.accounts.AccountDetailsPanel,10,0,7,20,163,70,1,no
com.logicaldoc.gui.frontend.client.impex.accounts.AccountDetailsTab,1,3,3,16,16,33,1,no
com.logicaldoc.gui.frontend.client.impex.accounts.AccountFiltersPanel,12,0,4,20,192,50,2,no
com.logicaldoc.gui.frontend.client.impex.accounts.AccountsPanel,11,0,6,19,250,71,1,no
com.logicaldoc.gui.frontend.client.impex.accounts.AccountStandardProperties,8,0,3,19,88,22,2,no
com.logicaldoc.gui.frontend.client.impex.archives.ArchiveDetailsPanel,4,0,2,15,38,16,1,no
com.logicaldoc.gui.frontend.client.impex.archives.ArchiveDialog,8,0,1,14,65,33,1,no
com.logicaldoc.gui.frontend.client.impex.archives.ExportArchivesList,17,0,11,24,254,82,1,no
com.logicaldoc.gui.frontend.client.impex.archives.ExportArchivesPanel,6,0,1,14,21,0,1,no
com.logicaldoc.gui.frontend.client.impex.archives.ImportArchivesList,11,0,6,19,163,66,1,no
com.logicaldoc.gui.frontend.client.impex.archives.ImportArchivesPanel,3,0,2,15,21,33,1,no
com.logicaldoc.gui.frontend.client.impex.archives.ImportDetailsPanel,8,0,6,19,114,66,1,no
com.logicaldoc.gui.frontend.client.impex.archives.ImportFoldersList,9,0,4,17,129,65,1,no
com.logicaldoc.gui.frontend.client.impex.archives.ImportSettingsPanel,3,0,2,15,34,16,1,no
com.logicaldoc.gui.frontend.client.impex.archives.IncrementalArchivesList,13,0,7,20,181,71,1,no
com.logicaldoc.gui.frontend.client.impex.archives.IncrementalDetailsPanel,10,0,7,20,129,69,1,no
com.logicaldoc.gui.frontend.client.impex.archives.IncrementalSettingsPanel,11,0,2,15,57,28,1,no
com.logicaldoc.gui.frontend.client.impex.archives.VersionsPanel,12,0,4,17,139,70,1,no
com.logicaldoc.gui.frontend.client.impex.folders.ImportFolderAdvancedProperties,12,0,3,19,113,33,2,no
com.logicaldoc.gui.frontend.client.impex.folders.ImportFolderDetailsPanel,9,0,7,20,147,69,1,no
com.logicaldoc.gui.frontend.client.impex.folders.ImportFolderDetailsTab,1,2,3,16,15,33,1,no
com.logicaldoc.gui.frontend.client.impex.folders.ImportFoldersPanel,13,0,6,19,278,71,1,no
com.logicaldoc.gui.frontend.client.impex.folders.ImportFolderStandardProperties,7,0,3,19,73,22,2,no
com.logicaldoc.gui.frontend.client.impex.ImpexMenu,2,0,1,14,70,0,1,no
com.logicaldoc.gui.frontend.client.menu.AboutDialog,5,0,1,14,75,0,1,no
com.logicaldoc.gui.frontend.client.menu.MainMenu,37,0,17,30,702,97,1,yes
com.logicaldoc.gui.frontend.client.menu.Registration,6,0,2,15,64,75,1,no
com.logicaldoc.gui.frontend.client.menu.SearchBox,6,1,2,15,45,0,1,no
com.logicaldoc.gui.frontend.client.metadata.BarcodePatternsPanel,10,0,5,18,165,60,1,no
com.logicaldoc.gui.frontend.client.metadata.BarcodesEnginePanel,14,0,6,19,295,81,1,no
com.logicaldoc.gui.frontend.client.metadata.CustomIdPanel,12,0,7,20,268,76,1,no
com.logicaldoc.gui.frontend.client.metadata.FolderTemplatesPanel,5,0,4,17,124,50,1,no
com.logicaldoc.gui.frontend.client.metadata.form.FormCreate,11,0,2,15,65,37,1,no
com.logicaldoc.gui.frontend.client.metadata.form.FormDetailsPanel,10,0,6,19,147,70,1,no
com.logicaldoc.gui.frontend.client.metadata.form.FormEditor,6,0,2,15,48,37,1,no
com.logicaldoc.gui.frontend.client.metadata.form.FormsPanel,12,0,7,20,181,76,1,no
com.logicaldoc.gui.frontend.client.metadata.MetadataMenu,8,0,1,14,172,100,1,no
com.logicaldoc.gui.frontend.client.metadata.Options,10,0,8,21,216,56,1,no
com.logicaldoc.gui.frontend.client.metadata.OptionsUploader,6,0,2,15,71,28,1,no
com.logicaldoc.gui.frontend.client.metadata.RetentionPoliciesPanel,12,0,6,19,269,71,1,no
com.logicaldoc.gui.frontend.client.metadata.RetentionPolicyDetailsPanel,9,0,6,19,147,69,1,no
com.logicaldoc.gui.frontend.client.metadata.stamp.StampDetailsPanel,14,0,8,21,248,76,1,yes
com.logicaldoc.gui.frontend.client.metadata.stamp.StampsPanel,11,0,6,19,229,71,1,yes
com.logicaldoc.gui.frontend.client.metadata.stamp.StampUploader,7,0,2,15,86,43,1,no
com.logicaldoc.gui.frontend.client.metadata.stamp.StampUsersPanel,8,0,3,16,132,58,1,no
com.logicaldoc.gui.frontend.client.metadata.TagsPanel,7,0,1,14,23,0,1,no
com.logicaldoc.gui.frontend.client.metadata.TagsPreset,9,0,3,16,104,83,1,no
com.logicaldoc.gui.frontend.client.metadata.TagsSettingsPanel,7,0,1,14,78,50,1,no
com.logicaldoc.gui.frontend.client.metadata.template.AddTemplateAttributeDialog,7,0,2,15,140,50,1,yes
com.logicaldoc.gui.frontend.client.metadata.template.AttributeSetDetailsPanel,8,0,8,21,129,71,1,no
com.logicaldoc.gui.frontend.client.metadata.template.AttributeSetPropertiesPanel,12,0,12,25,385,73,1,yes
com.logicaldoc.gui.frontend.client.metadata.template.AttributeSetsPanel,11,0,7,20,180,75,1,no
com.logicaldoc.gui.frontend.client.metadata.template.TemplateDetailsPanel,8,0,8,21,129,71,1,no
com.logicaldoc.gui.frontend.client.metadata.template.TemplatePropertiesPanel,11,0,11,24,239,74,1,yes
com.logicaldoc.gui.frontend.client.metadata.template.TemplatesAndAttributesPanel,3,0,1,14,14,0,1,no
com.logicaldoc.gui.frontend.client.metadata.template.TemplatesPanel,10,0,7,20,180,75,1,yes
com.logicaldoc.gui.frontend.client.panels.MainPanel,29,0,15,28,176,75,1,no
com.logicaldoc.gui.frontend.client.panels.StatusBar,2,0,1,14,12,0,1,no
com.logicaldoc.gui.frontend.client.panels.StatusBarIcons,11,0,5,18,119,60,1,no
com.logicaldoc.gui.frontend.client.panels.TopPanel,3,0,1,14,21,0,1,no
com.logicaldoc.gui.frontend.client.personal.ChangePassword,7,0,1,14,85,25,1,no
com.logicaldoc.gui.frontend.client.personal.contacts.ContactDetails,7,0,1,14,65,100,1,no
com.logicaldoc.gui.frontend.client.personal.contacts.Contacts,9,0,6,19,210,70,1,no
com.logicaldoc.gui.frontend.client.personal.contacts.ContactsImportPreview,8,0,2,15,118,50,1,no
com.logicaldoc.gui.frontend.client.personal.contacts.ContactsImportSettings,13,0,12,25,152,45,1,no
com.logicaldoc.gui.frontend.client.personal.contacts.ContactsUploader,2,0,2,15,56,30,1,no
com.logicaldoc.gui.frontend.client.personal.MyPrivateKey,10,0,4,17,182,50,1,no
com.logicaldoc.gui.frontend.client.personal.MySignature,10,0,4,17,195,55,1,no
com.logicaldoc.gui.frontend.client.personal.Profile,8,0,1,14,128,50,1,yes
com.logicaldoc.gui.frontend.client.reports.ArchivedDocsPanel,15,0,4,17,271,65,1,no
com.logicaldoc.gui.frontend.client.reports.CalendarReport,14,0,2,15,249,35,1,no
com.logicaldoc.gui.frontend.client.reports.custom.ReportDetailsPanel,8,0,7,20,145,71,1,no
com.logicaldoc.gui.frontend.client.reports.custom.ReportDetailsTab,1,1,3,16,15,33,1,no
com.logicaldoc.gui.frontend.client.reports.custom.ReportParametersForm,14,0,4,17,166,55,1,no
com.logicaldoc.gui.frontend.client.reports.custom.ReportsPanel,19,0,9,22,347,80,1,no
com.logicaldoc.gui.frontend.client.reports.custom.ReportStandardProperties,13,0,3,19,84,26,2,no
com.logicaldoc.gui.frontend.client.reports.custom.ReportUploader,10,0,3,16,134,53,1,no
com.logicaldoc.gui.frontend.client.reports.DeletedDocsPanel,15,0,4,17,190,65,1,no
com.logicaldoc.gui.frontend.client.reports.DuplicatesPanel,15,0,4,17,275,65,1,no
com.logicaldoc.gui.frontend.client.reports.LastChangesPanel,16,0,3,16,220,57,1,no
com.logicaldoc.gui.frontend.client.reports.LockedDocsPanel,12,0,3,16,243,66,1,no
com.logicaldoc.gui.frontend.client.reports.ReportsMenu,3,0,1,14,103,0,1,no
com.logicaldoc.gui.frontend.client.search.DocumentFieldsDS,5,0,1,14,91,0,1,no
com.logicaldoc.gui.frontend.client.search.FoldersForm,3,0,2,18,9,0,2,no
com.logicaldoc.gui.frontend.client.search.FulltextForm,20,0,5,18,212,68,1,yes
com.logicaldoc.gui.frontend.client.search.HitsListPanel,24,0,13,26,314,78,1,yes
com.logicaldoc.gui.frontend.client.search.ParametricForm,30,0,6,19,260,68,1,yes
com.logicaldoc.gui.frontend.client.search.RowCriteria,10,0,9,22,168,77,1,yes
com.logicaldoc.gui.frontend.client.search.SaveDialog,6,0,1,14,61,100,1,no
com.logicaldoc.gui.frontend.client.search.SavedSearchesPanel,8,0,4,17,108,75,1,no
com.logicaldoc.gui.frontend.client.search.Search,10,0,14,27,78,88,0,no
com.logicaldoc.gui.frontend.client.search.SearchMenu,8,0,6,19,65,83,1,no
com.logicaldoc.gui.frontend.client.search.SearchPanel,17,0,12,25,124,85,1,yes
com.logicaldoc.gui.frontend.client.search.TagsForm,19,0,7,20,197,79,1,no
com.logicaldoc.gui.frontend.client.security.AntivirusSettingsPanel,9,0,1,14,72,100,1,no
com.logicaldoc.gui.frontend.client.security.FiltersPanel,9,0,5,18,87,50,1,no
com.logicaldoc.gui.frontend.client.security.GroupDetailsPanel,9,0,8,21,142,73,1,no
com.logicaldoc.gui.frontend.client.security.GroupPropertiesPanel,7,0,3,16,64,33,1,yes
com.logicaldoc.gui.frontend.client.security.GroupsPanel,11,0,4,17,140,67,1,yes
com.logicaldoc.gui.frontend.client.security.GroupUsersPanel,8,0,2,15,138,50,1,no
com.logicaldoc.gui.frontend.client.security.LdapBrowser,12,0,4,17,132,62,1,no
com.logicaldoc.gui.frontend.client.security.LdapImportDialog,6,0,1,14,55,33,1,no
com.logicaldoc.gui.frontend.client.security.LdapPanel,9,0,1,14,196,19,1,no
com.logicaldoc.gui.frontend.client.security.MenuRightsPanel,10,0,5,18,157,68,1,no
com.logicaldoc.gui.frontend.client.security.MenusPanel,12,0,3,16,84,61,1,no
com.logicaldoc.gui.frontend.client.security.SecurityMenu,12,0,1,14,102,100,1,no
com.logicaldoc.gui.frontend.client.security.SecuritySettingsPanel,13,0,2,15,166,42,1,yes
com.logicaldoc.gui.frontend.client.security.SetPassword,9,0,1,14,76,25,1,no
com.logicaldoc.gui.frontend.client.security.UserDetailsPanel,16,0,8,21,224,72,1,no
com.logicaldoc.gui.frontend.client.security.UserHistoryPanel,4,0,2,15,27,25,1,no
com.logicaldoc.gui.frontend.client.security.UserPropertiesPanel,15,0,4,17,178,42,1,no
com.logicaldoc.gui.frontend.client.security.UserQuotaPanel,7,0,3,16,55,33,1,no
com.logicaldoc.gui.frontend.client.security.UsersPanel,15,0,4,17,200,67,1,yes
com.logicaldoc.gui.frontend.client.settings.EmailPanel,10,0,1,14,123,25,1,no
com.logicaldoc.gui.frontend.client.settings.ExternalAppsPanel,10,0,2,15,314,50,1,no
com.logicaldoc.gui.frontend.client.settings.GUISettingsPanel,11,0,1,14,185,33,1,yes
com.logicaldoc.gui.frontend.client.settings.MessageTemplatesPanel,8,0,5,18,155,46,1,yes
com.logicaldoc.gui.frontend.client.settings.OCRSettingsPanel,9,0,2,15,159,33,1,no
com.logicaldoc.gui.frontend.client.settings.ParametersSettingsPanel,8,0,1,14,58,33,1,no
com.logicaldoc.gui.frontend.client.settings.RepositoriesPanel,11,0,1,14,88,14,1,yes
com.logicaldoc.gui.frontend.client.settings.SearchIndexCheckStatus,2,0,1,14,26,0,1,no
com.logicaldoc.gui.frontend.client.settings.SearchIndexingPanel,18,0,8,21,591,84,1,yes
com.logicaldoc.gui.frontend.client.settings.SettingsMenu,9,0,1,14,161,100,1,yes
com.logicaldoc.gui.frontend.client.settings.StoragesPanel,15,0,3,16,163,64,1,yes
com.logicaldoc.gui.frontend.client.sharefile.ShareFileDialog,12,0,3,16,109,55,1,no
com.logicaldoc.gui.frontend.client.sharefile.ShareFileSettings,7,0,2,15,60,33,1,no
com.logicaldoc.gui.frontend.client.sharefile.ShareFileTree,4,0,2,15,37,0,1,no
com.logicaldoc.gui.frontend.client.subscription.PersonalSubscriptions,10,0,3,16,168,66,1,no
com.logicaldoc.gui.frontend.client.subscription.SubscriptionDialog,9,0,2,15,208,100,1,no
com.logicaldoc.gui.frontend.client.system.ChannelsPanel,2,0,2,15,43,25,1,no
com.logicaldoc.gui.frontend.client.system.ClusteringPanel,10,0,1,14,74,33,1,no
com.logicaldoc.gui.frontend.client.system.GeneralPanel,5,0,1,14,21,0,1,no
com.logicaldoc.gui.frontend.client.system.LogPanel,2,0,1,14,37,0,1,yes
com.logicaldoc.gui.frontend.client.system.PluginsPanel,4,0,1,14,38,0,1,no
com.logicaldoc.gui.frontend.client.system.ProductNewsPanel,7,0,3,16,216,55,1,no
com.logicaldoc.gui.frontend.client.system.ProgressCanvas,1,0,2,15,30,50,1,no
com.logicaldoc.gui.frontend.client.system.ScopedPropertiesPanel,6,0,3,16,132,55,1,no
com.logicaldoc.gui.frontend.client.system.SessionsPanel,7,0,3,16,131,66,1,yes
com.logicaldoc.gui.frontend.client.system.StatsPanel,4,0,1,14,22,0,1,no
com.logicaldoc.gui.frontend.client.system.StatsPie,10,0,2,15,123,0,1,yes
com.logicaldoc.gui.frontend.client.system.SystemMenu,10,0,2,15,184,100,1,yes
com.logicaldoc.gui.frontend.client.system.UpdatePanel,10,0,4,17,187,70,1,no
com.logicaldoc.gui.frontend.client.tenant.SetAdminPassword,8,0,1,14,66,33,1,no
com.logicaldoc.gui.frontend.client.tenant.TenantDetailsPanel,9,0,7,20,158,68,1,no
com.logicaldoc.gui.frontend.client.tenant.TenantPropertiesPanel,11,0,3,16,114,38,1,no
com.logicaldoc.gui.frontend.client.tenant.TenantQuotaPanel,9,0,3,16,86,33,1,no
com.logicaldoc.gui.frontend.client.tenant.TenantsPanel,14,0,5,18,189,71,1,no
com.logicaldoc.gui.frontend.client.webcontent.WebcontentCreate,10,0,2,15,72,33,1,no
com.logicaldoc.gui.frontend.client.webcontent.WebcontentEditor,6,0,3,16,68,41,1,no
com.logicaldoc.gui.frontend.client.workflow.DrawingPanel,12,0,5,18,70,46,1,no
com.logicaldoc.gui.frontend.client.workflow.PrimitivesToolstrip,10,0,3,16,69,47,1,no
com.logicaldoc.gui.frontend.client.workflow.StateWidget,12,0,23,36,203,79,1,no
com.logicaldoc.gui.frontend.client.workflow.StatusDialog,7,0,1,14,41,25,1,no
com.logicaldoc.gui.frontend.client.workflow.TaskDialog,12,0,2,15,255,40,1,yes
com.logicaldoc.gui.frontend.client.workflow.TransitionDialog,8,0,1,14,64,0,1,yes
com.logicaldoc.gui.frontend.client.workflow.WorkflowDashboard,5,0,3,16,70,69,1,yes
com.logicaldoc.gui.frontend.client.workflow.WorkflowDesigner,24,0,7,20,118,82,1,no
com.logicaldoc.gui.frontend.client.workflow.WorkflowDetailsDialog,18,0,8,21,422,81,1,yes
com.logicaldoc.gui.frontend.client.workflow.WorkflowHistoryDialog,11,0,5,18,195,77,1,yes
com.logicaldoc.gui.frontend.client.workflow.WorkflowPortlet,9,0,2,15,121,50,1,yes
com.logicaldoc.gui.frontend.client.workflow.WorkflowSettings,4,0,1,14,59,0,1,no
com.logicaldoc.gui.frontend.client.workflow.WorkflowToolstrip,13,0,4,17,339,51,1,no
com.logicaldoc.gui.frontend.client.workflow.WorkflowTriggersPanel,6,0,4,17,185,80,1,no
com.logicaldoc.gui.frontend.client.workflow.WorkflowUploader,7,0,2,15,77,56,1,no
com.logicaldoc.gui.login.client.ChangePassword,7,0,1,14,92,25,1,yes
com.logicaldoc.gui.login.client.Login,8,0,5,18,55,73,0,no
com.logicaldoc.gui.login.client.LoginPanel,19,1,10,23,358,78,1,yes
com.logicaldoc.gui.login.client.MobileLoginPanel,2,0,3,26,11,0,2,no
com.logicaldoc.gui.login.client.ResetPassword,6,0,1,14,59,33,1,yes
com.logicaldoc.gui.setup.client.Setup,18,0,7,20,292,75,0,no
com.logicaldoc.gui.setup.client.SetupInfo,1,0,28,41,100,93,0,no
com.logicaldoc.i18n.DetectDuplicates,16,0,1,14,35,0,0,no
com.logicaldoc.i18n.I18N,14,0,8,21,50,0,0,no
com.logicaldoc.i18n.OrderedProperties,10,0,2,89,37,0,0,no
com.logicaldoc.i18n.PurifyRB,22,0,3,16,90,0,0,no
com.logicaldoc.util.Base64Coder,5,0,12,25,128,93,0,no
com.logicaldoc.util.charset.CharsetDetector,55,0,14,27,227,85,0,no
com.logicaldoc.util.charset.CharsetMatch,11,0,9,22,76,82,0,no
com.logicaldoc.util.charset.CharsetRecog_2022,0,3,1,17,99,0,1,no
com.logicaldoc.util.charset.CharsetRecog_2022.CharsetRecog_2022CN,2,0,2,19,20,50,2,no
com.logicaldoc.util.charset.CharsetRecog_2022.CharsetRecog_2022JP,2,0,2,19,21,50,2,no
com.logicaldoc.util.charset.CharsetRecog_2022.CharsetRecog_2022KR,2,0,2,19,10,50,2,no
com.logicaldoc.util.charset.CharsetRecog_mbcs,5,4,3,19,317,0,1,no
com.logicaldoc.util.charset.CharsetRecog_mbcs.CharsetRecog_big5,3,0,4,23,45,75,2,no
com.logicaldoc.util.charset.CharsetRecog_mbcs.CharsetRecog_euc,2,2,1,20,86,0,2,no
com.logicaldoc.util.charset.CharsetRecog_mbcs.CharsetRecog_euc.CharsetRecog_euc_jp,2,0,3,23,22,66,3,no
com.logicaldoc.util.charset.CharsetRecog_mbcs.CharsetRecog_euc.CharsetRecog_euc_kr,2,0,3,23,22,66,3,no
com.logicaldoc.util.charset.CharsetRecog_mbcs.CharsetRecog_gb_18030,3,0,4,23,60,75,2,no
com.logicaldoc.util.charset.CharsetRecog_mbcs.CharsetRecog_sjis,3,0,4,23,39,75,2,no
com.logicaldoc.util.charset.CharsetRecog_mbcs.iteratedChar,1,0,2,15,22,30,0,no
com.logicaldoc.util.charset.CharsetRecog_sbcs,3,12,4,20,1083,75,1,no
com.logicaldoc.util.charset.CharsetRecog_sbcs.CharsetRecog_8859_1,1,10,1,21,40,100,2,no
com.logicaldoc.util.charset.CharsetRecog_sbcs.CharsetRecog_8859_1_da,2,0,2,23,16,50,3,no
com.logicaldoc.util.charset.CharsetRecog_sbcs.CharsetRecog_8859_1_de,2,0,2,23,16,50,3,no
com.logicaldoc.util.charset.CharsetRecog_sbcs.CharsetRecog_8859_1_en,2,0,2,23,16,50,3,no
com.logicaldoc.util.charset.CharsetRecog_sbcs.CharsetRecog_8859_1_es,2,0,2,23,16,50,3,no
com.logicaldoc.util.charset.CharsetRecog_sbcs.CharsetRecog_8859_1_fr,2,0,2,23,16,50,3,no
com.logicaldoc.util.charset.CharsetRecog_sbcs.CharsetRecog_8859_1_it,2,0,2,23,16,50,3,no
com.logicaldoc.util.charset.CharsetRecog_sbcs.CharsetRecog_8859_1_nl,2,0,2,23,16,50,3,no
com.logicaldoc.util.charset.CharsetRecog_sbcs.CharsetRecog_8859_1_no,2,0,2,23,16,50,3,no
com.logicaldoc.util.charset.CharsetRecog_sbcs.CharsetRecog_8859_1_pt,2,0,2,23,16,50,3,no
com.logicaldoc.util.charset.CharsetRecog_sbcs.CharsetRecog_8859_1_sv,2,0,2,23,16,50,3,no
com.logicaldoc.util.charset.CharsetRecog_sbcs.CharsetRecog_8859_2,1,4,1,21,40,100,2,no
com.logicaldoc.util.charset.CharsetRecog_sbcs.CharsetRecog_8859_2_cs,2,0,2,23,16,50,3,no
com.logicaldoc.util.charset.CharsetRecog_sbcs.CharsetRecog_8859_2_hu,2,0,2,23,16,50,3,no
com.logicaldoc.util.charset.CharsetRecog_sbcs.CharsetRecog_8859_2_pl,2,0,2,23,16,50,3,no
com.logicaldoc.util.charset.CharsetRecog_sbcs.CharsetRecog_8859_2_ro,2,0,2,23,16,50,3,no
com.logicaldoc.util.charset.CharsetRecog_sbcs.CharsetRecog_8859_5,1,1,1,21,40,100,2,no
com.logicaldoc.util.charset.CharsetRecog_sbcs.CharsetRecog_8859_5_ru,2,0,2,23,16,50,3,no
com.logicaldoc.util.charset.CharsetRecog_sbcs.CharsetRecog_8859_6,1,1,1,21,40,100,2,no
com.logicaldoc.util.charset.CharsetRecog_sbcs.CharsetRecog_8859_6_ar,2,0,2,23,16,50,3,no
com.logicaldoc.util.charset.CharsetRecog_sbcs.CharsetRecog_8859_7,1,1,1,21,40,100,2,no
com.logicaldoc.util.charset.CharsetRecog_sbcs.CharsetRecog_8859_7_el,2,0,2,23,16,50,3,no
com.logicaldoc.util.charset.CharsetRecog_sbcs.CharsetRecog_8859_8,1,2,1,21,40,100,2,no
com.logicaldoc.util.charset.CharsetRecog_sbcs.CharsetRecog_8859_8_he,2,0,2,23,16,50,3,no
com.logicaldoc.util.charset.CharsetRecog_sbcs.CharsetRecog_8859_8_I_he,2,0,3,24,20,66,3,no
com.logicaldoc.util.charset.CharsetRecog_sbcs.CharsetRecog_8859_9,1,1,1,21,40,100,2,no
com.logicaldoc.util.charset.CharsetRecog_sbcs.CharsetRecog_8859_9_tr,2,0,2,23,16,50,3,no
com.logicaldoc.util.charset.CharsetRecog_sbcs.CharsetRecog_IBM420_ar,4,2,6,26,81,83,2,no
com.logicaldoc.util.charset.CharsetRecog_sbcs.CharsetRecog_IBM420_ar_ltr,2,0,2,28,19,50,3,no
com.logicaldoc.util.charset.CharsetRecog_sbcs.CharsetRecog_IBM420_ar_rtl,2,0,2,28,19,50,3,no
com.logicaldoc.util.charset.CharsetRecog_sbcs.CharsetRecog_IBM424_he,1,2,1,21,24,100,2,no
com.logicaldoc.util.charset.CharsetRecog_sbcs.CharsetRecog_IBM424_he_ltr,2,0,2,23,16,50,3,no
com.logicaldoc.util.charset.CharsetRecog_sbcs.CharsetRecog_IBM424_he_rtl,2,0,2,23,16,50,3,no
com.logicaldoc.util.charset.CharsetRecog_sbcs.CharsetRecog_KOI8_R,2,0,3,23,54,66,2,no
com.logicaldoc.util.charset.CharsetRecog_sbcs.CharsetRecog_windows_1251,2,0,3,23,54,66,2,no
com.logicaldoc.util.charset.CharsetRecog_sbcs.CharsetRecog_windows_1256,2,0,3,23,54,66,2,no
com.logicaldoc.util.charset.CharsetRecog_sbcs.NGramParser,1,0,7,20,90,73,0,no
com.logicaldoc.util.charset.CharsetRecog_Unicode,2,3,2,18,102,0,1,no
com.logicaldoc.util.charset.CharsetRecog_Unicode.CharsetRecog_UTF_16_BE,2,0,2,20,14,0,2,no
com.logicaldoc.util.charset.CharsetRecog_Unicode.CharsetRecog_UTF_16_LE,2,0,2,20,18,0,2,no
com.logicaldoc.util.charset.CharsetRecog_Unicode.CharsetRecog_UTF_32,2,2,3,21,39,0,2,no
com.logicaldoc.util.charset.CharsetRecog_Unicode.CharsetRecog_UTF_32_BE,1,0,2,23,11,0,3,no
com.logicaldoc.util.charset.CharsetRecog_Unicode.CharsetRecog_UTF_32_LE,1,0,2,23,11,0,3,no
com.logicaldoc.util.charset.CharsetRecog_UTF8,2,0,2,18,67,0,1,no
com.logicaldoc.util.charset.CharsetRecognizer,2,5,3,16,8,0,0,no
com.logicaldoc.util.charset.CharSetTest,6,0,2,15,14,0,0,no
com.logicaldoc.util.concurrency.NamedThreadFactory,6,0,2,15,12,25,0,no
com.logicaldoc.util.config.ContextConfigurator,8,0,13,26,127,38,0,no
com.logicaldoc.util.config.ContextConfiguratorTest,4,0,3,16,14,33,0,no
com.logicaldoc.util.config.ContextProperties,17,0,18,107,172,77,1,yes
com.logicaldoc.util.config.LoggingConfigurator,10,0,12,25,147,25,0,no
com.logicaldoc.util.config.LoggingConfiguratorTest,3,0,3,16,13,0,0,no
com.logicaldoc.util.config.OrderedProperties,7,1,2,89,15,100,0,no
com.logicaldoc.util.config.WebConfigurator,7,0,16,51,299,0,1,no
com.logicaldoc.util.config.WebConfiguratorTest,4,0,4,17,20,25,0,no
com.logicaldoc.util.config.XMLBean,13,1,22,35,211,71,0,yes
com.logicaldoc.util.Context,13,0,15,28,98,73,0,no
com.logicaldoc.util.crypt.CryptUtil,18,0,11,24,176,68,0,yes
com.logicaldoc.util.crypt.CryptUtil.EncryptionException,0,0,1,45,5,100,0,no
com.logicaldoc.util.crypt.CryptUtilTest,6,0,3,16,23,0,0,no
com.logicaldoc.util.csv.CSVFile,0,2,7,20,28,75,0,no
com.logicaldoc.util.csv.CSVFileReader,9,0,7,27,73,28,1,no
com.logicaldoc.util.csv.CSVFileWriter,7,0,8,28,46,0,1,no
com.logicaldoc.util.dbinit.DBInit,16,1,16,29,126,75,0,no
com.logicaldoc.util.dbinit.DBInitTest,5,0,3,16,18,33,1,no
com.logicaldoc.util.Dummy,7,0,1,14,8,0,0,yes
com.logicaldoc.util.Encodings,9,0,2,15,16,0,0,no
com.logicaldoc.util.event.SystemEvent,2,0,3,16,12,33,0,no
com.logicaldoc.util.exec.Exec,23,0,5,18,120,40,0,no
com.logicaldoc.util.exec.Exec.CallableProcess,3,0,2,15,8,0,0,no
com.logicaldoc.util.exec.JavaLauncher,14,0,5,18,91,30,0,no
com.logicaldoc.util.exec.PrivilegedRunner,15,0,9,22,77,88,0,no
com.logicaldoc.util.exec.StreamEater,8,0,2,15,23,0,0,no
com.logicaldoc.util.exec.StreamGobbler,10,0,2,88,21,25,0,no
com.logicaldoc.util.exec.WinUtil,6,0,2,15,18,50,0,no
com.logicaldoc.util.exec.Worker,3,0,3,89,17,33,0,no
com.logicaldoc.util.HtmlColor,7,0,3,16,44,66,0,no
com.logicaldoc.util.http.EasyX509TrustManager,4,0,3,16,12,0,0,no
com.logicaldoc.util.http.FileBodyCounter,6,0,4,17,28,62,1,no
com.logicaldoc.util.http.HttpUpload,11,0,11,24,87,76,0,no
com.logicaldoc.util.http.HttpUtil,9,0,6,19,88,0,0,no
com.logicaldoc.util.io.FileUtil,43,0,25,38,400,84,0,no
com.logicaldoc.util.io.FileUtilTest,3,0,3,16,11,0,0,no
com.logicaldoc.util.io.IOUtil,9,0,3,16,39,66,0,no
com.logicaldoc.util.io.JarUtil,15,0,3,16,62,33,0,no
com.logicaldoc.util.io.NetUtil,5,0,1,14,30,0,0,no
com.logicaldoc.util.io.ResourceUtil,14,0,2,15,29,0,0,no
com.logicaldoc.util.io.ZipUtil,19,0,9,22,124,0,0,yes
com.logicaldoc.util.io.ZipUtilTest,6,0,4,17,32,0,0,yes
com.logicaldoc.util.LocaleUtil,3,0,1,14,17,0,0,no
com.logicaldoc.util.MimeType,5,0,3,16,24,66,0,no
com.logicaldoc.util.plugin.DefaultPluginRegistry,9,0,1,28,28,0,1,no
com.logicaldoc.util.plugin.LogicalDOCPlugin,16,5,16,29,86,85,1,no
com.logicaldoc.util.plugin.PluginRegistry,23,1,14,27,175,88,0,no
com.logicaldoc.util.security.GpwData,4,0,4,17,28,37,0,no
com.logicaldoc.util.security.GpwDataInit1,1,0,1,14,394,0,0,no
com.logicaldoc.util.security.GpwDataInit2,1,0,1,14,388,0,0,no
com.logicaldoc.util.security.PasswordGenerator,7,0,3,16,64,66,0,no
com.logicaldoc.util.security.PasswordGeneratorTest,4,0,1,14,10,0,0,no
com.logicaldoc.util.security.StringEncrypter,13,0,5,18,78,60,0,yes
com.logicaldoc.util.security.StringEncrypter.EncryptionException,0,0,1,45,4,0,0,no
com.logicaldoc.util.SnippetStripper,1,0,1,14,15,0,0,no
com.logicaldoc.util.SoftwareVersion,5,0,4,17,39,50,0,no
com.logicaldoc.util.spring.PropertiesPlaceHolder,11,0,3,16,51,66,1,no
com.logicaldoc.util.sql.SqlUtil,1,0,2,15,10,0,0,no
com.logicaldoc.util.StringUtil,14,0,7,20,84,0,0,no
com.logicaldoc.util.StringUtilTest,5,0,1,14,17,0,0,no
com.logicaldoc.util.TagUtil,7,0,2,15,40,50,0,no
com.logicaldoc.util.TagUtilTest,2,0,1,14,15,0,0,no
com.logicaldoc.util.time.TimeDiff,10,0,4,17,55,0,0,no
com.logicaldoc.web.AbstractWebappTCase,22,5,7,20,95,71,0,no
com.logicaldoc.web.ApplicationListener,22,0,5,18,128,50,0,yes
com.logicaldoc.web.ConvertPdf,18,0,3,16,46,75,1,no
com.logicaldoc.web.data.AttributeOptionsDataServlet,13,0,1,14,49,50,1,no
com.logicaldoc.web.data.AttributeSetsDataServlet,15,0,1,14,51,50,1,no
com.logicaldoc.web.data.BookmarksDataServlet,16,0,1,14,58,50,1,no
com.logicaldoc.web.data.ContactsDataServlet,13,0,1,14,45,50,1,no
com.logicaldoc.web.data.DeletedDocsDataServlet,23,0,1,14,104,50,1,no
com.logicaldoc.web.data.DocumentAliasesDataServlet,18,0,1,14,55,50,1,no
com.logicaldoc.web.data.DocumentHistoryDataServlet,23,0,1,14,76,50,1,no
com.logicaldoc.web.data.DocumentsDataServlet,35,0,1,14,303,50,1,yes
com.logicaldoc.web.data.EventsDataServlet,11,0,1,14,69,50,1,yes
com.logicaldoc.web.data.FeedMessageDataServlet,15,0,1,14,43,50,1,no
com.logicaldoc.web.data.FolderAliasesDataServlet,17,0,1,14,49,50,1,no
com.logicaldoc.web.data.FolderHistoryDataServlet,17,0,1,14,48,50,1,no
com.logicaldoc.web.data.FoldersDataServlet,20,0,1,14,99,50,1,yes
com.logicaldoc.web.data.GarbageDataServlet,18,0,1,14,53,50,1,no
com.logicaldoc.web.data.GroupsDataServlet,15,0,1,14,43,50,1,no
com.logicaldoc.web.data.LanguagesDataServlet,19,0,1,14,60,50,1,no
com.logicaldoc.web.data.LinksDataServlet,14,0,1,14,60,50,1,no
com.logicaldoc.web.data.LockedDocsDataServlet,23,0,1,14,106,50,1,no
com.logicaldoc.web.data.MenuesDataServlet,12,0,1,14,42,50,1,no
com.logicaldoc.web.data.MessagesDataServlet,16,0,1,14,55,50,1,no
com.logicaldoc.web.data.NotesDataServlet,14,0,1,14,64,50,1,no
com.logicaldoc.web.data.ParsersDataServlet,17,0,1,14,45,50,1,no
com.logicaldoc.web.data.RightsDataServlet,24,0,3,16,117,83,1,yes
com.logicaldoc.web.data.SessionsDataServlet,16,0,1,14,54,50,1,yes
com.logicaldoc.web.data.TagsDataServlet,22,0,1,14,62,50,1,no
com.logicaldoc.web.data.TasksDataServlet,18,0,1,14,65,50,1,no
com.logicaldoc.web.data.TemplatesDataServlet,20,0,1,14,68,50,1,yes
com.logicaldoc.web.data.UserHistoryDataServlet,16,0,1,14,41,50,1,no
com.logicaldoc.web.data.UsersDataServlet,20,0,1,14,121,50,1,yes
com.logicaldoc.web.data.VersionsDataServlet,21,0,1,14,67,50,1,no
com.logicaldoc.web.DocumentResourceUpload,23,0,3,16,63,72,1,no
com.logicaldoc.web.DownloadServlet,21,0,2,15,82,50,1,no
com.logicaldoc.web.ExportZip,22,0,3,16,84,83,1,no
com.logicaldoc.web.GarbageCollector,1,0,1,14,5,0,0,no
com.logicaldoc.web.LogDownload,22,0,3,16,107,83,1,no
com.logicaldoc.web.PswRecovery,24,0,3,16,89,83,1,yes
com.logicaldoc.web.service.AttributeSetServiceImpl,32,0,7,20,220,64,1,no
com.logicaldoc.web.service.ContactServiceImpl,20,0,5,18,143,60,1,no
com.logicaldoc.web.service.DocumentServiceImpl,95,0,51,64,1363,66,1,yes
com.logicaldoc.web.service.DocumentServiceImplTest,27,0,17,37,248,74,1,yes
com.logicaldoc.web.service.FolderServiceImpl,50,0,27,40,715,64,1,yes
com.logicaldoc.web.service.FolderServiceImplTest,11,0,8,28,105,18,1,no
com.logicaldoc.web.service.InfoServiceImpl,40,0,5,18,198,70,1,yes
com.logicaldoc.web.service.LoginServiceImpl,30,0,3,16,81,66,1,no
com.logicaldoc.web.service.MessageServiceImpl,27,0,7,20,164,64,1,yes
com.logicaldoc.web.service.SearchEngineServiceImpl,23,0,7,20,133,50,1,yes
com.logicaldoc.web.service.SearchServiceImpl,37,0,7,20,238,64,1,yes
com.logicaldoc.web.service.SecurityServiceImpl,68,0,25,38,644,72,1,yes
com.logicaldoc.web.service.SecurityServiceImplTest,19,0,13,33,140,48,1,no
com.logicaldoc.web.service.SettingServiceImpl,34,0,13,26,297,73,1,yes
com.logicaldoc.web.service.SettingServiceImplTest,8,0,5,25,48,19,1,no
com.logicaldoc.web.service.SetupServiceImpl,23,0,6,19,167,66,1,no
com.logicaldoc.web.service.SystemServiceImpl,52,0,14,27,596,64,1,yes
com.logicaldoc.web.service.TagServiceImpl,17,0,6,19,53,91,1,no
com.logicaldoc.web.service.TagServiceImpl.TagCloudComparatorName,2,0,1,14,4,0,0,no
com.logicaldoc.web.service.TemplateServiceImpl,27,0,3,16,136,66,1,yes
com.logicaldoc.web.service.TemplateServiceImplTest,9,0,4,24,41,37,1,no
com.logicaldoc.web.stat.ChartDrawingSupplier,3,0,2,15,22,50,1,no
com.logicaldoc.web.stat.StatChartServlet,17,0,1,14,65,50,1,no
com.logicaldoc.web.ThumbnailServlet,20,0,3,16,78,66,1,no
com.logicaldoc.web.TicketDownload,29,0,4,17,104,87,1,yes
com.logicaldoc.web.UploadServlet,23,0,12,25,202,76,1,yes
com.logicaldoc.web.util.AuthenticationUtil,7,0,2,15,47,25,0,no
com.logicaldoc.web.util.BaseURL,3,0,5,18,32,80,0,no
com.logicaldoc.web.util.HTMLLayout,5,0,11,24,136,85,1,no
com.logicaldoc.web.util.ServiceUtil,15,0,7,20,51,78,0,no
com.logicaldoc.web.util.ServletUtil,55,0,11,24,397,87,0,no
com.logicaldoc.web.util.ServletUtil.Range,0,0,1,14,12,0,0,no
com.logicaldoc.web.util.VirtualHostHelper,5,0,7,20,102,81,0,no
com.logicaldoc.web.WebappTestbench,6,0,1,14,28,0,0,no
com.logicaldoc.webdav.context.AbstractExportContext,4,1,7,20,31,75,0,no
com.logicaldoc.webdav.context.ExportContextImpl,15,0,10,30,99,70,1,no
com.logicaldoc.webdav.context.ImportContextImpl,9,0,17,30,85,81,0,no
com.logicaldoc.webdav.exception.DavResourceIOException,1,0,1,50,6,100,0,no
com.logicaldoc.webdav.exception.DavResourceNotFoundException,1,0,1,50,6,100,0,no
com.logicaldoc.webdav.exception.WebDavAuthorisationException,1,0,2,46,8,0,0,no
com.logicaldoc.webdav.exception.WebDavStorageException,1,0,2,46,8,0,0,no
com.logicaldoc.webdav.io.handler.DefaultHandler,14,0,25,38,148,92,0,no
com.logicaldoc.webdav.io.manager.DefaultIOManager,1,0,2,23,9,100,1,no
com.logicaldoc.webdav.io.manager.IOManagerImpl,9,1,8,21,80,87,0,no
com.logicaldoc.webdav.resource.DavResourceFactoryImpl,15,0,9,22,97,69,0,yes
com.logicaldoc.webdav.resource.DavResourceImpl,26,1,43,56,348,89,0,no
com.logicaldoc.webdav.resource.DeltaVResourceImpl,10,3,12,68,100,91,1,no
com.logicaldoc.webdav.resource.model.ResourceImpl,15,0,51,64,233,95,0,no
com.logicaldoc.webdav.resource.ResourceConfig,2,0,4,17,26,70,0,no
com.logicaldoc.webdav.resource.service.ResourceServiceImpl,42,0,32,45,547,78,0,yes
com.logicaldoc.webdav.resource.VersionControlledResourceImpl,12,0,17,85,128,97,2,yes
com.logicaldoc.webdav.session.DavSessionImpl,4,0,9,22,37,77,0,no
com.logicaldoc.webdav.version.VersionHistoryResourceImpl,12,0,10,78,53,100,2,no
com.logicaldoc.webdav.version.VersionResourceImpl,12,0,14,82,73,100,2,no
com.logicaldoc.webdav.web.AbstractWebdavServlet,21,1,30,43,429,70,1,no
com.logicaldoc.webdav.web.WebdavServlet,10,0,18,61,110,91,2,no
com.logicaldoc.webdav.WebDAVPlugin,10,0,1,30,20,50,2,no
com.logicaldoc.webservice.AbstractService,28,7,20,33,154,83,0,yes
com.logicaldoc.webservice.AbstractWebServiceTestCase,17,5,8,21,99,70,0,no
com.logicaldoc.webservice.GZIPOutInterceptor,1,0,1,14,9,0,1,no
com.logicaldoc.webservice.HttpRestWb,15,0,11,24,220,18,0,yes
com.logicaldoc.webservice.mobile.CommentListVO,4,0,10,23,38,85,0,no
com.logicaldoc.webservice.mobile.CommentService,25,0,4,37,79,75,1,no
com.logicaldoc.webservice.mobile.CommentsRestClient,5,0,6,19,26,0,0,no
com.logicaldoc.webservice.mobile.CommentVO,1,0,10,23,37,83,0,no
com.logicaldoc.webservice.mobile.PermissionVO,0,0,0,13,5,0,0,no
com.logicaldoc.webservice.model.WSAttribute,12,0,26,39,150,91,0,yes
com.logicaldoc.webservice.model.WSDocument,9,0,114,127,428,98,0,yes
com.logicaldoc.webservice.model.WSFolder,18,0,33,46,183,94,0,yes
com.logicaldoc.webservice.model.WSGroup,14,0,18,31,110,91,0,yes
com.logicaldoc.webservice.model.WSLink,1,0,9,22,33,82,0,yes
com.logicaldoc.webservice.model.WSParameter,2,0,6,19,22,66,0,no
com.logicaldoc.webservice.model.WSRight,0,0,6,19,22,50,0,yes
com.logicaldoc.webservice.model.WSSearchOptions,8,0,52,65,245,94,0,yes
com.logicaldoc.webservice.model.WSSearchResult,2,0,10,23,40,80,0,no
com.logicaldoc.webservice.model.WSSystemInfo,1,0,40,53,142,95,0,yes
com.logicaldoc.webservice.model.WSTagCloud,2,0,11,24,45,63,0,no
com.logicaldoc.webservice.model.WSUser,14,0,55,68,282,97,0,yes
com.logicaldoc.webservice.model.WSUtil,26,0,2,15,181,0,0,yes
com.logicaldoc.webservice.rest.client.AbstractRestClient,3,4,2,15,15,62,0,no
com.logicaldoc.webservice.rest.client.RestAuthClient,4,0,6,21,25,50,1,no
com.logicaldoc.webservice.rest.client.RestDocumentClient,11,0,10,25,77,55,1,yes
com.logicaldoc.webservice.rest.client.RestFolderClient,6,0,9,24,54,55,1,no
com.logicaldoc.webservice.rest.client.RestSearchClient,7,0,3,18,27,66,1,no
com.logicaldoc.webservice.rest.endpoint.RestAuthService,4,0,6,43,45,66,2,no
com.logicaldoc.webservice.rest.endpoint.RestDocumentService,11,0,10,79,146,70,2,yes
com.logicaldoc.webservice.rest.endpoint.RestFolderService,8,0,13,71,121,69,2,yes
com.logicaldoc.webservice.rest.endpoint.RestSearchService,5,0,1,40,10,0,2,yes
com.logicaldoc.webservice.soap.client.SoapAuthClient,5,0,5,22,20,0,1,no
com.logicaldoc.webservice.soap.client.SoapClient,6,6,4,17,44,37,0,no
com.logicaldoc.webservice.soap.client.SoapDocumentClient,14,0,39,56,162,0,1,yes
com.logicaldoc.webservice.soap.client.SoapFolderClient,7,0,25,42,100,0,1,no
com.logicaldoc.webservice.soap.client.SoapSearchClient,10,0,8,25,31,0,1,no
com.logicaldoc.webservice.soap.client.SoapSecurityClient,7,0,11,28,44,0,1,no
com.logicaldoc.webservice.soap.client.SoapSystemClient,7,0,4,21,16,0,1,no
com.logicaldoc.webservice.soap.endpoint.SoapAuthService,9,1,4,37,33,100,1,no
com.logicaldoc.webservice.soap.endpoint.SoapDocumentService,53,1,36,69,649,77,1,yes
com.logicaldoc.webservice.soap.endpoint.SoapDocumentServiceTest,22,0,18,39,229,38,1,yes
com.logicaldoc.webservice.soap.endpoint.SoapFolderService,28,1,25,58,419,68,1,yes
com.logicaldoc.webservice.soap.endpoint.SoapFolderServiceTest,17,0,12,33,122,50,1,no
com.logicaldoc.webservice.soap.endpoint.SoapSearchService,21,1,6,39,105,83,1,no
com.logicaldoc.webservice.soap.endpoint.SoapSearchServiceTest,12,0,4,25,68,25,1,no
com.logicaldoc.webservice.soap.endpoint.SoapSecurityService,22,0,10,43,236,9,1,no
com.logicaldoc.webservice.soap.endpoint.SoapSecurityServiceTest,15,0,8,29,89,41,1,no
com.logicaldoc.webservice.soap.endpoint.SoapSystemService,24,0,3,36,146,33,1,no
com.logicaldoc.webservice.soap.endpoint.SoapSystemServiceTest,6,0,3,24,27,0,1,no
com.logicaldoc.webservice.SoapWorgkbench,21,0,5,18,79,0,0,yes
com.logicaldoc.webservice.WebservicePlugin,9,0,1,30,17,100,2,no
com.logicaldoc.webservice.WebserviceServlet,5,0,2,15,15,75,1,no
com.orange.links.client.DiagramController,11,0,58,71,587,94,0,no
com.orange.links.client.shapes.AbstractShape,2,1,19,32,113,84,0,no
com.orange.links.client.shapes.FunctionShape,5,0,8,40,83,77,1,no
