Name,CBO,NOC,WMC,RFC,SLOC,LCOM,DIT,Change
org.apache.hadoop.hbase.ipc.PhoenixIndexRpcSchedulerTest,5,0,3,16,44,0,0,yes
org.apache.hadoop.hbase.regionserver.IndexHalfStoreFileReader,9,0,10,23,309,70,1,yes
org.apache.hadoop.hbase.regionserver.IndexHalfStoreFileReaderGenerator,31,1,4,17,154,58,1,yes
org.apache.hadoop.hbase.regionserver.IndexKeyValueSkipListSet,2,0,3,16,15,33,1,no
org.apache.hadoop.hbase.regionserver.IndexSplitTransaction,27,0,23,36,544,78,0,yes
org.apache.hadoop.hbase.regionserver.IndexSplitTransaction.DaughterOpener,3,0,3,16,22,33,1,no
org.apache.hadoop.hbase.regionserver.IndexSplitTransaction.LoggingProgressable,3,0,2,15,17,16,0,no
org.apache.hadoop.hbase.regionserver.IndexSplitTransaction.StoreFileSplitter,3,0,2,15,11,0,0,yes
org.apache.hadoop.hbase.regionserver.LocalIndexSplitter,26,1,3,16,109,25,1,yes
org.apache.hadoop.hbase.regionserver.wal.IndexedHLogReader,4,0,1,14,6,0,1,no
org.apache.hadoop.hbase.regionserver.wal.IndexedWALEditCodec,7,0,3,16,95,50,1,no
org.apache.hadoop.hbase.regionserver.wal.IndexedWALEditCodec.CompressedIndexKeyValueDecoder,7,0,2,15,21,0,1,no
org.apache.hadoop.hbase.regionserver.wal.IndexedWALEditCodec.CompressedIndexKeyValueEncoder,7,0,3,16,26,0,1,no
org.apache.hadoop.hbase.regionserver.wal.IndexedWALEditCodec.IndexKeyValueDecoder,5,0,2,15,8,0,1,no
org.apache.hadoop.hbase.regionserver.wal.IndexedWALEditCodec.IndexKeyValueEncoder,5,0,3,16,13,0,1,no
org.apache.hadoop.hbase.regionserver.wal.ReadWriteKeyValuesWithCodecIT,8,0,7,20,96,66,0,no
org.apache.hadoop.hbase.regionserver.wal.WALReplayWithIndexWritesAndCompressedWALIT,17,1,12,25,154,80,0,yes
org.apache.hadoop.hbase.regionserver.wal.WALReplayWithIndexWritesAndUncompressedWALInHBase_094_9_IT,6,0,1,26,10,0,1,no
org.apache.hadoop.metrics2.impl.ExposedMetricCounterLong,0,0,1,14,4,0,1,no
org.apache.hadoop.metrics2.impl.ExposedMetricsRecordImpl,2,0,1,14,5,0,1,no
org.apache.hadoop.metrics2.lib.ExposedMetricsInfoImpl,1,0,1,14,4,0,1,no
org.apache.phoenix.cache.aggcache.SpillableGroupByCache.EntryIterator,11,0,4,17,45,37,0,no
org.apache.phoenix.cache.aggcache.SpillableGroupByCache.QueryCache,3,0,1,14,5,0,0,no
org.apache.phoenix.cache.aggcache.SpillFile,15,0,5,18,84,64,0,no
org.apache.phoenix.cache.aggcache.SpillFile.TempFile,8,0,3,16,26,16,0,no
org.apache.phoenix.cache.aggcache.SpillManager,33,0,10,23,181,72,0,no
org.apache.phoenix.cache.aggcache.SpillManager.CacheEntry,2,0,6,19,28,41,0,no
org.apache.phoenix.cache.aggcache.SpillManager.SpillMapIterator,4,0,3,16,20,50,0,no
org.apache.phoenix.cache.aggcache.SpillMap,13,0,10,41,283,64,0,no
org.apache.phoenix.cache.aggcache.SpillMap.MappedByteBufferMap,14,0,8,21,94,58,0,no
org.apache.phoenix.cache.GlobalCache,12,0,8,27,82,75,1,no
org.apache.phoenix.cache.ServerCacheClient,40,0,6,19,198,70,0,yes
org.apache.phoenix.cache.ServerCacheClient.ServerCache,4,0,4,17,19,41,0,no
org.apache.phoenix.cache.TenantCacheImpl,10,1,6,19,54,72,0,no
org.apache.phoenix.call.CallRunner,4,0,2,15,26,50,0,no
org.apache.phoenix.compile.AggregationManager,2,0,5,18,18,60,0,no
org.apache.phoenix.compile.BindManager,9,0,4,17,28,50,0,no
org.apache.phoenix.compile.CreateIndexCompiler,19,0,2,15,62,0,0,no
org.apache.phoenix.compile.CreateSequenceCompiler,24,0,4,17,186,66,0,no
org.apache.phoenix.compile.CreateSequenceCompiler.IntegerDatum,4,0,5,18,21,0,0,yes
org.apache.phoenix.compile.CreateSequenceCompiler.LongDatum,4,0,5,18,22,0,0,yes
org.apache.phoenix.compile.CreateTableCompiler,33,0,2,15,195,0,0,yes
org.apache.phoenix.compile.CreateTableCompiler.ColumnTrackingExpressionCompiler,7,0,2,137,12,0,3,no
org.apache.phoenix.compile.CreateTableCompiler.ViewWhereExpressionVisitor,19,0,11,69,66,80,2,yes
org.apache.phoenix.compile.DeleteCompiler,74,0,4,17,406,62,0,no
org.apache.phoenix.compile.DeleteCompiler.DeletingParallelIteratorFactory,10,0,6,22,25,66,1,no
org.apache.phoenix.compile.DeleteCompiler.MultiDeleteMutationPlan,8,0,6,19,32,33,0,yes
org.apache.phoenix.compile.DropSequenceCompiler,7,0,2,15,32,0,0,no
org.apache.phoenix.compile.ExplainPlan,3,0,2,15,10,50,0,no
org.apache.phoenix.compile.ExpressionCompiler,98,5,67,135,975,92,2,yes
org.apache.phoenix.compile.ExpressionManager,4,0,4,17,20,0,0,no
org.apache.phoenix.compile.ExpressionProjector,9,0,6,19,46,66,0,no
org.apache.phoenix.compile.FromCompiler,23,0,6,19,383,91,0,yes
org.apache.phoenix.compile.FromCompiler.BaseColumnResolver,27,2,3,16,80,33,0,yes
org.apache.phoenix.compile.FromCompiler.MultiTableColumnResolver,41,0,9,25,146,44,1,yes
org.apache.phoenix.compile.FromCompiler.MultiTableColumnResolver.ColumnFamilyRef,2,0,3,16,14,33,0,no
org.apache.phoenix.compile.FromCompiler.SingleTableColumnResolver,24,0,7,23,78,21,1,yes
org.apache.phoenix.compile.GroupByCompiler,25,0,3,16,165,0,0,no
org.apache.phoenix.compile.GroupByCompiler.GroupBy,5,0,7,20,60,67,0,no
org.apache.phoenix.compile.GroupByCompiler.GroupBy.GroupByBuilder,4,0,5,18,22,80,0,yes
org.apache.phoenix.compile.HavingCompiler,17,0,3,16,102,0,0,yes
org.apache.phoenix.compile.HavingCompiler.HavingClauseVisitor,16,0,10,86,66,80,2,yes
org.apache.phoenix.compile.HavingCompilerTest,29,0,12,81,131,0,2,no
org.apache.phoenix.compile.HavingCompilerTest.Expressions,1,0,1,14,8,0,0,no
org.apache.phoenix.compile.IndexStatementRewriter,23,0,8,104,62,70,3,yes
org.apache.phoenix.compile.JoinCompiler,49,0,9,22,1105,84,0,yes
org.apache.phoenix.compile.JoinCompiler.ColumnRefParseNodeVisitor,14,0,6,82,52,38,3,yes
org.apache.phoenix.compile.JoinCompiler.JoinedTableColumnResolver,12,0,5,18,40,46,0,yes
org.apache.phoenix.compile.JoinCompiler.JoinSpec,25,0,8,21,148,72,0,yes
org.apache.phoenix.compile.JoinCompiler.JoinTable,25,0,18,31,181,72,0,yes
org.apache.phoenix.compile.JoinCompiler.JoinTableConstructor,21,0,5,18,41,0,0,no
org.apache.phoenix.compile.JoinCompiler.OnNodeVisitor,17,0,9,85,79,72,2,yes
org.apache.phoenix.compile.JoinCompiler.ProjectedPTableWrapper,5,0,3,22,12,33,1,no
org.apache.phoenix.compile.JoinCompiler.PTableWrapper,17,1,6,19,46,58,0,yes
org.apache.phoenix.compile.JoinCompiler.Table,36,0,20,33,177,74,0,yes
org.apache.phoenix.compile.JoinCompiler.WhereNodeVisitor,11,0,7,83,72,71,2,yes
org.apache.phoenix.compile.JoinQueryCompilerTest,25,0,3,72,83,0,2,no
org.apache.phoenix.compile.LimitCompiler,9,0,2,15,66,100,0,yes
org.apache.phoenix.compile.LimitCompiler.LimitParseNodeVisitor,12,0,4,78,29,50,2,no
org.apache.phoenix.compile.LimitCompilerTest,20,0,7,76,75,0,2,yes
org.apache.phoenix.compile.MutatingParallelIteratorFactory,16,2,3,16,52,33,0,yes
org.apache.phoenix.compile.OrderByCompiler,26,0,2,15,62,0,0,no
org.apache.phoenix.compile.OrderByCompiler.OrderBy,3,0,2,15,12,75,0,yes
org.apache.phoenix.compile.PostDDLCompiler,8,0,3,16,152,66,0,yes
org.apache.phoenix.compile.PostIndexDDLCompiler,15,0,2,15,50,0,0,yes
org.apache.phoenix.compile.ProjectionCompiler,56,0,12,25,413,91,0,yes
org.apache.phoenix.compile.ProjectionCompiler.ArrayIndexExpression,9,0,3,33,27,33,2,yes
org.apache.phoenix.compile.ProjectionCompiler.SelectClauseVisitor,31,0,9,144,101,75,3,no
org.apache.phoenix.compile.QueryCompiler,66,0,7,20,286,65,0,yes
org.apache.phoenix.compile.QueryCompilerTest,44,0,88,157,1269,0,2,yes
org.apache.phoenix.compile.QueryMetaDataTest,15,0,33,102,355,0,2,yes
org.apache.phoenix.compile.QueryOptimizerTest,28,0,43,112,464,100,2,no
org.apache.phoenix.compile.RowProjector,11,0,9,22,72,76,0,yes
org.apache.phoenix.compile.ScanRanges,16,0,26,39,367,90,0,yes
org.apache.phoenix.compile.ScanRangesIntersectTest,12,0,4,17,59,0,0,yes
org.apache.phoenix.compile.ScanRangesTest,9,0,5,18,463,65,0,yes
org.apache.phoenix.compile.SelectStatementRewriterTest,12,0,6,75,70,0,2,no
org.apache.phoenix.compile.SequenceManager,20,0,6,19,158,66,0,no
org.apache.phoenix.compile.SequenceManager.SequenceTuple,9,0,3,24,30,22,1,yes
org.apache.phoenix.compile.StatementContext,30,0,33,46,154,92,0,yes
org.apache.phoenix.compile.StatementHintsCompilationTest,21,0,6,75,50,0,2,yes
org.apache.phoenix.compile.StatementNormalizer,23,0,7,103,109,57,3,yes
org.apache.phoenix.compile.StatementNormalizer.TableNameVisitor,12,0,4,17,27,0,0,no
org.apache.phoenix.compile.SubqueryRewriter,32,0,14,110,430,57,3,yes
org.apache.phoenix.compile.SubqueryRewriter.ColumnResolveVisitor,9,0,5,81,44,46,3,no
org.apache.phoenix.compile.SubqueryRewriter.JoinConditionExtractor,20,0,12,88,103,77,2,no
org.apache.phoenix.compile.SubselectRewriter,26,0,8,104,174,75,3,yes
org.apache.phoenix.compile.TenantSpecificViewIndexCompileTest,9,0,3,72,55,0,2,yes
org.apache.phoenix.compile.TrackOrderPreservingExpressionCompiler,27,0,13,148,140,73,3,yes
org.apache.phoenix.compile.TrackOrderPreservingExpressionCompiler.Entry,3,0,5,18,22,53,0,yes
org.apache.phoenix.compile.UpsertCompiler,87,0,7,20,663,71,0,no
org.apache.phoenix.compile.UpsertCompiler.UpsertingParallelIteratorFactory,12,0,5,21,26,60,1,yes
org.apache.phoenix.compile.UpsertCompiler.UpsertValuesCompiler,13,0,5,140,28,40,3,no
org.apache.phoenix.compile.ViewCompilerTest,18,0,4,73,68,0,2,no
org.apache.phoenix.compile.WhereCompiler,37,0,6,19,166,100,0,yes
org.apache.phoenix.compile.WhereCompiler.Counter,2,0,2,15,21,25,0,no
org.apache.phoenix.compile.WhereCompiler.SubqueryParseNodeVisitor,7,0,2,78,15,0,3,no
org.apache.phoenix.compile.WhereCompiler.WhereExpressionCompiler,14,0,4,139,35,75,3,yes
org.apache.phoenix.compile.WhereCompilerTest,43,0,47,116,799,0,2,yes
org.apache.phoenix.compile.WhereOptimizer,38,0,4,17,984,87,0,yes
org.apache.phoenix.compile.WhereOptimizer.KeyExpressionVisitor,45,0,31,89,720,79,2,yes
org.apache.phoenix.compile.WhereOptimizer.KeyExpressionVisitor.BaseKeyPart,9,0,4,17,29,50,0,yes
org.apache.phoenix.compile.WhereOptimizer.KeyExpressionVisitor.KeySlot,13,0,9,22,96,75,0,yes
org.apache.phoenix.compile.WhereOptimizer.KeyExpressionVisitor.MultiKeySlot,4,0,3,16,15,33,0,no
org.apache.phoenix.compile.WhereOptimizer.KeyExpressionVisitor.RowValueConstructorKeyPart,16,0,4,17,104,43,0,yes
org.apache.phoenix.compile.WhereOptimizer.KeyExpressionVisitor.SingleKeySlot,7,0,7,20,27,71,0,no
org.apache.phoenix.compile.WhereOptimizer.RemoveExtractedNodesVisitor,10,0,5,63,30,60,2,yes
org.apache.phoenix.compile.WhereOptimizerTest,39,0,104,173,1446,0,2,yes
org.apache.phoenix.coprocessor.BaseRegionScanner,4,5,7,20,30,0,0,no
org.apache.phoenix.coprocessor.BaseScannerRegionObserver,9,3,7,20,109,98,1,yes
org.apache.phoenix.coprocessor.DelegateRegionScanner,3,1,11,24,40,0,0,no
org.apache.phoenix.coprocessor.generated.MetaDataProtos,2,0,3,16,6764,98,0,no
org.apache.phoenix.coprocessor.generated.MetaDataProtos.AddColumnRequest,11,0,34,47,401,90,1,no
org.apache.phoenix.coprocessor.generated.MetaDataProtos.ClearCacheRequest,8,0,31,44,290,90,1,no
org.apache.phoenix.coprocessor.generated.MetaDataProtos.ClearCacheResponse,8,0,31,44,290,90,1,no
org.apache.phoenix.coprocessor.generated.MetaDataProtos.ClearTableFromCacheRequest,8,0,39,52,565,91,1,no
org.apache.phoenix.coprocessor.generated.MetaDataProtos.ClearTableFromCacheResponse,8,0,31,44,290,90,1,no
org.apache.phoenix.coprocessor.generated.MetaDataProtos.CreateTableRequest,11,0,34,47,401,90,1,no
org.apache.phoenix.coprocessor.generated.MetaDataProtos.DropColumnRequest,11,0,34,47,401,90,1,no
org.apache.phoenix.coprocessor.generated.MetaDataProtos.DropTableRequest,12,0,39,52,588,91,1,no
org.apache.phoenix.coprocessor.generated.MetaDataProtos.GetTableRequest,8,0,41,54,630,92,1,no
org.apache.phoenix.coprocessor.generated.MetaDataProtos.GetVersionRequest,8,0,31,44,290,90,1,no
org.apache.phoenix.coprocessor.generated.MetaDataProtos.GetVersionResponse,8,0,33,46,361,90,1,no
org.apache.phoenix.coprocessor.generated.MetaDataProtos.MetaDataResponse,16,0,45,58,809,92,1,no
org.apache.phoenix.coprocessor.generated.MetaDataProtos.MetaDataResponse.Builder,14,0,49,62,389,81,1,no
org.apache.phoenix.coprocessor.generated.MetaDataProtos.MetaDataService,20,3,19,32,658,0,0,no
org.apache.phoenix.coprocessor.generated.MetaDataProtos.MetaDataService.BlockingStub,15,0,10,23,96,0,0,no
org.apache.phoenix.coprocessor.generated.MetaDataProtos.MetaDataService.Stub,15,0,11,43,134,0,1,no
org.apache.phoenix.coprocessor.generated.MetaDataProtos.UpdateIndexStateRequest,11,0,34,47,401,90,1,no
org.apache.phoenix.coprocessor.generated.PTableProtos,1,0,3,16,4450,96,0,yes
org.apache.phoenix.coprocessor.generated.PTableProtos.PColumn,9,0,54,67,1039,93,1,yes
org.apache.phoenix.coprocessor.generated.PTableProtos.PColumn.Builder,6,0,62,75,460,87,1,yes
org.apache.phoenix.coprocessor.generated.PTableProtos.PTable,17,0,88,101,2503,95,1,yes
org.apache.phoenix.coprocessor.generated.PTableProtos.PTableStats,11,0,42,55,646,92,1,yes
org.apache.phoenix.coprocessor.generated.ServerCacheFactoryProtos,1,0,3,16,472,93,0,no
org.apache.phoenix.coprocessor.generated.ServerCacheFactoryProtos.ServerCacheFactory,9,0,34,47,422,91,1,no
org.apache.phoenix.coprocessor.generated.ServerCacheFactoryProtos.ServerCacheFactory.Builder,6,0,22,35,159,65,1,no
org.apache.phoenix.coprocessor.generated.ServerCachingProtos,2,0,3,16,2781,97,0,no
org.apache.phoenix.coprocessor.generated.ServerCachingProtos.AddServerCacheRequest,15,0,41,54,747,91,1,no
org.apache.phoenix.coprocessor.generated.ServerCachingProtos.AddServerCacheResponse,8,0,33,46,361,90,1,no
org.apache.phoenix.coprocessor.generated.ServerCachingProtos.ImmutableBytesWritable,8,0,37,50,494,91,1,no
org.apache.phoenix.coprocessor.generated.ServerCachingProtos.ImmutableBytesWritable.Builder,5,0,28,41,187,76,1,no
org.apache.phoenix.coprocessor.generated.ServerCachingProtos.RemoveServerCacheRequest,8,0,35,48,425,91,1,no
org.apache.phoenix.coprocessor.generated.ServerCachingProtos.RemoveServerCacheResponse,8,0,33,46,361,90,1,no
org.apache.phoenix.coprocessor.generated.ServerCachingProtos.ServerCachingService,11,3,12,25,252,0,0,no
org.apache.phoenix.coprocessor.generated.ServerCachingProtos.ServerCachingService.BlockingStub,6,0,3,16,26,0,0,no
org.apache.phoenix.coprocessor.generated.ServerCachingProtos.ServerCachingService.Stub,6,0,4,29,36,0,1,no
org.apache.phoenix.coprocessor.generated.StatCollectorProtos,1,0,3,16,1043,95,0,no
org.apache.phoenix.coprocessor.generated.StatCollectorProtos.StatCollectRequest,8,0,35,48,418,91,1,no
org.apache.phoenix.coprocessor.generated.StatCollectorProtos.StatCollectRequest.Builder,5,0,24,37,153,75,1,no
org.apache.phoenix.coprocessor.generated.StatCollectorProtos.StatCollectResponse,8,0,33,46,361,90,1,no
org.apache.phoenix.coprocessor.generated.StatCollectorProtos.StatCollectService,9,2,11,24,194,0,0,no
org.apache.phoenix.coprocessor.generated.StatCollectorProtos.StatCollectService.BlockingStub,4,0,2,15,16,0,0,no
org.apache.phoenix.coprocessor.generated.StatCollectorProtos.StatCollectService.Stub,4,0,3,27,22,0,1,no
org.apache.phoenix.coprocessor.GroupedAggregateRegionObserver,40,0,7,27,392,78,2,yes
org.apache.phoenix.coprocessor.GroupedAggregateRegionObserver.GroupByCacheFactory,6,0,2,15,14,100,0,yes
org.apache.phoenix.coprocessor.GroupedAggregateRegionObserver.InMemoryGroupByCache,21,0,5,18,98,40,0,no
org.apache.phoenix.coprocessor.HashJoinRegionScanner,28,0,14,27,226,74,0,yes
org.apache.phoenix.coprocessor.MetaDataEndpointImpl,68,0,28,60,1276,96,2,yes
org.apache.phoenix.coprocessor.MetaDataEndpointImpl.TableViewFinderResult,1,0,6,19,22,33,0,no
org.apache.phoenix.coprocessor.MetaDataProtocol,1,1,0,32,125,0,1,yes
org.apache.phoenix.coprocessor.MetaDataProtocol.MetaDataMutationResult,13,0,15,28,103,77,0,no
org.apache.phoenix.coprocessor.MetaDataRegionObserver,13,0,3,16,162,41,1,no
org.apache.phoenix.coprocessor.MetaDataRegionObserver.BuildIndexScheduleTask,26,0,3,20,115,33,0,yes
org.apache.phoenix.coprocessor.ScanRegionObserver,34,0,7,27,318,90,2,yes
org.apache.phoenix.coprocessor.SequenceRegionObserver,27,0,6,19,265,83,1,yes
org.apache.phoenix.coprocessor.ServerCachingEndpointImpl,18,0,5,30,63,40,1,no
org.apache.phoenix.coprocessor.SuffixFilter,2,0,5,18,25,40,1,no
org.apache.phoenix.coprocessor.UngroupedAggregateRegionObserver,53,0,13,33,403,95,2,yes
org.apache.phoenix.end2end.AggregateQueryIT,19,0,7,84,173,0,3,no
org.apache.phoenix.end2end.AlterTableIT,29,0,19,86,719,87,2,yes
org.apache.phoenix.end2end.ArithmeticQueryIT,13,0,21,88,654,0,2,yes
org.apache.phoenix.end2end.ArrayIT,24,0,53,121,1576,83,2,no
org.apache.phoenix.end2end.AutoCommitIT,9,0,1,68,42,0,2,no
org.apache.phoenix.end2end.BaseClientManagedTimeIT,6,30,5,68,24,0,1,no
org.apache.phoenix.end2end.BaseHBaseManagedTimeIT,2,58,4,67,17,0,1,no
org.apache.phoenix.end2end.BaseOwnClusterClientManagedTimeIT,1,3,1,65,7,0,2,no
org.apache.phoenix.end2end.BaseOwnClusterHBaseManagedTimeIT,1,6,1,65,6,0,2,no
org.apache.phoenix.end2end.BaseOwnClusterIT,1,2,1,64,6,0,1,no
org.apache.phoenix.end2end.BaseQueryIT,26,9,9,77,72,87,2,yes
org.apache.phoenix.end2end.BaseTenantSpecificTablesIT,9,2,2,67,43,65,3,no
org.apache.phoenix.end2end.BaseTenantSpecificViewIndexIT,15,2,9,76,99,85,2,yes
org.apache.phoenix.end2end.BaseViewIT,16,2,5,70,117,0,3,yes
org.apache.phoenix.end2end.BinaryRowKeyIT,10,0,4,71,98,0,2,no
org.apache.phoenix.end2end.CaseStatementIT,19,0,11,88,212,0,3,no
org.apache.phoenix.end2end.CastAndCoerceIT,15,0,9,86,198,0,3,no
org.apache.phoenix.end2end.ClientTimeArithmeticQueryIT,20,0,32,109,551,0,3,no
org.apache.phoenix.end2end.CoalesceFunctionIT,12,0,10,77,203,0,2,no
org.apache.phoenix.end2end.ColumnProjectionOptimizationIT,21,0,4,72,276,0,2,yes
org.apache.phoenix.end2end.CompareDecimalToLongIT,9,0,9,77,150,0,2,no
org.apache.phoenix.end2end.ConnectionQueryServicesTestImpl,6,0,3,94,25,100,2,no
org.apache.phoenix.end2end.ContextClassloaderIT,20,0,5,68,126,70,1,no
org.apache.phoenix.end2end.ContextClassloaderIT.BadContextClassloaderThread,4,0,2,88,17,25,0,no
org.apache.phoenix.end2end.ConvertTimezoneFunctionIT,9,0,6,73,83,0,2,yes
org.apache.phoenix.end2end.CountDistinctCompressionIT,15,0,2,67,25,0,3,no
org.apache.phoenix.end2end.CreateTableIT,18,0,11,79,240,0,2,yes
org.apache.phoenix.end2end.CSVCommonsLoaderIT,23,0,14,81,536,88,2,yes
org.apache.phoenix.end2end.CustomEntityDataIT,13,0,4,72,171,0,2,no
org.apache.phoenix.end2end.DecodeFunctionIT,10,0,6,73,76,0,2,yes
org.apache.phoenix.end2end.DeleteIT,15,0,32,99,368,90,2,no
org.apache.phoenix.end2end.DerivedTableIT,16,0,11,79,513,77,2,yes
org.apache.phoenix.end2end.DistinctCountIT,18,0,11,79,400,0,2,no
org.apache.phoenix.end2end.DynamicColumnIT,19,0,7,75,132,85,2,no
org.apache.phoenix.end2end.DynamicFamilyIT,27,0,12,79,237,85,2,yes
org.apache.phoenix.end2end.DynamicUpsertIT,15,0,8,76,143,0,2,no
org.apache.phoenix.end2end.EncodeFunctionIT,15,0,8,75,82,0,2,yes
org.apache.phoenix.end2end.End2EndTestDriver,13,0,5,18,117,60,1,no
org.apache.phoenix.end2end.End2EndTestDriver.End2EndFileNameFilter,2,0,1,14,5,0,0,no
org.apache.phoenix.end2end.End2EndTestDriver.End2EndTestFilter,5,0,3,16,14,33,1,no
org.apache.phoenix.end2end.End2EndTestDriver.End2EndTestListenter,8,0,6,19,48,33,1,no
org.apache.phoenix.end2end.EvaluationOfORIT,10,0,1,68,111,0,2,yes
org.apache.phoenix.end2end.ExecuteStatementsIT,18,0,3,70,197,0,2,no
org.apache.phoenix.end2end.ExtendedQueryExecIT,15,0,6,74,102,0,2,no
org.apache.phoenix.end2end.FirstValueFunctionIT,6,0,7,74,135,0,2,no
org.apache.phoenix.end2end.FunkyNamesIT,11,0,4,72,103,0,2,no
org.apache.phoenix.end2end.GroupByCaseIT,14,0,7,75,112,85,2,no
org.apache.phoenix.end2end.GroupByIT,17,0,15,92,435,0,3,yes
org.apache.phoenix.end2end.HashJoinIT,32,0,39,106,3078,83,2,yes
org.apache.phoenix.end2end.index.BaseMutableIndexIT,32,2,17,84,925,5,2,yes
org.apache.phoenix.end2end.index.DropIndexDuringUpsertIT,28,0,3,66,89,51,1,no
org.apache.phoenix.end2end.index.DropIndexDuringUpsertIT.UpsertTask,12,0,2,15,18,0,0,no
org.apache.phoenix.end2end.index.DropViewIT,18,0,2,69,52,50,2,no
org.apache.phoenix.end2end.index.GlobalMutableIndexIT,0,0,1,85,5,0,3,no
org.apache.phoenix.end2end.index.ImmutableIndexIT,21,0,21,88,330,0,2,yes
org.apache.phoenix.end2end.index.IndexHandlerIT,8,0,5,18,86,60,0,no
org.apache.phoenix.end2end.index.IndexHandlerIT.CountingIndexClientRpcController,4,0,2,15,15,50,1,yes
org.apache.phoenix.end2end.index.IndexHandlerIT.CountingIndexClientRpcFactory,4,0,4,17,22,0,1,yes
org.apache.phoenix.end2end.index.IndexMetadataIT,32,0,10,77,343,0,2,yes
org.apache.phoenix.end2end.index.IndexTestUtil,26,0,4,17,96,75,0,no
org.apache.phoenix.end2end.index.LocalIndexIT,46,0,20,87,703,95,2,yes
org.apache.phoenix.end2end.index.LocalIndexIT.MockedIndexHalfStoreFileReaderGenerator,5,0,1,18,10,0,2,no
org.apache.phoenix.end2end.index.LocalIndexIT.MockedLocalIndexSplitter,4,0,1,17,7,0,2,no
org.apache.phoenix.end2end.index.LocalMutableIndexIT,0,0,1,85,5,0,3,no
org.apache.phoenix.end2end.index.MutableIndexFailureIT,31,0,6,69,253,59,1,no
org.apache.phoenix.end2end.index.MutableIndexFailureIT.SendingUpdatesScheduleTask,7,0,2,19,27,37,0,no
org.apache.phoenix.end2end.index.MutableIndexReplicationIT,23,0,7,70,161,81,1,no
org.apache.phoenix.end2end.index.SaltedIndexIT,24,0,6,73,141,75,2,yes
org.apache.phoenix.end2end.index.ViewIndexIT,20,0,3,70,40,66,2,no
org.apache.phoenix.end2end.InListIT,16,0,28,95,266,87,2,yes
org.apache.phoenix.end2end.InMemoryOrderByIT,8,0,2,72,11,0,3,no
org.apache.phoenix.end2end.IsNullIT,10,0,2,70,58,0,2,no
org.apache.phoenix.end2end.KeyOnlyIT,19,0,6,71,154,0,3,yes
org.apache.phoenix.end2end.LastValueFunctionIT,6,0,11,78,236,0,2,no
org.apache.phoenix.end2end.LpadFunctionIT,9,0,13,80,94,0,2,no
org.apache.phoenix.end2end.MappingTableDataTypeIT,17,0,3,70,46,0,2,no
org.apache.phoenix.end2end.MD5FunctionIT,8,0,2,69,45,0,2,no
org.apache.phoenix.end2end.MinMaxAggregateFunctionIT,8,0,1,68,52,0,2,no
org.apache.phoenix.end2end.ModulusExpressionIT,10,0,13,80,116,78,2,no
org.apache.phoenix.end2end.MultiCfQueryExecIT,18,0,9,74,201,88,3,no
org.apache.phoenix.end2end.NativeHBaseTypesIT,23,0,9,77,209,69,2,no
org.apache.phoenix.end2end.NotQueryIT,13,0,13,90,234,0,3,no
org.apache.phoenix.end2end.NthValueFunctionIT,8,0,12,79,216,0,2,no
org.apache.phoenix.end2end.OrderByIT,11,2,2,70,71,0,2,no
org.apache.phoenix.end2end.ParallelIteratorsIT,16,0,6,71,119,68,3,yes
org.apache.phoenix.end2end.PercentileIT,19,0,19,87,575,0,2,yes
org.apache.phoenix.end2end.PointInTimeQueryIT,19,0,4,81,115,0,3,no
org.apache.phoenix.end2end.ProductMetricsIT,32,0,72,140,1812,93,2,yes
org.apache.phoenix.end2end.QueryDatabaseMetaDataIT,36,0,16,84,885,0,2,yes
org.apache.phoenix.end2end.QueryExecWithoutSCNIT,9,0,1,68,22,0,2,no
org.apache.phoenix.end2end.QueryIT,19,0,20,97,439,0,3,yes
org.apache.phoenix.end2end.QueryMoreIT,17,0,12,79,214,75,2,yes
org.apache.phoenix.end2end.QueryWithLimitIT,21,0,4,69,60,0,3,yes
org.apache.phoenix.end2end.ReadIsolationLevelIT,11,0,3,71,100,16,2,no
org.apache.phoenix.end2end.ReadOnlyIT,10,0,1,68,52,0,2,no
org.apache.phoenix.end2end.RegexpSplitFunctionIT,9,0,13,80,146,0,2,no
org.apache.phoenix.end2end.RegexpSubstrFunctionIT,9,0,4,71,51,75,2,no
org.apache.phoenix.end2end.ReverseFunctionIT,8,0,7,74,65,0,2,no
org.apache.phoenix.end2end.ReverseScanIT,16,0,4,71,86,0,2,no
org.apache.phoenix.end2end.RoundFloorCeilFunctionsEnd2EndIT,14,0,31,98,348,95,2,no
org.apache.phoenix.end2end.RowValueConstructorIT,20,0,41,109,1142,0,2,yes
org.apache.phoenix.end2end.salted.SaltedTableIT,14,0,9,77,403,0,2,no
org.apache.phoenix.end2end.salted.SaltedTableUpsertSelectIT,12,0,6,73,172,0,2,no
org.apache.phoenix.end2end.salted.SaltedTableVarLengthRowKeyIT,9,0,2,69,46,0,2,no
org.apache.phoenix.end2end.SaltedViewIT,1,0,2,72,10,0,4,no
org.apache.phoenix.end2end.ScanQueryIT,18,0,19,96,408,0,3,no
org.apache.phoenix.end2end.SequenceIT,29,0,58,126,1055,59,2,yes
org.apache.phoenix.end2end.ServerExceptionIT,11,0,1,68,30,0,2,no
org.apache.phoenix.end2end.SkipScanAfterManualSplitIT,24,0,8,75,250,89,2,no
org.apache.phoenix.end2end.SkipScanQueryIT,18,0,13,80,315,92,2,no
org.apache.phoenix.end2end.SortOrderFIT,19,0,45,112,436,31,2,no
org.apache.phoenix.end2end.SortOrderFIT.HavingCondition,1,0,2,15,14,0,0,no
org.apache.phoenix.end2end.SortOrderFIT.OrderBy,3,0,5,18,46,40,0,no
org.apache.phoenix.end2end.SortOrderFIT.WhereCondition,1,0,4,17,34,16,0,no
org.apache.phoenix.end2end.SpillableGroupByIT,19,0,5,70,103,73,3,no
org.apache.phoenix.end2end.SpooledOrderByIT,8,0,1,71,9,0,3,no
org.apache.phoenix.end2end.SpooledTmpFileDeleteIT,17,0,3,70,85,22,2,no
org.apache.phoenix.end2end.SpooledTmpFileDeleteIT.testDeleteAllSpooledTmpFiles.FilenameFilter,3,0,1,14,7,0,0,no
org.apache.phoenix.end2end.StatementHintsIT,9,0,3,70,110,0,2,no
org.apache.phoenix.end2end.StatsCollectorIT,29,0,9,74,284,72,3,yes
org.apache.phoenix.end2end.StddevIT,8,0,4,71,74,0,2,no
org.apache.phoenix.end2end.SubqueryIT,29,0,11,78,850,78,2,yes
org.apache.phoenix.end2end.TenantSpecificTablesDDLIT,26,0,23,90,456,0,4,no
org.apache.phoenix.end2end.TenantSpecificTablesDMLIT,14,0,17,84,459,0,4,no
org.apache.phoenix.end2end.TenantSpecificViewIndexIT,11,0,8,84,132,0,3,yes
org.apache.phoenix.end2end.TenantSpecificViewIndexSaltedIT,2,0,4,80,19,0,3,no
org.apache.phoenix.end2end.TimezoneOffsetFunctionIT,7,0,6,73,108,0,2,yes
org.apache.phoenix.end2end.ToCharFunctionIT,21,0,15,83,166,82,2,no
org.apache.phoenix.end2end.ToDateFunctionIT,10,0,10,77,63,70,2,yes
org.apache.phoenix.end2end.ToNumberFunctionIT,19,0,24,92,214,86,2,yes
org.apache.phoenix.end2end.TopNIT,12,0,5,73,102,0,2,no
org.apache.phoenix.end2end.TruncateFunctionIT,17,0,3,71,69,58,2,yes
org.apache.phoenix.end2end.UpsertBigValuesIT,10,0,4,71,246,50,2,no
org.apache.phoenix.end2end.UpsertSelectAutoCommitIT,15,0,4,71,102,0,2,no
org.apache.phoenix.end2end.UpsertSelectIT,26,0,15,83,636,0,2,yes
org.apache.phoenix.end2end.UpsertValuesIT,24,0,13,81,478,92,2,yes
org.apache.phoenix.end2end.VariableLengthPKIT,25,0,56,124,1826,92,2,yes
org.apache.phoenix.end2end.ViewIT,13,0,14,84,307,0,4,yes
org.apache.phoenix.exception.BatchUpdateExecution,3,0,2,59,13,50,0,no
org.apache.phoenix.exception.PhoenixIOException,1,0,1,58,7,50,0,no
org.apache.phoenix.exception.PhoenixParserException,6,0,7,80,75,100,0,no
org.apache.phoenix.exception.SQLExceptionInfo,9,0,10,23,107,77,0,no
org.apache.phoenix.exception.SQLExceptionInfo.Builder,5,0,9,22,43,87,0,no
org.apache.phoenix.exception.UndecodableByteException,1,0,1,50,5,0,0,no
org.apache.phoenix.exception.UnknownFunctionException,1,0,2,51,11,50,0,no
org.apache.phoenix.execute.AggregatePlan,41,0,6,41,103,66,1,no
org.apache.phoenix.execute.AggregatePlan.OrderingResultIteratorFactory,13,0,2,15,12,0,0,no
org.apache.phoenix.execute.AggregatePlan.WrappingResultIteratorFactory,5,0,2,15,12,0,0,yes
org.apache.phoenix.execute.BaseQueryPlan,51,3,22,35,253,88,0,yes
org.apache.phoenix.execute.CommitException,1,0,3,60,16,55,0,no
org.apache.phoenix.execute.DegenerateQueryPlan,13,0,4,39,18,0,1,no
org.apache.phoenix.execute.DelegateQueryPlan,10,2,14,27,58,0,0,no
org.apache.phoenix.execute.HashJoinPlan,42,0,7,34,319,75,1,yes
org.apache.phoenix.execute.HashJoinPlan.HashSubPlan,24,0,5,18,89,40,0,yes
org.apache.phoenix.execute.HashJoinPlan.WhereClauseSubPlan,25,0,5,18,62,46,0,no
org.apache.phoenix.execute.MutationState,41,3,15,28,342,66,0,yes
org.apache.phoenix.execute.ScanPlan,45,0,6,41,110,70,1,yes
org.apache.phoenix.execute.TupleProjectionPlan,8,0,3,30,56,50,1,yes
org.apache.phoenix.expression.AddExpression,4,5,4,57,20,0,4,no
org.apache.phoenix.expression.aggregator.Aggregators,12,2,14,27,67,82,0,no
org.apache.phoenix.expression.aggregator.BaseAggregator,4,9,4,34,21,75,2,yes
org.apache.phoenix.expression.aggregator.BaseDecimalStddevAggregator,14,2,6,49,57,66,4,yes
org.apache.phoenix.expression.aggregator.BaseStddevAggregator,10,2,6,49,44,50,4,yes
org.apache.phoenix.expression.aggregator.ClientAggregators,9,0,4,31,37,50,1,no
org.apache.phoenix.expression.aggregator.CountAggregator,9,0,9,43,47,61,3,yes
org.apache.phoenix.expression.aggregator.DecimalStddevPopAggregator,3,0,2,51,9,0,5,no
org.apache.phoenix.expression.aggregator.DecimalStddevSampAggregator,3,0,2,51,9,0,5,no
org.apache.phoenix.expression.aggregator.DecimalSumAggregator,7,0,10,44,55,55,3,yes
org.apache.phoenix.expression.aggregator.DistinctCountClientAggregator,5,0,3,46,22,0,4,yes
org.apache.phoenix.expression.aggregator.DistinctValueClientAggregator,8,0,4,47,31,37,4,yes
org.apache.phoenix.expression.aggregator.DistinctValueWithCountClientAggregator,18,7,9,43,89,72,3,yes
org.apache.phoenix.expression.aggregator.DistinctValueWithCountServerAggregator,16,0,11,45,92,78,3,yes
org.apache.phoenix.expression.aggregator.DoubleSumAggregator,7,1,9,43,55,50,3,yes
org.apache.phoenix.expression.aggregator.FirstLastValueBaseClientAggregator,13,0,6,40,93,58,3,yes
org.apache.phoenix.expression.aggregator.FirstLastValueServerAggregator,16,0,9,43,158,62,3,yes
org.apache.phoenix.expression.aggregator.IntSumAggregator,3,0,2,48,9,0,4,yes
org.apache.phoenix.expression.aggregator.LongSumAggregator,3,1,2,48,9,0,4,yes
org.apache.phoenix.expression.aggregator.MaxAggregator,3,1,3,45,13,0,4,no
org.apache.phoenix.expression.aggregator.MinAggregator,7,2,8,42,43,37,3,no
org.apache.phoenix.expression.aggregator.NumberSumAggregator,7,5,12,46,65,58,3,yes
org.apache.phoenix.expression.aggregator.PercentileClientAggregator,12,0,3,46,56,33,4,yes
org.apache.phoenix.expression.aggregator.PercentileDiscClientAggregator,13,0,4,47,47,50,4,yes
org.apache.phoenix.expression.aggregator.PercentRankClientAggregator,11,0,3,46,38,33,4,yes
org.apache.phoenix.expression.aggregator.ServerAggregators,17,0,6,33,83,75,1,no
org.apache.phoenix.expression.aggregator.StddevPopAggregator,3,0,2,51,9,0,5,no
org.apache.phoenix.expression.aggregator.StddevSampAggregator,3,0,2,51,9,0,5,no
org.apache.phoenix.expression.aggregator.UnsignedIntSumAggregator,3,0,2,48,9,0,4,yes
org.apache.phoenix.expression.aggregator.UnsignedLongSumAggregator,3,0,2,48,9,0,4,yes
org.apache.phoenix.expression.AndExpression,12,0,7,56,64,71,3,yes
org.apache.phoenix.expression.AndOrExpression,6,2,6,49,44,66,2,yes
org.apache.phoenix.expression.ArithmeticExpression,6,4,6,49,46,0,2,yes
org.apache.phoenix.expression.ArrayConstructorExpression,16,0,9,52,98,76,2,yes
org.apache.phoenix.expression.BaseAddSubtractExpression,4,2,4,53,21,0,3,no
org.apache.phoenix.expression.BaseCompoundExpression,13,11,15,43,105,80,1,yes
org.apache.phoenix.expression.BaseDecimalAddSubtractExpression,0,0,0,13,2,0,0,no
org.apache.phoenix.expression.BaseExpression,20,3,15,28,164,93,0,yes
org.apache.phoenix.expression.BaseSingleExpression,8,4,12,40,62,16,1,yes
org.apache.phoenix.expression.BaseTerminalExpression,4,7,2,30,10,0,1,yes
org.apache.phoenix.expression.CaseExpression,18,0,15,58,149,83,2,yes
org.apache.phoenix.expression.CoerceExpression,14,0,15,55,105,57,2,yes
org.apache.phoenix.expression.CoerceExpressionTest,18,0,5,18,82,60,0,yes
org.apache.phoenix.expression.ColumnExpression,8,3,11,41,81,63,2,no
org.apache.phoenix.expression.ColumnExpressionTest,13,0,4,17,73,0,0,yes
org.apache.phoenix.expression.ComparisonExpression,28,0,15,58,259,73,2,yes
org.apache.phoenix.expression.CurrentDateTimeFunction,3,2,4,58,15,0,4,no
org.apache.phoenix.expression.DateAddExpression,8,0,4,61,42,75,5,yes
org.apache.phoenix.expression.DateSubtractExpression,8,0,4,61,42,0,5,yes
org.apache.phoenix.expression.DecimalAddExpression,9,0,6,63,58,50,5,yes
org.apache.phoenix.expression.DecimalDivideExpression,8,0,4,61,40,0,4,yes
org.apache.phoenix.expression.DecimalMultiplyExpression,8,0,4,61,40,0,4,yes
org.apache.phoenix.expression.DecimalSubtractExpression,10,0,6,63,64,50,5,yes
org.apache.phoenix.expression.DelegateExpression,11,0,15,28,62,0,0,no
org.apache.phoenix.expression.DeterminismTest,1,0,1,14,17,0,0,no
org.apache.phoenix.expression.DivideExpression,7,3,8,57,52,75,3,no
org.apache.phoenix.expression.DoubleAddExpression,6,0,4,61,37,0,5,yes
org.apache.phoenix.expression.DoubleDivideExpression,6,0,4,61,41,0,4,yes
org.apache.phoenix.expression.DoubleMultiplyExpression,6,0,4,61,37,0,4,yes
org.apache.phoenix.expression.DoubleSubtractExpression,6,0,4,61,41,0,5,yes
org.apache.phoenix.expression.function.AggregateFunction,3,2,4,52,15,0,3,no
org.apache.phoenix.expression.function.ArrayAllComparisonExpression,3,0,4,54,15,0,3,no
org.apache.phoenix.expression.function.ArrayAnyComparisonExpression,7,1,7,50,43,0,2,yes
org.apache.phoenix.expression.function.ArrayIndexFunction,10,0,7,61,40,85,4,yes
org.apache.phoenix.expression.function.ArrayLengthFunction,7,0,5,59,33,80,4,yes
org.apache.phoenix.expression.function.AvgAggregateFunction,14,0,8,62,64,65,5,yes
org.apache.phoenix.expression.function.CeilDateExpression,6,1,7,83,26,0,5,no
org.apache.phoenix.expression.function.CeilDecimalExpression,12,0,8,84,46,0,5,yes
org.apache.phoenix.expression.function.CeilFunction,3,0,2,56,10,50,4,no
org.apache.phoenix.expression.function.CeilTimestampExpression,13,0,7,90,49,0,6,yes
org.apache.phoenix.expression.function.CoalesceFunction,13,0,8,62,65,87,4,no
org.apache.phoenix.expression.function.CompositeAggregateFunction,3,1,2,54,9,0,4,no
org.apache.phoenix.expression.function.ConvertTimezoneFunction,13,0,6,60,48,83,4,yes
org.apache.phoenix.expression.function.CountAggregateFunction,12,0,10,77,53,96,5,yes
org.apache.phoenix.expression.function.CurrentDateFunction,6,0,5,63,23,70,5,yes
org.apache.phoenix.expression.function.CurrentTimeFunction,6,0,5,63,23,70,5,yes
org.apache.phoenix.expression.function.DecodeFunction,15,0,10,64,78,90,4,yes
org.apache.phoenix.expression.function.DelegateConstantToCountAggregateFunction,5,4,4,71,25,50,5,yes
org.apache.phoenix.expression.function.DistinctCountAggregateFunction,11,0,12,83,63,93,6,yes
org.apache.phoenix.expression.function.DistinctValueAggregateFunction,8,0,6,77,27,83,6,yes
org.apache.phoenix.expression.function.DistinctValueWithCountAggregateFunction,5,6,4,71,15,0,5,no
org.apache.phoenix.expression.function.EncodeFunction,9,0,9,63,55,88,4,yes
org.apache.phoenix.expression.function.ExternalSqlTypeIdFunction,9,0,5,59,35,80,4,yes
org.apache.phoenix.expression.function.ExternalSqlTypeIdFunctionTest,7,0,3,16,24,0,0,yes
org.apache.phoenix.expression.function.FirstLastValueBaseFunction,6,3,5,76,27,80,6,no
org.apache.phoenix.expression.function.FirstValueFunction,9,0,4,80,21,100,7,no
org.apache.phoenix.expression.function.FloorDateExpression,8,0,7,83,34,0,5,yes
org.apache.phoenix.expression.function.FloorDecimalExpression,12,0,8,84,46,0,5,yes
org.apache.phoenix.expression.function.FloorFunction,3,0,2,56,10,50,4,no
org.apache.phoenix.expression.function.FunctionExpression,5,3,5,48,23,0,2,yes
org.apache.phoenix.expression.function.IndexStateNameFunction,7,0,5,59,30,80,4,yes
org.apache.phoenix.expression.function.InvertFunction,10,0,12,66,65,91,4,no
org.apache.phoenix.expression.function.LastValueFunction,9,0,4,80,21,100,7,no
org.apache.phoenix.expression.function.LengthFunction,9,0,6,60,41,83,4,yes
org.apache.phoenix.expression.function.LowerFunction,6,0,7,61,35,85,4,yes
org.apache.phoenix.expression.function.LpadFunction,8,0,11,65,88,90,4,yes
org.apache.phoenix.expression.function.LTrimFunction,10,0,8,62,47,87,4,yes
org.apache.phoenix.expression.function.MaxAggregateFunction,8,0,5,82,32,80,7,no
org.apache.phoenix.expression.function.MD5Function,10,0,8,62,46,79,4,yes
org.apache.phoenix.expression.function.MinAggregateFunction,9,1,6,77,43,83,6,no
org.apache.phoenix.expression.function.NthValueFunction,10,0,4,80,27,75,7,no
org.apache.phoenix.expression.function.PercentileContAggregateFunction,8,0,6,77,24,83,6,yes
org.apache.phoenix.expression.function.PercentileDiscAggregateFunction,7,0,5,76,20,80,6,no
org.apache.phoenix.expression.function.PercentRankAggregateFunction,8,0,6,77,24,83,6,yes
org.apache.phoenix.expression.function.PrefixFunction,3,2,5,59,60,0,4,no
org.apache.phoenix.expression.function.RegexpReplaceFunction,10,0,9,63,63,81,4,yes
org.apache.phoenix.expression.function.RegexpSplitFunction,10,0,8,62,63,81,4,yes
org.apache.phoenix.expression.function.RegexpSubstrFunction,15,0,12,71,107,85,5,yes
org.apache.phoenix.expression.function.ReverseFunction,9,0,6,60,44,83,4,yes
org.apache.phoenix.expression.function.RoundDateExpression,21,3,22,76,168,84,4,yes
org.apache.phoenix.expression.function.RoundDecimalExpression,20,2,22,76,196,77,4,yes
org.apache.phoenix.expression.function.RoundFunction,3,0,2,56,10,50,4,no
org.apache.phoenix.expression.function.RoundTimestampExpression,15,0,5,81,44,80,5,yes
org.apache.phoenix.expression.function.RTrimFunction,12,0,11,65,97,90,4,yes
org.apache.phoenix.expression.function.ScalarFunction,5,36,6,54,29,83,3,yes
org.apache.phoenix.expression.function.SingleAggregateFunction,12,3,15,67,89,90,4,no
org.apache.phoenix.expression.function.SQLIndexTypeFunction,7,0,5,59,29,80,4,yes
org.apache.phoenix.expression.function.SQLTableTypeFunction,8,0,5,59,29,80,4,yes
org.apache.phoenix.expression.function.SqlTypeNameFunction,9,0,5,59,34,80,4,yes
org.apache.phoenix.expression.function.SQLViewTypeFunction,7,0,5,59,29,80,4,yes
org.apache.phoenix.expression.function.StddevPopFunction,9,0,6,77,27,83,6,yes
org.apache.phoenix.expression.function.StddevSampFunction,9,0,6,77,27,83,6,yes
org.apache.phoenix.expression.function.SubstrFunction,15,0,15,74,128,85,5,yes
org.apache.phoenix.expression.function.SumAggregateFunction,13,0,10,81,87,90,6,yes
org.apache.phoenix.expression.function.TimezoneOffsetFunction,12,0,6,60,43,83,4,yes
org.apache.phoenix.expression.function.ToCharFunction,12,0,11,65,75,72,4,yes
org.apache.phoenix.expression.function.ToDateFunction,13,0,11,65,73,69,4,yes
org.apache.phoenix.expression.function.ToNumberFunction,18,0,11,65,107,72,4,yes
org.apache.phoenix.expression.function.TrimFunction,10,0,8,62,52,81,4,yes
org.apache.phoenix.expression.function.TruncFunction,4,0,2,56,10,50,4,no
org.apache.phoenix.expression.function.UpperFunction,6,0,7,61,35,85,4,yes
org.apache.phoenix.expression.ILikeExpressionTest,10,0,4,17,30,0,0,yes
org.apache.phoenix.expression.InListExpression,23,0,15,55,200,74,2,yes
org.apache.phoenix.expression.IsNullExpression,13,0,11,51,72,45,2,yes
org.apache.phoenix.expression.KeyValueColumnExpression,11,0,13,54,72,48,3,no
org.apache.phoenix.expression.LikeExpression,17,0,23,66,216,90,2,yes
org.apache.phoenix.expression.LikeExpressionTest,10,0,4,17,30,0,0,yes
org.apache.phoenix.expression.LiteralExpression,19,0,34,64,236,89,2,yes
org.apache.phoenix.expression.LongAddExpression,5,0,4,61,27,0,5,yes
org.apache.phoenix.expression.LongDivideExpression,5,0,4,61,31,0,4,yes
org.apache.phoenix.expression.LongMultiplyExpression,5,0,4,61,30,0,4,yes
org.apache.phoenix.expression.LongSubtractExpression,6,0,4,61,36,0,5,yes
org.apache.phoenix.expression.ModulusExpression,7,0,7,56,44,0,3,yes
org.apache.phoenix.expression.MultiplyExpression,7,3,8,57,52,75,3,no
org.apache.phoenix.expression.NotExpression,11,0,7,47,50,0,2,yes
org.apache.phoenix.expression.OrderByExpression,8,0,10,23,61,33,0,no
org.apache.phoenix.expression.OrExpression,6,0,5,54,30,0,3,no
org.apache.phoenix.expression.ProjectedColumnExpression,18,0,14,55,98,55,3,yes
org.apache.phoenix.expression.RoundFloorCeilExpressionsTest,30,0,28,41,370,88,0,yes
org.apache.phoenix.expression.RowKeyColumnExpression,11,0,15,56,93,73,3,yes
org.apache.phoenix.expression.RowKeyExpression,3,0,3,33,14,100,2,yes
org.apache.phoenix.expression.RowValueConstructorExpression,17,0,14,57,156,75,2,yes
org.apache.phoenix.expression.SortOrderExpressionTest,45,0,31,44,217,0,0,yes
org.apache.phoenix.expression.StringConcatExpression,9,0,6,49,48,0,2,yes
org.apache.phoenix.expression.SubtractExpression,6,5,4,57,21,100,4,no
org.apache.phoenix.expression.TimestampAddExpression,11,0,4,61,41,0,5,yes
org.apache.phoenix.expression.TimestampSubtractExpression,10,0,4,61,45,0,5,yes
org.apache.phoenix.expression.visitor.BaseExpressionVisitor,26,2,44,57,178,0,0,yes
org.apache.phoenix.expression.visitor.KeyValueExpressionVisitor,3,2,1,59,4,0,2,yes
org.apache.phoenix.expression.visitor.RowKeyExpressionVisitor,3,1,1,59,4,0,2,yes
org.apache.phoenix.expression.visitor.SingleAggregateFunctionVisitor,3,1,1,59,4,0,2,yes
org.apache.phoenix.expression.visitor.TraverseAllExpressionVisitor,4,5,1,58,24,0,1,yes
org.apache.phoenix.expression.visitor.TraverseNoExpressionVisitor,3,3,1,58,6,0,1,yes
org.apache.phoenix.filter.BooleanExpressionFilter,15,3,12,25,75,58,1,no
org.apache.phoenix.filter.ColumnProjectionFilter,15,0,11,24,112,70,1,no
org.apache.phoenix.filter.MultiCFCQKeyValueComparisonFilter,6,0,5,40,77,80,3,no
org.apache.phoenix.filter.MultiCFCQKeyValueComparisonFilter.ImmutablePairBytesPtr,1,0,5,18,43,57,0,no
org.apache.phoenix.filter.MultiCQKeyValueComparisonFilter,6,0,5,40,34,80,3,no
org.apache.phoenix.filter.MultiKeyValueComparisonFilter,9,2,10,35,164,80,2,no
org.apache.phoenix.filter.MultiKeyValueComparisonFilter.IncrementalResultTuple,8,0,12,26,80,55,1,yes
org.apache.phoenix.filter.MultiKeyValueComparisonFilter.KeyValueRef,2,0,1,14,12,0,0,no
org.apache.phoenix.filter.RowKeyComparisonFilter,9,0,9,34,95,75,2,no
org.apache.phoenix.filter.RowKeyComparisonFilter.RowKeyTuple,4,0,8,22,38,62,1,no
org.apache.phoenix.filter.SingleCFCQKeyValueComparisonFilter,3,0,4,39,20,0,3,no
org.apache.phoenix.filter.SingleCQKeyValueComparisonFilter,3,0,4,39,18,0,3,no
org.apache.phoenix.filter.SingleKeyValueComparisonFilter,8,2,10,35,72,80,2,yes
org.apache.phoenix.filter.SkipScanFilter,23,0,31,44,422,84,1,yes
org.apache.phoenix.filter.SkipScanFilterIntersectTest,8,0,5,18,449,64,0,yes
org.apache.phoenix.filter.SkipScanFilterTest,17,0,4,17,320,56,1,yes
org.apache.phoenix.filter.SkipScanFilterTest.Finished,4,0,3,16,15,0,0,no
org.apache.phoenix.filter.SkipScanFilterTest.Include,5,0,3,16,16,0,0,no
org.apache.phoenix.filter.SkipScanFilterTest.SeekNext,5,0,4,17,23,0,0,no
org.apache.phoenix.flume.FlumeConstants,2,0,0,13,18,0,0,no
org.apache.phoenix.flume.PhoenixSinkIT,14,0,8,75,122,25,2,no
org.apache.phoenix.flume.RegexEventSerializerIT,18,0,10,77,279,30,2,yes
org.apache.phoenix.flume.SchemaHandler,5,0,1,14,15,0,0,no
org.apache.phoenix.flume.serializer.BaseEventSerializer,27,1,7,20,153,71,0,no
org.apache.phoenix.flume.serializer.RegexEventSerializer,17,0,3,23,84,50,1,no
org.apache.phoenix.flume.sink.PhoenixSink,17,0,7,20,140,61,1,no
org.apache.phoenix.hbase.index.balancer.IndexLoadBalancer,14,0,32,45,518,86,0,no
org.apache.phoenix.hbase.index.builder.BaseIndexBuilder,4,1,8,21,31,81,0,no
org.apache.phoenix.hbase.index.builder.IndexBuildingFailureException,2,0,2,15,7,0,1,no
org.apache.phoenix.hbase.index.builder.IndexBuildManager,19,0,14,27,109,80,0,no
org.apache.phoenix.hbase.index.CapturingAbortable,4,0,4,17,29,41,0,no
org.apache.phoenix.hbase.index.covered.Batch,3,0,5,18,24,65,0,no
org.apache.phoenix.hbase.index.covered.CoveredColumns,6,0,2,15,16,0,0,no
org.apache.phoenix.hbase.index.covered.CoveredColumnsIndexBuilder,25,2,15,36,208,81,1,no
org.apache.phoenix.hbase.index.covered.CoveredIndexCodecForTesting,8,1,7,23,28,57,1,no
org.apache.phoenix.hbase.index.covered.data.IndexMemStore,6,0,7,20,152,67,0,no
org.apache.phoenix.hbase.index.covered.data.IndexMemStore.MemStoreScanner,10,0,14,27,92,71,1,no
org.apache.phoenix.hbase.index.covered.data.LazyValueGetter,9,0,3,16,34,44,0,yes
org.apache.phoenix.hbase.index.covered.data.LocalTable,7,0,2,15,21,0,0,no
org.apache.phoenix.hbase.index.covered.data.TestIndexMemStore,2,0,2,15,51,0,0,no
org.apache.phoenix.hbase.index.covered.example.ColumnGroup,7,0,10,23,48,44,0,no
org.apache.phoenix.hbase.index.covered.example.CoveredColumn,3,0,10,41,63,66,1,no
org.apache.phoenix.hbase.index.covered.example.CoveredColumnIndexCodec,20,0,15,31,210,86,1,no
org.apache.phoenix.hbase.index.covered.example.CoveredColumnIndexCodec.ColumnEntry,2,0,1,14,8,0,0,no
org.apache.phoenix.hbase.index.covered.example.CoveredColumnIndexer,14,0,4,40,42,0,2,no
org.apache.phoenix.hbase.index.covered.example.CoveredColumnIndexSpecifierBuilder,16,0,10,23,82,78,0,no
org.apache.phoenix.hbase.index.covered.example.TestColumnTracker,5,0,3,16,26,0,0,no
org.apache.phoenix.hbase.index.covered.example.TestCoveredColumnIndexCodec,18,0,5,18,142,71,0,no
org.apache.phoenix.hbase.index.covered.example.TestCoveredColumnIndexCodec.SimpleTableState,3,0,2,15,10,0,0,no
org.apache.phoenix.hbase.index.covered.example.TestCoveredIndexSpecifierBuilder,8,0,1,14,32,0,0,no
org.apache.phoenix.hbase.index.covered.filter.ApplyAndFilterDeletesFilter,10,0,5,18,144,66,1,no
org.apache.phoenix.hbase.index.covered.filter.ApplyAndFilterDeletesFilter.DeleteColumnHinter,2,0,1,14,8,0,0,no
org.apache.phoenix.hbase.index.covered.filter.ApplyAndFilterDeletesFilter.DeleteFamilyHinter,4,0,1,14,15,0,0,no
org.apache.phoenix.hbase.index.covered.filter.ApplyAndFilterDeletesFilter.DeleteTracker,1,0,5,18,49,40,0,no
org.apache.phoenix.hbase.index.covered.filter.ColumnTrackingNextLargestTimestampFilter,2,0,2,15,16,0,1,no
org.apache.phoenix.hbase.index.covered.filter.MaxTimestampFilter,5,0,3,16,28,0,1,no
org.apache.phoenix.hbase.index.covered.filter.NewerTimestampFilter,1,0,2,15,9,0,1,no
org.apache.phoenix.hbase.index.covered.filter.TestApplyAndFilterDeletesFilter,7,0,9,22,115,70,0,no
org.apache.phoenix.hbase.index.covered.filter.TestNewerTimestampFilter,1,0,1,14,16,0,0,no
org.apache.phoenix.hbase.index.covered.IndexUpdate,3,0,9,22,36,59,0,no
org.apache.phoenix.hbase.index.covered.LocalTableState,21,0,22,35,130,87,0,no
org.apache.phoenix.hbase.index.covered.TestCoveredColumns,4,0,1,14,13,0,0,no
org.apache.phoenix.hbase.index.covered.TestLocalTableState,10,0,3,16,111,0,0,no
org.apache.phoenix.hbase.index.covered.update.ColumnReference,4,1,18,31,100,77,0,no
org.apache.phoenix.hbase.index.covered.update.ColumnTracker,7,0,9,22,54,77,0,no
org.apache.phoenix.hbase.index.covered.update.IndexUpdateManager,12,0,7,20,139,75,0,no
org.apache.phoenix.hbase.index.covered.update.IndexUpdateManager.MutationComparator,2,0,2,15,37,0,0,no
org.apache.phoenix.hbase.index.covered.update.SortedCollection,8,0,15,28,70,43,0,no
org.apache.phoenix.hbase.index.covered.update.TestIndexUpdateManager,7,0,3,16,73,55,0,no
org.apache.phoenix.hbase.index.exception.IndexWriteException,2,2,4,17,13,0,1,no
org.apache.phoenix.hbase.index.exception.MultiIndexWriteFailureException,1,0,2,19,9,0,2,no
org.apache.phoenix.hbase.index.exception.SingleIndexWriteFailureException,4,0,3,20,14,33,2,no
org.apache.phoenix.hbase.index.Indexer,29,0,18,31,336,86,1,no
org.apache.phoenix.hbase.index.Indexer.MultiMutation,6,0,6,19,37,50,1,no
org.apache.phoenix.hbase.index.IndexRegionSplitPolicy,1,0,1,14,6,0,1,yes
org.apache.phoenix.hbase.index.IndexTestingUtils,7,0,5,18,38,80,0,no
org.apache.phoenix.hbase.index.master.IndexMasterObserver,3,0,3,16,32,0,1,yes
org.apache.phoenix.hbase.index.parallel.BaseTaskRunner,15,2,7,20,61,66,0,no
org.apache.phoenix.hbase.index.parallel.EarlyExitFailure,1,0,1,49,4,0,0,no
org.apache.phoenix.hbase.index.parallel.QuickFailingTaskRunner,4,0,2,22,9,100,1,no
org.apache.phoenix.hbase.index.parallel.Task,0,3,2,15,8,0,0,no
org.apache.phoenix.hbase.index.parallel.TaskBatch,9,0,6,19,28,61,0,no
org.apache.phoenix.hbase.index.parallel.TestThreadPoolBuilder,3,0,2,15,27,0,0,no
org.apache.phoenix.hbase.index.parallel.TestThreadPoolManager,9,0,3,16,51,0,0,no
org.apache.phoenix.hbase.index.parallel.ThreadPoolBuilder,4,0,7,20,52,67,0,no
org.apache.phoenix.hbase.index.parallel.ThreadPoolManager,8,0,3,16,61,66,0,no
org.apache.phoenix.hbase.index.parallel.ThreadPoolManager.ShutdownOnUnusedThreadPoolExecutor,9,0,5,92,33,19,0,no
org.apache.phoenix.hbase.index.parallel.WaitForCompletionTaskRunner,3,0,2,22,8,0,1,no
org.apache.phoenix.hbase.index.scanner.EmptyScanner,2,0,4,17,16,0,0,no
org.apache.phoenix.hbase.index.scanner.FilteredKeyValueScanner,7,0,18,31,94,55,0,no
org.apache.phoenix.hbase.index.scanner.ScannerBuilder,14,0,5,18,80,60,0,no
org.apache.phoenix.hbase.index.StubAbortable,4,0,2,15,13,25,0,no
org.apache.phoenix.hbase.index.table.CachingHTableFactory,8,0,5,18,55,72,0,no
org.apache.phoenix.hbase.index.table.CachingHTableFactory.HTableInterfaceLRUMap,3,0,2,15,20,0,1,no
org.apache.phoenix.hbase.index.table.CoprocessorHTableFactory,6,0,3,16,20,50,0,yes
org.apache.phoenix.hbase.index.table.HTableInterfaceReference,3,0,6,19,27,0,0,no
org.apache.phoenix.hbase.index.TableName,2,0,3,16,12,0,1,no
org.apache.phoenix.hbase.index.util.GenericKeyValueBuilder,3,0,12,42,53,100,1,no
org.apache.phoenix.hbase.index.util.ImmutableBytesPtr,3,0,13,26,62,30,1,no
org.apache.phoenix.hbase.index.util.IndexManagementUtil,18,0,10,23,149,90,0,yes
org.apache.phoenix.hbase.index.util.IndexManagementUtil.ReferencingColumn,3,0,4,17,35,25,0,no
org.apache.phoenix.hbase.index.util.KeyValueBuilder,6,1,17,30,53,0,0,no
org.apache.phoenix.hbase.index.util.TestIndexManagementUtil,6,0,3,16,24,0,0,no
org.apache.phoenix.hbase.index.util.VersionUtil,3,0,9,22,46,0,0,no
org.apache.phoenix.hbase.index.wal.IndexedKeyValue,9,0,23,36,121,83,1,no
org.apache.phoenix.hbase.index.wal.KeyValueCodec,7,0,3,16,31,33,0,no
org.apache.phoenix.hbase.index.write.FakeTableFactory,4,0,3,16,14,50,0,no
org.apache.phoenix.hbase.index.write.IndexWriter,18,0,12,25,99,80,0,no
org.apache.phoenix.hbase.index.write.IndexWriterUtils,6,0,2,15,17,50,0,no
org.apache.phoenix.hbase.index.write.KillServerOnFailurePolicy,5,1,5,18,35,66,0,no
org.apache.phoenix.hbase.index.write.ParallelWriterIndexCommitter,23,0,8,21,110,76,0,no
org.apache.phoenix.hbase.index.write.recovery.PerRegionIndexWriteCache,4,0,2,15,15,0,0,no
org.apache.phoenix.hbase.index.write.recovery.StoreFailuresInCachePolicy,9,1,5,18,32,46,0,no
org.apache.phoenix.hbase.index.write.recovery.TestPerRegionIndexWriteCache,9,0,5,18,117,72,0,no
org.apache.phoenix.hbase.index.write.recovery.TrackingParallelWriterIndexCommitter,25,0,5,18,110,66,0,no
org.apache.phoenix.hbase.index.write.TestCachingHTableFactory,5,0,1,14,23,0,0,no
org.apache.phoenix.hbase.index.write.TestIndexWriter,22,0,5,18,170,46,0,no
org.apache.phoenix.hbase.index.write.TestParalleIndexWriter,15,0,2,15,57,33,0,no
org.apache.phoenix.hbase.index.write.TestParalleWriterIndexCommitter,15,0,2,15,56,33,0,no
org.apache.phoenix.hbase.index.write.TestWALRecoveryCaching,25,0,6,19,191,77,0,no
org.apache.phoenix.hbase.index.write.TestWALRecoveryCaching.IndexTableBlockingReplayObserver,5,0,1,14,15,0,1,no
org.apache.phoenix.hbase.index.write.TestWALRecoveryCaching.ReleaseLatchOnFailurePolicy,6,0,2,20,14,0,1,no
org.apache.phoenix.index.BaseIndexCodec,2,4,3,16,12,0,0,no
org.apache.phoenix.index.IndexMaintainer,52,0,43,56,937,86,0,yes
org.apache.phoenix.index.IndexMaintainer.ByteSizeRowKeyMetaData,5,0,7,29,32,14,1,no
org.apache.phoenix.index.IndexMaintainer.IntSizedRowKeyMetaData,5,0,7,29,35,14,1,yes
org.apache.phoenix.index.IndexMaintainer.RowKeyMetaData,7,2,9,22,34,55,0,no
org.apache.phoenix.index.IndexMaintainerTest,29,0,29,98,200,89,2,yes
org.apache.phoenix.index.IndexMetaDataCacheClient,12,0,4,17,19,25,0,no
org.apache.phoenix.index.IndexMetaDataCacheFactory,10,0,4,17,25,0,0,no
org.apache.phoenix.index.PhoenixIndexBuilder,15,0,3,39,47,0,2,yes
org.apache.phoenix.index.PhoenixIndexCodec,32,0,7,23,114,71,1,yes
org.apache.phoenix.index.PhoenixIndexFailurePolicy,36,0,5,23,150,50,1,yes
org.apache.phoenix.iterate.AggregateResultScannerTest,31,0,1,70,90,0,2,yes
org.apache.phoenix.iterate.BaseResultIterator,3,1,2,15,8,0,0,no
org.apache.phoenix.iterate.BaseResultIterators,64,2,23,44,489,89,1,yes
org.apache.phoenix.iterate.BaseResultIterators.ScanLocator,0,0,4,17,19,50,0,yes
org.apache.phoenix.iterate.ChunkedResultIterator,15,0,6,19,119,64,0,no
org.apache.phoenix.iterate.ChunkedResultIterator.ChunkedResultIteratorFactory,16,0,2,15,18,0,0,no
org.apache.phoenix.iterate.ChunkedResultIterator.SingleChunkResultIterator,6,0,6,19,50,50,0,yes
org.apache.phoenix.iterate.ConcatResultIterator,8,0,10,23,95,56,0,no
org.apache.phoenix.iterate.ConcatResultIteratorTest,14,0,2,15,98,25,0,no
org.apache.phoenix.iterate.DelegateResultIterator,4,6,5,18,21,0,0,no
org.apache.phoenix.iterate.DistinctAggregatingResultIterator,9,0,8,21,113,62,0,no
org.apache.phoenix.iterate.DistinctAggregatingResultIterator.ResultEntry,6,0,4,17,51,37,0,no
org.apache.phoenix.iterate.ExplainTable,29,2,8,21,228,64,0,yes
org.apache.phoenix.iterate.ExplainTable.RowKeyValueIterator,4,0,5,18,35,60,0,no
org.apache.phoenix.iterate.FilterAggregatingResultIterator,10,0,6,19,38,33,0,yes
org.apache.phoenix.iterate.FilterResultIterator,11,0,5,23,37,26,1,yes
org.apache.phoenix.iterate.GroupedAggregatingResultIterator,13,1,6,19,51,38,0,yes
org.apache.phoenix.iterate.LimitingPeekingResultIterator,3,0,3,25,13,0,2,no
org.apache.phoenix.iterate.LimitingResultIterator,5,1,4,22,26,25,1,no
org.apache.phoenix.iterate.LookAheadResultIterator,4,2,5,18,38,60,0,yes
org.apache.phoenix.iterate.MappedByteBufferSortedQueue,12,0,8,44,311,64,0,yes
org.apache.phoenix.iterate.MaterializedResultIterator,6,0,5,18,63,40,0,no
org.apache.phoenix.iterate.MaterializedResultIterator.PeekingCollectionIterator,5,0,7,20,42,57,0,no
org.apache.phoenix.iterate.MergeSortResultIterator,8,2,7,20,71,76,0,no
org.apache.phoenix.iterate.MergeSortResultIteratorTest,13,0,1,14,50,0,0,no
org.apache.phoenix.iterate.MergeSortRowKeyResultIterator,6,0,5,25,25,40,1,no
org.apache.phoenix.iterate.MergeSortTopNResultIterator,9,0,6,26,60,46,1,no
org.apache.phoenix.iterate.OrderedAggregatingResultIterator,5,0,4,31,23,0,1,no
org.apache.phoenix.iterate.OrderedResultIterator,17,1,14,27,173,75,0,no
org.apache.phoenix.iterate.OrderedResultIterator.NthKey,2,0,2,15,9,0,0,no
org.apache.phoenix.iterate.OrderedResultIterator.ResultEntry,1,1,3,16,15,33,0,no
org.apache.phoenix.iterate.ParallelIterators,20,0,3,47,51,77,2,yes
org.apache.phoenix.iterate.RegionScannerResultIterator,9,0,3,18,25,0,1,yes
org.apache.phoenix.iterate.ScanningResultIterator,8,0,5,18,26,19,0,yes
org.apache.phoenix.iterate.SequenceResultIterator,6,0,4,22,27,0,1,no
org.apache.phoenix.iterate.SerialIterators,20,0,3,47,47,77,2,yes
org.apache.phoenix.iterate.SpoolingResultIterator,19,0,6,19,212,33,0,no
org.apache.phoenix.iterate.SpoolingResultIterator.InMemoryResultIterator,8,0,6,19,38,66,0,no
org.apache.phoenix.iterate.SpoolingResultIterator.OnDiskResultIterator,14,0,8,21,84,59,0,no
org.apache.phoenix.iterate.SpoolingResultIterator.SpoolingResultIteratorFactory,7,0,2,15,10,0,0,yes
org.apache.phoenix.iterate.SpoolingResultIteratorTest,16,0,4,17,30,75,0,no
org.apache.phoenix.iterate.SpoolTooBigToDiskException,1,0,1,50,6,100,0,no
org.apache.phoenix.iterate.TableResultIterator,17,0,8,29,62,66,1,no
org.apache.phoenix.iterate.UngroupedAggregatingResultIterator,9,0,3,22,26,33,1,no
org.apache.phoenix.jdbc.Jdbc7Shim,0,0,0,13,29,0,0,no
org.apache.phoenix.jdbc.PhoenixConnection,69,0,81,94,540,95,0,yes
org.apache.phoenix.jdbc.PhoenixDatabaseMetaData,49,0,180,193,1215,99,0,yes
org.apache.phoenix.jdbc.PhoenixDatabaseMetaData.TenantColumnFilteringIterator,14,0,3,21,50,42,1,yes
org.apache.phoenix.jdbc.PhoenixDriver,25,0,8,34,154,80,1,no
org.apache.phoenix.jdbc.PhoenixDriverTest,12,0,3,72,34,0,2,no
org.apache.phoenix.jdbc.PhoenixEmbeddedDriver,17,2,13,26,292,96,0,no
org.apache.phoenix.jdbc.PhoenixEmbeddedDriver.ConnectionInfo,15,0,16,29,210,70,0,no
org.apache.phoenix.jdbc.PhoenixEmbeddedDriverTest,10,0,3,16,98,0,0,no
org.apache.phoenix.jdbc.PhoenixParameterMetaData,14,0,14,27,106,85,0,no
org.apache.phoenix.jdbc.PhoenixPreparedStatement,49,0,66,148,359,89,1,yes
org.apache.phoenix.jdbc.PhoenixPreparedStatementTest,7,0,3,72,47,0,2,no
org.apache.phoenix.jdbc.PhoenixResultSet,49,0,195,208,944,95,0,yes
org.apache.phoenix.jdbc.PhoenixResultSetMetaData,16,0,24,37,127,76,0,yes
org.apache.phoenix.jdbc.PhoenixResultSetMetadataTest,12,0,1,70,15,0,2,no
org.apache.phoenix.jdbc.PhoenixStatement,53,2,69,82,937,97,0,yes
org.apache.phoenix.jdbc.PhoenixStatement.ExecutableAddColumnStatement,11,0,2,25,32,0,4,yes
org.apache.phoenix.jdbc.PhoenixStatement.ExecutableAlterIndexStatement,10,0,2,24,32,0,3,no
org.apache.phoenix.jdbc.PhoenixStatement.ExecutableCreateIndexStatement,12,0,2,27,11,0,3,yes
org.apache.phoenix.jdbc.PhoenixStatement.ExecutableCreateSequenceStatement,9,0,2,27,13,0,2,no
org.apache.phoenix.jdbc.PhoenixStatement.ExecutableCreateTableStatement,12,0,2,27,12,0,2,no
org.apache.phoenix.jdbc.PhoenixStatement.ExecutableDeleteStatement,15,0,2,28,12,0,4,no
org.apache.phoenix.jdbc.PhoenixStatement.ExecutableDropColumnStatement,10,0,2,24,32,0,4,no
org.apache.phoenix.jdbc.PhoenixStatement.ExecutableDropIndexStatement,9,0,2,22,32,0,2,no
org.apache.phoenix.jdbc.PhoenixStatement.ExecutableDropSequenceStatement,8,0,2,21,10,0,2,no
org.apache.phoenix.jdbc.PhoenixStatement.ExecutableDropTableStatement,9,0,2,23,32,0,2,no
org.apache.phoenix.jdbc.PhoenixStatement.ExecutableExplainStatement,19,0,4,21,88,0,1,yes
org.apache.phoenix.jdbc.PhoenixStatement.ExecutableNodeFactory,44,0,14,128,65,0,1,yes
org.apache.phoenix.jdbc.PhoenixStatement.ExecutableSelectStatement,19,0,2,34,21,0,1,yes
org.apache.phoenix.jdbc.PhoenixStatement.ExecutableUpdateStatisticsStatement,9,0,2,23,33,0,3,yes
org.apache.phoenix.jdbc.PhoenixStatement.ExecutableUpsertStatement,14,0,2,25,12,0,4,no
org.apache.phoenix.jdbc.PhoenixStatement.PhoenixStatementParser,7,0,4,27,15,0,1,yes
org.apache.phoenix.jdbc.PhoenixTestDriver,14,0,8,34,65,65,1,yes
org.apache.phoenix.job.AbstractRoundRobinQueue,14,1,18,54,237,61,0,no
org.apache.phoenix.job.AbstractRoundRobinQueue.ProducerList,1,0,1,14,8,0,0,no
org.apache.phoenix.job.JobManager,10,0,3,57,78,66,1,yes
org.apache.phoenix.job.JobManager.ContextClassLoaderThreadFactory,5,0,2,15,14,0,0,yes
org.apache.phoenix.job.JobManager.JobFutureTask,3,0,3,33,21,0,0,yes
org.apache.phoenix.join.HashCacheClient,29,0,3,16,63,0,0,yes
org.apache.phoenix.join.HashCacheFactory,9,0,4,17,89,0,0,no
org.apache.phoenix.join.HashCacheFactory.HashCacheImpl,26,0,3,16,66,33,0,no
org.apache.phoenix.join.HashJoinInfo,23,0,16,29,174,81,0,no
org.apache.phoenix.join.MaxServerCacheSizeExceededException,1,0,4,53,14,100,0,no
org.apache.phoenix.logging.PerformanceLog,10,0,12,25,66,87,0,no
org.apache.phoenix.mapreduce.CsvBulkImportUtil,5,0,2,15,20,0,0,yes
org.apache.phoenix.mapreduce.CsvBulkImportUtilTest,9,0,2,15,30,0,0,yes
org.apache.phoenix.mapreduce.CsvBulkImportUtilTest.MockProcessor,3,0,1,14,5,0,0,no
org.apache.phoenix.mapreduce.CsvBulkLoadTool,35,0,13,26,284,81,1,yes
org.apache.phoenix.mapreduce.CsvBulkLoadTool.TableLoader,7,0,2,15,51,0,0,no
org.apache.phoenix.mapreduce.CsvBulkLoadToolTest,4,0,9,22,43,22,0,no
org.apache.phoenix.mapreduce.CsvToKeyValueMapper,24,0,8,21,177,79,1,yes
org.apache.phoenix.mapreduce.CsvToKeyValueMapper.CsvLineParser,3,0,2,15,10,0,0,yes
org.apache.phoenix.mapreduce.CsvToKeyValueMapper.DefaultImportPreUpsertKeyValueProcessor,2,0,1,14,6,0,0,no
org.apache.phoenix.mapreduce.CsvToKeyValueMapper.MapperUpsertListener,4,0,3,16,21,16,0,no
org.apache.phoenix.mapreduce.CsvToKeyValueMapperTest,12,0,8,21,73,0,0,yes
org.apache.phoenix.mapreduce.CsvToKeyValueMapperTest.MockUpsertProcessor,3,0,1,14,5,0,0,no
org.apache.phoenix.memory.ChildMemoryManager,6,0,5,24,71,53,1,no
org.apache.phoenix.memory.DelegatingMemoryManager,2,1,6,19,25,16,0,no
org.apache.phoenix.memory.GlobalMemoryManager,10,0,7,20,121,68,0,yes
org.apache.phoenix.memory.GlobalMemoryManager.GlobalMemoryChunk,4,0,5,18,50,0,0,no
org.apache.phoenix.memory.InsufficientMemoryException,1,0,4,53,14,100,0,no
org.apache.phoenix.memory.MemoryManagerTest,9,0,7,20,202,0,0,no
org.apache.phoenix.metrics.LoggingSink,3,0,3,16,20,66,0,no
org.apache.phoenix.metrics.Metrics,2,0,3,16,28,53,0,no
org.apache.phoenix.optimize.QueryOptimizer,35,0,13,26,227,89,0,yes
org.apache.phoenix.parse.AddColumnStatement,6,1,4,23,20,50,3,yes
org.apache.phoenix.parse.AddParseNode,5,0,2,25,13,0,3,yes
org.apache.phoenix.parse.AggregateFunctionParseNode,4,2,2,35,9,0,3,no
org.apache.phoenix.parse.AliasedNode,3,0,4,17,19,50,0,yes
org.apache.phoenix.parse.AlterIndexStatement,4,1,5,22,24,60,2,no
org.apache.phoenix.parse.AlterTableStatement,2,2,2,19,10,0,2,no
org.apache.phoenix.parse.AndParseNode,5,0,2,24,13,0,2,yes
org.apache.phoenix.parse.ArithmeticParseNode,1,5,1,23,5,0,2,yes
org.apache.phoenix.parse.ArrayAllComparisonNode,8,0,3,25,16,0,2,yes
org.apache.phoenix.parse.ArrayAnyComparisonNode,8,0,3,25,16,0,2,yes
org.apache.phoenix.parse.ArrayConstructorNode,5,0,2,24,13,0,2,yes
org.apache.phoenix.parse.ArrayElemRefNode,5,0,2,24,13,0,2,yes
org.apache.phoenix.parse.AvgAggregateParseNode,13,0,2,37,16,0,4,no
org.apache.phoenix.parse.BaseParseNodeVisitor,6,4,5,18,21,0,0,no
org.apache.phoenix.parse.BetweenParseNode,6,0,3,25,18,33,2,yes
org.apache.phoenix.parse.BinaryParseNode,2,3,3,25,11,0,2,no
org.apache.phoenix.parse.BindParseNode,5,0,5,28,22,40,3,yes
org.apache.phoenix.parse.BindTableNode,5,0,2,20,9,0,2,yes
org.apache.phoenix.parse.BooleanParseNodeVisitor,35,4,58,76,229,0,1,no
org.apache.phoenix.parse.BuiltInFunctionInfoTest,7,0,4,17,69,0,0,yes
org.apache.phoenix.parse.BuiltInFunctionInfoTest.BaseFunctionAdapter,3,3,4,52,17,50,3,yes
org.apache.phoenix.parse.BuiltInFunctionInfoTest.NoDefaultArgsFunction,1,0,1,53,5,0,4,yes
org.apache.phoenix.parse.BuiltInFunctionInfoTest.WithMultipleDefaultArgs,1,0,1,53,5,0,4,no
org.apache.phoenix.parse.BuiltInFunctionInfoTest.WithOneDefaultArg,1,0,1,53,5,0,4,yes
org.apache.phoenix.parse.CaseParseNode,5,0,2,24,13,0,2,yes
org.apache.phoenix.parse.CastParseNode,13,0,7,30,49,71,3,yes
org.apache.phoenix.parse.CeilParseNode,13,0,4,37,26,0,3,yes
org.apache.phoenix.parse.ColumnDef,12,0,12,25,114,82,0,yes
org.apache.phoenix.parse.ColumnFamilyDef,5,0,4,17,19,50,0,no
org.apache.phoenix.parse.ColumnName,4,0,14,27,63,57,0,no
org.apache.phoenix.parse.ColumnParseNode,6,0,10,33,47,66,3,yes
org.apache.phoenix.parse.ComparisonParseNode,5,6,4,29,15,0,3,yes
org.apache.phoenix.parse.CompoundParseNode,7,15,5,22,35,40,1,yes
org.apache.phoenix.parse.ConcreteTableNode,3,2,2,18,10,0,1,yes
org.apache.phoenix.parse.CreateIndexStatement,11,1,8,25,42,75,2,yes
org.apache.phoenix.parse.CreateSequenceStatement,5,1,11,25,57,81,1,no
org.apache.phoenix.parse.CreateTableStatement,10,1,11,25,57,81,1,no
org.apache.phoenix.parse.CurrentDateParseNode,8,0,2,35,9,0,3,no
org.apache.phoenix.parse.CurrentTimeParseNode,8,0,2,35,9,0,3,no
org.apache.phoenix.parse.DelegateConstantToCountParseNode,9,7,3,38,14,0,4,no
org.apache.phoenix.parse.DeleteStatement,9,1,8,26,41,75,3,no
org.apache.phoenix.parse.DerivedTableNode,6,0,3,19,14,33,1,yes
org.apache.phoenix.parse.DistinctCountParseNode,8,0,2,40,10,0,5,yes
org.apache.phoenix.parse.DivideParseNode,5,0,2,25,13,0,3,yes
org.apache.phoenix.parse.DMLStatement,1,2,1,18,5,0,2,no
org.apache.phoenix.parse.DropColumnStatement,3,1,3,22,15,33,3,no
org.apache.phoenix.parse.DropIndexStatement,4,1,6,20,27,66,1,no
org.apache.phoenix.parse.DropSequenceStatement,3,1,5,19,23,60,1,no
org.apache.phoenix.parse.DropTableStatement,4,1,7,21,32,71,1,no
org.apache.phoenix.parse.EqualParseNode,1,0,3,32,13,0,4,no
org.apache.phoenix.parse.ExistsParseNode,5,0,3,26,18,33,3,yes
org.apache.phoenix.parse.ExplainStatement,2,1,4,17,17,25,0,no
org.apache.phoenix.parse.FamilyWildcardParseNode,4,0,4,27,18,25,3,yes
org.apache.phoenix.parse.FirstValueAggregateParseNode,8,0,2,40,9,0,5,no
org.apache.phoenix.parse.FloorParseNode,12,0,4,37,24,0,3,yes
org.apache.phoenix.parse.FunctionParseNode,37,9,11,33,297,72,2,yes
org.apache.phoenix.parse.FunctionParseNode.BuiltInFunctionArgInfo,19,0,8,21,86,75,0,yes
org.apache.phoenix.parse.FunctionParseNode.BuiltInFunctionInfo,8,0,7,20,41,71,0,no
org.apache.phoenix.parse.GreaterThanOrEqualParseNode,1,0,3,32,13,0,4,no
org.apache.phoenix.parse.GreaterThanParseNode,1,0,3,32,13,0,4,no
org.apache.phoenix.parse.HintNode,7,0,9,22,82,77,0,yes
org.apache.phoenix.parse.IndexKeyConstraint,1,0,2,15,8,0,0,yes
org.apache.phoenix.parse.InListParseNode,9,0,3,25,25,33,2,yes
org.apache.phoenix.parse.InParseNode,5,0,3,28,18,33,3,yes
org.apache.phoenix.parse.IsNullParseNode,5,0,3,26,18,33,3,yes
org.apache.phoenix.parse.JoinTableNode,5,0,7,23,42,71,1,yes
org.apache.phoenix.parse.LastValueAggregateParseNode,8,0,2,40,9,0,5,no
org.apache.phoenix.parse.LessThanOrEqualParseNode,1,0,3,32,13,0,4,no
org.apache.phoenix.parse.LessThanParseNode,1,0,3,32,13,0,4,no
org.apache.phoenix.parse.LikeParseNode,6,0,4,29,24,50,3,yes
org.apache.phoenix.parse.LimitNode,3,0,3,16,15,0,0,yes
org.apache.phoenix.parse.LiteralParseNode,7,0,8,26,37,79,2,yes
org.apache.phoenix.parse.MaxAggregateParseNode,8,0,2,40,9,0,5,no
org.apache.phoenix.parse.MinAggregateParseNode,8,0,2,40,9,0,5,no
org.apache.phoenix.parse.ModulusParseNode,5,0,2,25,13,0,3,yes
org.apache.phoenix.parse.MultiplyParseNode,5,0,2,25,13,0,3,yes
org.apache.phoenix.parse.MutableStatement,2,6,1,14,6,0,0,no
org.apache.phoenix.parse.NamedNode,3,1,7,20,33,42,0,yes
org.apache.phoenix.parse.NamedParseNode,3,4,5,23,19,19,2,yes
org.apache.phoenix.parse.NamedTableNode,8,0,5,23,25,40,2,yes
org.apache.phoenix.parse.NotEqualParseNode,1,0,3,32,13,0,4,no
org.apache.phoenix.parse.NotParseNode,5,0,2,25,13,0,3,yes
org.apache.phoenix.parse.NthValueAggregateParseNode,8,0,2,40,9,0,5,no
org.apache.phoenix.parse.OrderByNode,3,0,5,18,23,40,0,yes
org.apache.phoenix.parse.OrParseNode,5,0,2,24,13,0,2,yes
org.apache.phoenix.parse.ParseContext,0,0,5,18,33,60,0,no
org.apache.phoenix.parse.ParseContext.Stack,2,0,4,17,15,0,0,no
org.apache.phoenix.parse.ParseException,1,0,4,53,13,0,0,no
org.apache.phoenix.parse.ParseNode,4,2,4,17,10,0,0,yes
org.apache.phoenix.parse.ParseNodeFactory,114,1,101,114,464,98,0,no
org.apache.phoenix.parse.ParseNodeFactory.BuiltInFunctionKey,2,0,4,17,30,12,0,yes
org.apache.phoenix.parse.ParseNodeRewriter,51,5,45,96,494,91,2,yes
org.apache.phoenix.parse.ParseNodeRewriter.TableNodeRewriter,10,0,6,19,32,66,0,yes
org.apache.phoenix.parse.PrimaryKeyConstraint,7,0,6,26,30,72,1,no
org.apache.phoenix.parse.PropertyName,3,0,4,17,16,50,0,no
org.apache.phoenix.parse.QueryParserTest,13,0,48,61,594,0,0,yes
org.apache.phoenix.parse.RoundParseNode,13,0,4,37,26,0,3,yes
org.apache.phoenix.parse.RowValueConstructorParseNode,5,0,2,24,13,0,2,yes
org.apache.phoenix.parse.SelectStatement,19,1,19,32,132,90,0,yes
org.apache.phoenix.parse.SelectStatementRewriter,17,0,17,113,124,76,3,yes
org.apache.phoenix.parse.SequenceValueParseNode,5,0,5,23,32,60,2,yes
org.apache.phoenix.parse.SingleTableStatement,2,5,3,17,15,33,1,no
org.apache.phoenix.parse.SQLParser,16,1,10,23,120,50,0,no
org.apache.phoenix.parse.SQLParser.CaseInsensitiveReaderStream,4,0,2,15,14,0,1,no
org.apache.phoenix.parse.StatelessTraverseAllParseNodeVisitor,29,3,25,76,105,0,2,no
org.apache.phoenix.parse.StringConcatParseNode,5,0,2,24,13,0,2,yes
org.apache.phoenix.parse.SubqueryParseNode,4,0,4,22,18,50,2,yes
org.apache.phoenix.parse.SubtractParseNode,5,0,2,25,13,0,3,yes
org.apache.phoenix.parse.SumAggregateParseNode,8,0,2,40,9,0,5,no
org.apache.phoenix.parse.TableName,4,0,8,21,57,37,0,yes
org.apache.phoenix.parse.TableNode,3,3,3,16,10,33,0,yes
org.apache.phoenix.parse.TableNode.accept,,,,,1,,,yes
org.apache.phoenix.parse.TableWildcardParseNode,4,0,5,28,22,60,3,no
org.apache.phoenix.parse.ToCharParseNode,12,0,2,35,31,0,3,yes
org.apache.phoenix.parse.ToDateParseNode,12,0,2,35,24,0,3,yes
org.apache.phoenix.parse.ToNumberParseNode,12,0,2,35,32,0,3,yes
org.apache.phoenix.parse.TraverseAllParseNodeVisitor,35,2,33,51,163,0,1,no
org.apache.phoenix.parse.TraverseNoParseNodeVisitor,35,1,56,74,226,0,1,no
org.apache.phoenix.parse.UnaryParseNode,1,5,1,23,5,0,2,no
org.apache.phoenix.parse.UnsupportedAllParseNodeVisitor,34,1,50,68,202,0,1,no
org.apache.phoenix.parse.UpdateStatisticsStatement,2,1,4,21,16,0,2,yes
org.apache.phoenix.parse.UpsertStatement,6,1,5,23,25,60,3,no
org.apache.phoenix.parse.WildcardParseNode,4,0,4,22,20,81,2,yes
org.apache.phoenix.pig.PhoenixHBaseLoader,17,0,15,28,143,87,1,yes
org.apache.phoenix.pig.PhoenixHBaseLoaderIT,26,0,17,30,393,64,0,yes
org.apache.phoenix.pig.PhoenixHBaseStorage,13,0,13,26,99,85,0,yes
org.apache.phoenix.pig.PhoenixHBaseStorerIT,15,0,8,75,175,31,2,no
org.apache.phoenix.pig.util.PhoenixPigSchemaUtil,13,0,2,15,34,50,0,yes
org.apache.phoenix.pig.util.PhoenixPigSchemaUtilTest,9,0,2,15,27,33,0,yes
org.apache.phoenix.pig.util.QuerySchemaParserFunction,22,0,3,16,58,50,0,yes
org.apache.phoenix.pig.util.QuerySchemaParserFunctionTest,9,0,6,75,53,55,2,yes
org.apache.phoenix.pig.util.SqlQueryToColumnInfoFunction,13,0,2,15,41,25,0,yes
org.apache.phoenix.pig.util.SqlQueryToColumnInfoFunctionTest,10,0,3,72,30,44,2,yes
org.apache.phoenix.pig.util.TableSchemaParserFunction,3,0,1,14,16,0,0,no
org.apache.phoenix.pig.util.TableSchemaParserFunctionTest,4,0,3,16,22,0,0,no
org.apache.phoenix.pig.util.TypeUtil,15,0,7,20,201,80,0,yes
org.apache.phoenix.protobuf.ProtobufUtil,16,0,12,25,68,0,0,no
org.apache.phoenix.query.BaseConnectionlessQueryTest,21,27,6,69,80,80,1,yes
org.apache.phoenix.query.BaseQueryServicesImpl,9,2,6,19,36,66,0,yes
org.apache.phoenix.query.BaseTest,49,8,50,63,1190,96,0,yes
org.apache.phoenix.query.ChildQueryServices,4,0,2,60,13,25,2,no
org.apache.phoenix.query.ConfigurationFactory.ConfigurationFactoryImpl,2,0,2,15,19,0,0,no
org.apache.phoenix.query.ConnectionlessQueryServicesImpl,55,0,40,60,338,92,1,yes
org.apache.phoenix.query.ConnectionlessTest,25,0,9,22,154,85,0,yes
org.apache.phoenix.query.ConnectionQueryServicesImpl,103,1,71,91,1747,94,1,yes
org.apache.phoenix.query.DelegateConnectionQueryServices,19,3,38,58,165,0,1,yes
org.apache.phoenix.query.DelegateQueryServices,6,3,7,20,29,0,0,no
org.apache.phoenix.query.HBaseFactoryProvider,8,0,3,16,15,66,0,no
org.apache.phoenix.query.HBaseFactoryProviderTest,7,0,3,16,17,0,0,no
org.apache.phoenix.query.HConnectionFactory.HConnectionFactoryImpl,2,0,1,14,5,0,0,no
org.apache.phoenix.query.HTableFactory.HTableFactoryImpl,4,0,1,14,6,0,0,yes
org.apache.phoenix.query.KeyRange,15,0,42,55,489,85,0,no
org.apache.phoenix.query.KeyRangeCoalesceTest,8,0,5,18,120,66,1,yes
org.apache.phoenix.query.KeyRangeIntersectTest,4,0,3,16,58,33,1,yes
org.apache.phoenix.query.KeyRangeUnionTest,4,0,3,16,58,33,1,yes
org.apache.phoenix.query.ParallelIteratorsSplitTest,38,0,12,81,297,85,2,yes
org.apache.phoenix.query.QueryPlanTest,12,0,3,72,167,0,2,yes
org.apache.phoenix.query.QueryServicesImpl,2,0,1,20,5,0,1,no
org.apache.phoenix.query.QueryServicesOptions,13,0,62,75,299,98,0,yes
org.apache.phoenix.query.QueryServicesTestImpl,5,0,3,22,53,66,1,no
org.apache.phoenix.schema.AmbiguousColumnException,4,0,3,60,15,50,0,no
org.apache.phoenix.schema.AmbiguousTableException,4,0,3,60,15,50,0,no
org.apache.phoenix.schema.ArgumentTypeMismatchException,5,0,2,59,10,50,0,yes
org.apache.phoenix.schema.ColumnAlreadyExistsException,4,0,4,61,24,65,0,no
org.apache.phoenix.schema.ColumnFamilyNotFoundException,4,0,2,60,13,50,1,no
org.apache.phoenix.schema.ColumnNotFoundException,4,0,5,63,27,72,1,no
org.apache.phoenix.schema.ColumnRef,18,1,12,25,85,50,0,yes
org.apache.phoenix.schema.ConcurrentTableMutationException,4,0,3,60,18,58,0,no
org.apache.phoenix.schema.ConstraintViolationException,1,1,4,53,14,100,0,yes
org.apache.phoenix.schema.DelegateColumn,5,2,10,30,41,0,1,yes
org.apache.phoenix.schema.DelegateDatum,4,2,7,20,29,0,0,no
org.apache.phoenix.schema.DelegateTable,21,1,41,54,166,0,0,yes
org.apache.phoenix.schema.EmptySequenceCacheException,4,0,2,59,11,75,0,no
org.apache.phoenix.schema.ExecuteQueryNotApplicableException,6,0,3,60,13,50,0,no
org.apache.phoenix.schema.ExecuteUpdateNotApplicableException,6,0,3,60,13,50,0,no
org.apache.phoenix.schema.IllegalDataException,1,1,4,57,14,100,1,yes
org.apache.phoenix.schema.KeyValueSchema,10,0,13,44,134,0,1,no
org.apache.phoenix.schema.KeyValueSchema.KeyValueSchemaBuilder,5,0,4,23,19,0,1,no
org.apache.phoenix.schema.LocalIndexDataColumnRef,19,0,4,29,34,41,1,yes
org.apache.phoenix.schema.MetaDataClient,113,0,41,54,1965,92,0,yes
org.apache.phoenix.schema.MetaDataEntityNotFoundException,1,4,1,58,6,100,0,no
org.apache.phoenix.schema.MetaDataSplitPolicy,3,0,1,14,13,0,1,no
org.apache.phoenix.schema.NewerTableAlreadyExistsException,2,0,3,67,14,66,1,no
org.apache.phoenix.schema.PBaseColumn,3,4,4,17,18,0,0,no
org.apache.phoenix.schema.PColumnFamilyImpl,8,0,6,19,52,66,0,no
org.apache.phoenix.schema.PColumnImpl,12,0,21,34,191,86,0,yes
org.apache.phoenix.schema.PDataTypeForArraysTest,16,0,61,74,993,0,0,yes
org.apache.phoenix.schema.PDateColumn,2,0,1,18,6,0,1,yes
org.apache.phoenix.schema.PIntegerColumn,2,0,1,18,6,0,1,yes
org.apache.phoenix.schema.PLongColumn,2,1,1,18,6,0,1,yes
org.apache.phoenix.schema.PMetaDataImpl,18,0,12,25,331,0,0,no
org.apache.phoenix.schema.PMetaDataImpl.PTableCache,10,0,15,28,120,76,0,yes
org.apache.phoenix.schema.PMetaDataImpl.PTableRef,1,0,3,16,16,33,0,no
org.apache.phoenix.schema.PMetaDataImplTest,12,0,5,18,78,0,0,no
org.apache.phoenix.schema.PMetaDataImplTest.PSizedTable,2,0,3,76,15,33,1,no
org.apache.phoenix.schema.PMetaDataImplTest.TestTimeKeeper,1,0,1,14,6,0,0,no
org.apache.phoenix.schema.PNameFactory,6,0,6,19,28,0,0,no
org.apache.phoenix.schema.PNameImpl,5,0,9,22,62,11,0,no
org.apache.phoenix.schema.PNameImpl.PNameImplData,2,0,1,14,7,100,0,no
org.apache.phoenix.schema.PStringColumn,2,0,1,18,6,0,1,yes
org.apache.phoenix.schema.PTableImpl,59,1,60,73,816,95,0,yes
org.apache.phoenix.schema.PTableImpl.PRowImpl,20,0,7,20,100,55,0,yes
org.apache.phoenix.schema.PTableKey,3,0,6,19,39,16,0,no
org.apache.phoenix.schema.ReadOnlyTableException,4,0,4,61,20,50,0,no
org.apache.phoenix.schema.RowKeySchema,6,0,15,46,186,100,1,no
org.apache.phoenix.schema.RowKeySchema.RowKeySchemaBuilder,5,0,3,22,16,0,1,yes
org.apache.phoenix.schema.RowKeySchemaTest,25,0,9,78,97,0,2,no
org.apache.phoenix.schema.RowKeyValueAccessor,13,0,11,24,112,43,0,no
org.apache.phoenix.schema.RowKeyValueAccessorTest,20,0,4,73,44,0,2,no
org.apache.phoenix.schema.SaltingUtil,13,0,7,20,79,97,0,yes
org.apache.phoenix.schema.SaltingUtilTest,2,0,2,15,16,0,0,no
org.apache.phoenix.schema.SchemaUtilTest,4,0,6,19,44,0,0,no
org.apache.phoenix.schema.Sequence,32,0,34,47,385,93,0,yes
org.apache.phoenix.schema.Sequence.SequenceValue,6,0,5,18,51,62,0,yes
org.apache.phoenix.schema.SequenceAlreadyExistsException,4,0,3,60,18,58,0,no
org.apache.phoenix.schema.SequenceInfo,0,0,1,14,17,0,0,no
org.apache.phoenix.schema.SequenceKey,5,0,8,21,54,56,0,no
org.apache.phoenix.schema.SequenceNotFoundException,4,0,4,62,21,68,1,no
org.apache.phoenix.schema.SortOrderTest,3,0,8,21,80,0,0,yes
org.apache.phoenix.schema.StaleRegionBoundaryCacheException,5,0,4,61,17,87,0,no
org.apache.phoenix.schema.stats.GuidePostsInfo,10,0,7,20,97,53,0,yes
org.apache.phoenix.schema.stats.PTableStatsImpl,11,0,6,19,56,61,0,no
org.apache.phoenix.schema.stats.StatisticsCollector,20,0,14,27,140,76,0,yes
org.apache.phoenix.schema.stats.StatisticsScanner,8,0,5,18,79,53,0,yes
org.apache.phoenix.schema.stats.StatisticsUtil,15,0,6,19,76,100,0,yes
org.apache.phoenix.schema.stats.StatisticsWriter,18,0,10,23,139,60,0,yes
org.apache.phoenix.schema.TableAlreadyExistsException,5,1,7,64,32,80,0,no
org.apache.phoenix.schema.TableNotFoundException,4,0,7,65,32,74,1,no
org.apache.phoenix.schema.TableRef,10,1,14,27,86,72,0,yes
org.apache.phoenix.schema.tuple.BaseTuple,2,6,1,14,6,0,0,no
org.apache.phoenix.schema.tuple.DelegateTuple,1,1,8,21,34,0,0,no
org.apache.phoenix.schema.tuple.MultiKeyValueTuple,5,0,10,24,45,40,1,no
org.apache.phoenix.schema.tuple.ResultTuple,5,0,11,25,68,27,1,no
org.apache.phoenix.schema.tuple.SingleKeyValueTuple,7,0,14,28,73,61,1,no
org.apache.phoenix.schema.TypeMismatchException,5,0,6,63,22,91,0,no
org.apache.phoenix.schema.ValueBitSet,5,0,15,28,120,60,0,yes
org.apache.phoenix.schema.ValueBitSetTest,6,0,6,19,150,0,0,no
org.apache.phoenix.schema.ValueRangeExcpetion,4,0,1,58,7,50,0,no
org.apache.phoenix.schema.ValueSchema,11,2,18,31,284,78,0,no
org.apache.phoenix.schema.ValueSchema.Field,10,0,15,28,110,55,0,no
org.apache.phoenix.schema.ValueSchema.ValueSchemaBuilder,9,2,6,19,36,61,0,no
org.apache.phoenix.trace.BaseTracingTestIT,28,3,8,75,78,0,2,no
org.apache.phoenix.trace.DelegatingConnection,20,1,55,68,227,0,0,no
org.apache.phoenix.trace.DisableableMetricsWriter,5,0,8,21,42,50,0,no
org.apache.phoenix.trace.MetricsInfoImpl,2,0,6,19,28,16,0,no
org.apache.phoenix.trace.PhoenixMetricsSink,20,0,11,24,151,80,0,no
org.apache.phoenix.trace.PhoenixTableMetricsWriterIT,12,0,2,77,52,0,3,no
org.apache.phoenix.trace.PhoenixTagImpl,2,0,1,14,4,0,1,no
org.apache.phoenix.trace.PhoenixTraceReaderIT,19,0,5,80,91,80,3,no
org.apache.phoenix.trace.PhoenixTracingEndToEndIT,24,0,12,87,273,75,3,yes
org.apache.phoenix.trace.PhoenixTracingEndToEndIT.CountDownConnection,4,0,2,70,12,0,1,no
org.apache.phoenix.trace.PhoenixTracingEndToEndIT.TraceChecker,2,5,2,15,8,0,0,no
org.apache.phoenix.trace.TraceMetricSource,13,0,5,18,72,73,0,no
org.apache.phoenix.trace.TraceMetricSource.Metric,4,0,3,16,16,66,0,no
org.apache.phoenix.trace.TraceMetricsSourceTest,3,0,5,18,35,0,0,no
org.apache.phoenix.trace.TraceReader,24,0,7,20,264,71,0,no
org.apache.phoenix.trace.TraceReader.SpanInfo,6,0,6,19,81,61,0,no
org.apache.phoenix.trace.TraceReader.TraceHolder,9,0,3,16,39,44,0,no
org.apache.phoenix.trace.TracingIterator,4,0,4,22,24,25,1,no
org.apache.phoenix.trace.TracingTestUtil,1,0,1,14,5,0,0,no
org.apache.phoenix.trace.TracingUtils,3,0,4,17,17,91,0,no
org.apache.phoenix.trace.util.ConfigurationAdapter,1,2,1,14,22,0,0,no
org.apache.phoenix.trace.util.ConfigurationAdapter.ConnectionConfigurationAdapter,5,0,2,16,9,0,1,no
org.apache.phoenix.trace.util.ConfigurationAdapter.HadoopConfigConfigurationAdapter,2,0,2,16,9,0,1,no
org.apache.phoenix.trace.util.NullSpan,5,0,16,29,62,93,0,no
org.apache.phoenix.trace.util.Tracing,20,0,11,24,131,95,0,no
org.apache.phoenix.trace.util.Tracing.TracingWrapper,4,0,3,16,16,33,0,yes
org.apache.phoenix.util.AssertResults,10,0,4,17,71,100,0,no
org.apache.phoenix.util.AssertResults.NoopAssertingIterator,3,0,2,15,8,0,0,no
org.apache.phoenix.util.AssertResults.ResultAssertingIterator,5,0,3,16,15,0,0,no
org.apache.phoenix.util.AssertResults.UnorderedResultAssertingIterator,7,0,3,16,21,33,0,no
org.apache.phoenix.util.Base62Encoder,3,0,3,16,67,66,0,no
org.apache.phoenix.util.Base62EncoderTest,3,0,1,14,19,0,0,no
org.apache.phoenix.util.BigDecimalUtil,3,0,1,14,29,0,0,no
org.apache.phoenix.util.BitSet,5,0,12,25,80,68,0,no
org.apache.phoenix.util.ByteUtil,21,0,33,46,396,100,0,no
org.apache.phoenix.util.ByteUtilTest,3,0,3,16,37,0,0,yes
org.apache.phoenix.util.Closeables,6,0,4,17,77,75,0,no
org.apache.phoenix.util.Closeables.MultipleCausesIOException,7,0,4,52,43,66,0,no
org.apache.phoenix.util.ColumnInfo,6,0,9,22,56,51,0,no
org.apache.phoenix.util.ColumnInfoTest,8,0,3,16,21,0,0,no
org.apache.phoenix.util.ConfigUtil,1,0,1,14,12,0,0,no
org.apache.phoenix.util.csv.CsvUpsertExecutor,21,0,6,19,110,66,0,yes
org.apache.phoenix.util.csv.CsvUpsertExecutor.ArrayDatatypeConversionFunction,5,0,2,15,14,0,0,no
org.apache.phoenix.util.csv.CsvUpsertExecutor.SimpleDatatypeConversionFunction,3,0,2,15,10,0,0,yes
org.apache.phoenix.util.csv.CsvUpsertExecutorTest,17,0,8,77,78,50,2,yes
org.apache.phoenix.util.csv.StringToArrayConverter,6,0,2,15,35,0,0,yes
org.apache.phoenix.util.csv.StringToArrayConverterTest,6,0,6,75,41,41,2,yes
org.apache.phoenix.util.CSVCommonsLoader,36,0,11,24,275,80,0,no
org.apache.phoenix.util.CSVCommonsLoader.CsvUpsertListener,6,0,4,17,30,50,0,no
org.apache.phoenix.util.DateUtil,13,0,13,26,106,92,0,yes
org.apache.phoenix.util.DateUtilTest,8,0,10,23,69,70,0,yes
org.apache.phoenix.util.ExpressionUtil,12,0,5,18,28,80,0,no
org.apache.phoenix.util.FirstLastNthValueDataContainer,8,0,9,22,100,71,0,no
org.apache.phoenix.util.GeneratePerformanceData,12,0,1,14,35,0,0,no
org.apache.phoenix.util.IndexUtil,50,0,24,37,391,85,0,yes
org.apache.phoenix.util.IndexUtilTest,5,0,3,16,118,0,0,yes
org.apache.phoenix.util.InstanceResolver,5,0,3,16,25,66,0,no
org.apache.phoenix.util.JDBCUtil,14,0,8,21,75,0,0,yes
org.apache.phoenix.util.JDBCUtilTest,6,0,3,16,33,0,0,yes
org.apache.phoenix.util.KeyValueUtil,6,0,8,21,122,0,0,no
org.apache.phoenix.util.KeyValueUtil.SearchComparator,2,0,2,15,34,0,0,no
org.apache.phoenix.util.LikeExpressionTest,2,0,1,14,11,0,0,no
org.apache.phoenix.util.LogUtil,3,0,4,17,25,0,0,no
org.apache.phoenix.util.LogUtilTest,3,0,3,16,22,33,0,no
org.apache.phoenix.util.MetaDataUtil,29,0,44,57,264,98,0,yes
org.apache.phoenix.util.MetaDataUtilTest,11,0,4,17,52,0,0,yes
org.apache.phoenix.util.MinVersionTestRunner,9,0,2,15,22,0,1,no
org.apache.phoenix.util.NumberUtil,4,0,2,15,17,100,0,no
org.apache.phoenix.util.PhoenixContextExecutor,7,0,3,16,35,0,0,no
org.apache.phoenix.util.PhoenixContextExecutor.CurrentContextWrapper,5,0,2,15,13,0,0,no
org.apache.phoenix.util.PhoenixContextExecutorTest,5,0,1,14,21,0,0,no
org.apache.phoenix.util.PhoenixEncodeDecodeTest,9,0,5,74,31,0,2,no
org.apache.phoenix.util.PhoenixRuntime,62,0,28,41,541,98,0,yes
org.apache.phoenix.util.PhoenixRuntime.ExecutionCommand,8,0,13,26,142,84,0,yes
org.apache.phoenix.util.PhoenixRuntimeTest,17,0,3,72,84,0,2,yes
org.apache.phoenix.util.PropertiesUtil,2,0,2,15,11,0,0,no
org.apache.phoenix.util.PropertiesUtilTest,7,0,3,16,20,0,0,no
org.apache.phoenix.util.QueryUtil,22,0,12,25,144,95,0,yes
org.apache.phoenix.util.QueryUtilTest,9,0,7,20,59,71,0,yes
org.apache.phoenix.util.ReadOnlyProps,19,0,19,32,162,84,0,yes
org.apache.phoenix.util.ResultUtil,5,0,15,28,100,100,0,no
org.apache.phoenix.util.ScanUtil,31,0,37,50,412,97,0,yes
org.apache.phoenix.util.ScanUtilTest,13,0,4,17,261,55,0,yes
org.apache.phoenix.util.SchemaUtil,41,0,60,73,462,99,0,yes
org.apache.phoenix.util.SequenceUtil,7,0,3,16,26,0,0,no
org.apache.phoenix.util.SequenceUtilTest,3,0,8,21,37,16,0,no
org.apache.phoenix.util.ServerUtil,19,0,12,25,106,91,0,no
org.apache.phoenix.util.SizedUtil,0,0,5,18,36,85,0,no
org.apache.phoenix.util.SQLCloseables,5,0,3,16,65,0,0,no
org.apache.phoenix.util.SQLCloseables.MultipleCausesSQLException,7,0,4,61,43,66,0,no
org.apache.phoenix.util.StringUtil,11,0,18,31,205,94,0,yes
org.apache.phoenix.util.StringUtilTest,3,0,5,18,24,0,0,no
org.apache.phoenix.util.TestUtil,59,0,44,57,360,99,0,yes
org.apache.phoenix.util.TrustedByteArrayOutputStream,3,0,4,38,23,0,0,no
org.apache.phoenix.util.TupleUtil,14,0,7,20,85,0,0,no
org.apache.phoenix.util.UpgradeUtil,24,0,9,22,311,77,0,yes
phoenix-core-src-it-java-org-apache-hadoop-hbase-regionserver-wal-ReadWriteKeyValuesWithCodecIT-ReadWriteKeyValuesWithCodecIT.java,8,0,7,20,96,66,0,no
phoenix-core-src-it-java-org-apache-phoenix-hbase-index-balancer-IndexLoadBalancerIT-IndexLoadBalancerIT.java,13,0,15,28,387,26,0,no
phoenix-core-src-it-java-org-apache-phoenix-hbase-index-covered-EndToEndCoveredColumnsIndexBuilderIT-EndToEndCoveredColumnsIndexBuilderIT.java,23,0,7,20,174,69,0,no
phoenix-core-src-it-java-org-apache-phoenix-hbase-index-covered-EndToEndCoveredColumnsIndexBuilderIT-ListMatchingVerifier.java,11,0,2,15,30,0,0,yes
phoenix-core-src-it-java-org-apache-phoenix-hbase-index-covered-EndToEndCoveredColumnsIndexBuilderIT-TestState.java,1,0,1,14,10,0,0,no
phoenix-core-src-it-java-org-apache-phoenix-hbase-index-covered-EndToEndCoveredColumnsIndexBuilderIT-VerifyingIndexCodec.java,6,0,3,26,17,66,2,no
phoenix-core-src-it-java-org-apache-phoenix-hbase-index-covered-example-EndToEndCoveredIndexingIT-EndToEndCoveredIndexingIT.java,18,1,18,31,488,59,0,no
phoenix-core-src-it-java-org-apache-phoenix-hbase-index-covered-example-EndtoEndIndexingWithCompressionIT-EndtoEndIndexingWithCompressionIT.java,6,0,1,32,12,0,1,no
phoenix-core-src-it-java-org-apache-phoenix-hbase-index-covered-example-FailWithoutRetriesIT-FailingTestCodec.java,7,0,2,18,11,0,1,no
phoenix-core-src-it-java-org-apache-phoenix-hbase-index-covered-example-FailWithoutRetriesIT-FailWithoutRetriesIT.java,13,0,4,17,62,50,0,no
phoenix-core-src-it-java-org-apache-phoenix-hbase-index-FailForUnsupportedHBaseVersionsIT-FailForUnsupportedHBaseVersionsIT.java,12,0,2,15,68,50,0,no
phoenix-core-src-it-java-org-apache-phoenix-mapreduce-CsvBulkLoadToolIT-CsvBulkLoadToolIT.java,35,0,13,26,284,81,1,yes
